<69deathsquad>
    <dir>
        <title>The Steve Austin Show</title>
        <podcastone>pcoshow/Steve-Austin-Show</podcastone>
        <thumbnail>special://home/addons/plugin.audio.69podcastone/resources/media/stonecold.png</thumbnail>
    </dir>

    <dir>
        <title>Cold Case Files</title>
        <podcastone>pcoshow/cold-case-files-the-podcast</podcastone>
        <thumbnail>special://home/addons/plugin.audio.69podcastone/resources/media/coldcase.png</thumbnail>
    </dir>

    <dir>
        <title>Grumpy Old Geeks</title>
        <podcastone>pcoshow/grumpy-old-geeks</podcastone>
        <thumbnail>special://home/addons/plugin.audio.69podcastone/resources/media/gog.png</thumbnail>
    </dir>

    <dir>
        <title>The Serial Killer Podcast</title>
        <podcastone>pcoshow/the-serial-killer-podcast</podcastone>
        <thumbnail>special://home/addons/plugin.audio.69podcastone/resources/media/skp.png</thumbnail>
    </dir>

    <dir>
        <title>Legends of Sport</title>
        <podcastone>pcoshow/legends-of-sport-with-andrew-d-bernstein</podcastone>
        <thumbnail>special://home/addons/plugin.audio.69podcastone/resources/media/legendsofsport.png</thumbnail>
    </dir>

    <dir>
        <title>Forked Up - A Thug Kitchen Podcast</title>
        <podcastone>pcoshow/forked-up-a-thug-kitchen-podcast</podcastone>
        <thumbnail>special://home/addons/plugin.audio.69podcastone/resources/media/forked.png</thumbnail>
    </dir>

    <dir>
        <title>The Dennis Miller Option</title>
        <podcastone>pcoshow/the-dennis-miller-option</podcastone>
        <thumbnail>special://home/addons/plugin.audio.69podcastone/resources/media/dmiller.png</thumbnail>
    </dir>

    <dir>
        <title>Brews and Beatdowns with Matt Cooper</title>
        <podcastone>pcoshow/brews-and-beatdowns-with-matt-cooper</podcastone>
        <thumbnail>special://home/addons/plugin.audio.69podcastone/resources/media/bab.png</thumbnail>
    </dir>

    <dir>
        <title>All Things Streaming</title>
        <podcastone>pcoshow/all-things-streaming</podcastone>
        <thumbnail>special://home/addons/plugin.audio.69podcastone/resources/media/ats.png</thumbnail>
    </dir>

    <dir>
        <title>Reasonable Doubt</title>
        <podcastone>pcoshow/reasonable-doubt</podcastone>
        <thumbnail>special://home/addons/plugin.audio.69podcastone/resources/media/rd.png</thumbnail>
    </dir>
</69deathsquad>
