<?xml version="1.0" encoding="UTF-8" standalone="yes"?>
<addon id="resource.images.tantrumicons" name="Tantrum.TV Icon Collection" version="1.0.3" provider-name="MuadDib">
    <extension point="kodi.resource.images" compile="false" type="icons" />
    <requires>
        <import addon="kodi.resource" version="1.0.0"/>
    </requires>
    <extension point="xbmc.addon.metadata">
        <summary lang="en">Tantrum.TV Icon Image Set</summary>
        <description lang="en">This is an image set used by the Tantrum.TV Themes</description>
        <disclaimer lang="en">The author does not own or host any content found within this Addon. The author is not connected to or in any other way affiliated with Kodi, Team Kodi, or the XBMC Foundation.</disclaimer>
        <platform>all</platform>
    </extension>
</addon>
