<item>
    <title>Elf</title>
    <meta>
        <imdb>tt0319343</imdb>
        <content>movie</content>
        <title>Elf</title>
        <year>2003</year>
    </meta>
    <link>
        <sublink>search</sublink>
        <sublink>searchsd</sublink>
    </link>
    <thumbnail>https://image.tmdb.org/t/p/w1280//9jChHqqcpe0zHNTqkNqWZkwkgil.jpg</thumbnail>
    <fanart>https://image.tmdb.org/t/p/w1280//jRzrQ7Thcjpetr0n8B6w980eZet.jpg</fanart>
</item>
<item>
    <title>Scrooged</title>
    <meta>
        <imdb>tt0096061</imdb>
        <content>movie</content>
        <title>Scrooged</title>
        <year>1988</year>
    </meta>
    <link>
        <sublink>search</sublink>
        <sublink>searchsd</sublink>
    </link>
    <thumbnail>https://image.tmdb.org/t/p/w1280//9gUQPVt0QZYKUBrGGtknfrsRQ1c.jpg</thumbnail>
    <fanart>https://image.tmdb.org/t/p/w1280//6xezVJoUp0cZUBQeIDpW6lFuhcd.jpg</fanart>
</item>
<item>
    <title>Miracle on 34th Street</title>
    <meta>
        <imdb>tt0039628</imdb>
        <content>movie</content>
        <title>Miracle on 34th Street</title>
        <year>1947</year>
    </meta>
    <link>
        <sublink>search</sublink>
        <sublink>searchsd</sublink>
    </link>
    <thumbnail>https://image.tmdb.org/t/p/w1280//v9rDydAqGrhFtXpvMXjVDmw7atZ.jpg</thumbnail>
    <fanart>https://image.tmdb.org/t/p/w1280//i90947b0zLbH1P4qjAxqiQdRfiZ.jpg</fanart>
</item>
<item>
    <title>The Ref</title>
    <meta>
        <imdb>tt0110955</imdb>
        <content>movie</content>
        <title>The Ref</title>
        <year>1994</year>
    </meta>
    <link>
        <sublink>search</sublink>
        <sublink>searchsd</sublink>
    </link>
    <thumbnail>https://image.tmdb.org/t/p/w1280//njp8Vyx77uCJsGIwnIfu4zfBwFR.jpg</thumbnail>
    <fanart>https://image.tmdb.org/t/p/w1280//ljblILSnJIR3WVp15y3aTpMleBn.jpg</fanart>
</item>
<item>
    <title>Love Actually</title>
    <meta>
        <imdb>tt0314331</imdb>
        <content>movie</content>
        <title>Love Actually</title>
        <year>2003</year>
    </meta>
    <link>
        <sublink>search</sublink>
        <sublink>searchsd</sublink>
    </link>
    <thumbnail>https://image.tmdb.org/t/p/w1280//kfX8Ctin3fSZbdnjh6CXSNZUOVP.jpg</thumbnail>
    <fanart>https://image.tmdb.org/t/p/w1280//cgHEM9JuK7XhZXJsLHCnJmu5uQr.jpg</fanart>
</item>
<item>
    <title>The Santa Clause 3: The Escape Clause</title>
    <meta>
        <imdb>tt0452681</imdb>
        <content>movie</content>
        <title>The Santa Clause 3: The Escape Clause</title>
        <year>2006</year>
    </meta>
    <link>
        <sublink>search</sublink>
        <sublink>searchsd</sublink>
    </link>
    <thumbnail>https://image.tmdb.org/t/p/w1280//kvKXyrc3cUGqXin2u76Ef8lApMI.jpg</thumbnail>
    <fanart>https://image.tmdb.org/t/p/w1280//6gf8mPXSBWHN4owzSSy5ivJsZGb.jpg</fanart>
</item>
<item>
    <title>Christmas with the Kranks</title>
    <meta>
        <imdb>tt0388419</imdb>
        <content>movie</content>
        <title>Christmas with the Kranks</title>
        <year>2004</year>
    </meta>
    <link>
        <sublink>search</sublink>
        <sublink>searchsd</sublink>
    </link>
    <thumbnail>https://image.tmdb.org/t/p/w1280//7wF5Du5D6xLZiEfDYY2uawIAPeJ.jpg</thumbnail>
    <fanart>https://image.tmdb.org/t/p/w1280//cuH95R2FJ2gxZBj8lEUElxShy15.jpg</fanart>
</item>
<item>
    <title>Four Christmases</title>
    <meta>
        <imdb>tt0369436</imdb>
        <content>movie</content>
        <title>Four Christmases</title>
        <year>2008</year>
    </meta>
    <link>
        <sublink>search</sublink>
        <sublink>searchsd</sublink>
    </link>
    <thumbnail>https://image.tmdb.org/t/p/w1280//ybEq3gB5lxPwLRwpbZhAwRyziQx.jpg</thumbnail>
    <fanart>https://image.tmdb.org/t/p/w1280//cmJxsKrIwTr3b3sQaQFby2eVIAz.jpg</fanart>
</item>
<item>
    <title>National Lampoon's Christmas Vacation</title>
    <meta>
        <imdb>tt0097958</imdb>
        <content>movie</content>
        <title>National Lampoon's Christmas Vacation</title>
        <year>1989</year>
    </meta>
    <link>
        <sublink>search</sublink>
        <sublink>searchsd</sublink>
    </link>
    <thumbnail>https://image.tmdb.org/t/p/w1280//uh2sQFjRXCwexWcBtV7OEnL1c5G.jpg</thumbnail>
    <fanart>https://image.tmdb.org/t/p/w1280//o5yflApN9GuOkmnv6O9l4z83U5F.jpg</fanart>
</item>
<item>
    <title>Noel</title>
    <meta>
        <imdb>tt0383534</imdb>
        <content>movie</content>
        <title>Noel</title>
        <year>2004</year>
    </meta>
    <link>
        <sublink>search</sublink>
        <sublink>searchsd</sublink>
    </link>
    <thumbnail>https://image.tmdb.org/t/p/w1280//5VF9qTyvfsKqvATm3sNSmZvj9ho.jpg</thumbnail>
    <fanart>https://image.tmdb.org/t/p/w1280//hQchuTIA3qmSCrsjhdH6jbjXCLj.jpg</fanart>
</item>
<item>
    <title>A Christmas Proposal</title>
    <meta>
        <imdb>tt1284976</imdb>
        <content>movie</content>
        <title>A Christmas Proposal</title>
        <year>2008</year>
    </meta>
    <link>
        <sublink>search</sublink>
        <sublink>searchsd</sublink>
    </link>
    <thumbnail>https://image.tmdb.org/t/p/w1280//kaqYasmrPMKLUqbUwoMSeOXwfIw.jpg</thumbnail>
    <fanart>https://image.tmdb.org/t/p/w1280//cvFbOxTDdxQzNOnbGETZgmbhSV9.jpg</fanart>
</item>
<item>
    <title>Miracle on 34th Street</title>
    <meta>
        <imdb>tt0110527</imdb>
        <content>movie</content>
        <title>Miracle on 34th Street</title>
        <year>1994</year>
    </meta>
    <link>
        <sublink>search</sublink>
        <sublink>searchsd</sublink>
    </link>
    <thumbnail>https://image.tmdb.org/t/p/w1280//iuI31j8DM4TOxJTZeumG0S4npPU.jpg</thumbnail>
    <fanart>https://image.tmdb.org/t/p/w1280//5Vt7uCfZjqoBN8gPPPf6qHjFy9A.jpg</fanart>
</item>
<item>
    <title>Joyeux Noel</title>
    <meta>
        <imdb>tt0424205</imdb>
        <content>movie</content>
        <title>Joyeux Noel</title>
        <year>2005</year>
    </meta>
    <link>
        <sublink>search</sublink>
        <sublink>searchsd</sublink>
    </link>
    <thumbnail>https://image.tmdb.org/t/p/w1280//9Ka8lKCIiWjnZiMslPQeakS5UhW.jpg</thumbnail>
    <fanart>https://image.tmdb.org/t/p/w1280//tcrrE9vjnenDxOZrbCcY4V7LdVw.jpg</fanart>
</item>
<item>
    <title>The Santa Clause</title>
    <meta>
        <imdb>tt0111070</imdb>
        <content>movie</content>
        <title>The Santa Clause</title>
        <year>1994</year>
    </meta>
    <link>
        <sublink>search</sublink>
        <sublink>searchsd</sublink>
    </link>
    <thumbnail>https://image.tmdb.org/t/p/w1280//hrZjAYAF1o37k4Qb442c4yxwVLw.jpg</thumbnail>
    <fanart>https://image.tmdb.org/t/p/w1280//rcQZmnhcb6P4mkgJAHnCYp3c1gp.jpg</fanart>
</item>
<item>
    <title>Trading Places</title>
    <meta>
        <imdb>tt0086465</imdb>
        <content>movie</content>
        <title>Trading Places</title>
        <year>1983</year>
    </meta>
    <link>
        <sublink>search</sublink>
        <sublink>searchsd</sublink>
    </link>
    <thumbnail>https://image.tmdb.org/t/p/w1280//zXX8EEAFoe0EKySuZ00Ku55iefh.jpg</thumbnail>
    <fanart>https://image.tmdb.org/t/p/w1280//yV7ty8IThfkQ5hzNwZH1krj86PR.jpg</fanart>
</item>
<item>
    <title>The Family Man</title>
    <meta>
        <imdb>tt0218967</imdb>
        <content>movie</content>
        <title>The Family Man</title>
        <year>2000</year>
    </meta>
    <link>
        <sublink>search</sublink>
        <sublink>searchsd</sublink>
    </link>
    <thumbnail>https://image.tmdb.org/t/p/w1280//9iyQxVjLgFW0ztYKRxnEFtpVTSw.jpg</thumbnail>
    <fanart>https://image.tmdb.org/t/p/w1280//2wCGvIfbY3skp3T1YAvRC4v17or.jpg</fanart>
</item>
<item>
    <title>The Shop Around the Corner</title>
    <meta>
        <imdb>tt0033045</imdb>
        <content>movie</content>
        <title>The Shop Around the Corner</title>
        <year>1940</year>
    </meta>
    <link>
        <sublink>search</sublink>
        <sublink>searchsd</sublink>
    </link>
    <thumbnail>https://image.tmdb.org/t/p/w1280//avHj8x3T21dYIGrnx55I57PxdEo.jpg</thumbnail>
    <fanart>https://image.tmdb.org/t/p/w1280//rNRtWT8HtKm0N1qjYI571ettUZk.jpg</fanart>
</item>
<item>
    <title>I'll Be Home for Christmas</title>
    <meta>
        <imdb>tt0155753</imdb>
        <content>movie</content>
        <title>I'll Be Home for Christmas</title>
        <year>1998</year>
    </meta>
    <link>
        <sublink>search</sublink>
        <sublink>searchsd</sublink>
    </link>
    <thumbnail>https://image.tmdb.org/t/p/w1280//j8fIMRp8SHSzCGPaoaFSIVNrsiE.jpg</thumbnail>
    <fanart>https://image.tmdb.org/t/p/w1280//2fP8yZHl3FxJUouMCTBqTnSUrno.jpg</fanart>
</item>
<item>
    <title>Christmas Story</title>
    <meta>
        <imdb>tt0772176</imdb>
        <content>movie</content>
        <title>Christmas Story</title>
        <year>2007</year>
    </meta>
    <link>
        <sublink>search</sublink>
        <sublink>searchsd</sublink>
    </link>
    <thumbnail>https://image.tmdb.org/t/p/w1280//A6w3rV01CJoKhX60XwIMx45ecHZ.jpg</thumbnail>
    <fanart>https://image.tmdb.org/t/p/w1280//sV3YUZSGeMwAmcIlDrTJ9sOmyCG.jpg</fanart>
</item>
<item>
    <title>Mixed Nuts</title>
    <meta>
        <imdb>tt0110538</imdb>
        <content>movie</content>
        <title>Mixed Nuts</title>
        <year>1994</year>
    </meta>
    <link>
        <sublink>search</sublink>
        <sublink>searchsd</sublink>
    </link>
    <thumbnail>https://image.tmdb.org/t/p/w1280//q4kYWVXsPhD23XhGCBaWHoEITHC.jpg</thumbnail>
    <fanart>https://image.tmdb.org/t/p/w1280//jLF2DNwkPg9yedAcBTh3b69K61O.jpg</fanart>
</item>
<item>
    <title>The Santa Clause 2</title>
    <meta>
        <imdb>tt0304669</imdb>
        <content>movie</content>
        <title>The Santa Clause 2</title>
        <year>2002</year>
    </meta>
    <link>
        <sublink>search</sublink>
        <sublink>searchsd</sublink>
    </link>
    <thumbnail>https://image.tmdb.org/t/p/w1280//i7tbiDPIaa4VsQh1wWmbkY4zTRX.jpg</thumbnail>
    <fanart>https://image.tmdb.org/t/p/w1280//mwbooc3CGllnnaDU3CLuLSc9XV7.jpg</fanart>
</item>
<item>
    <title>Home Alone 3</title>
    <meta>
        <imdb>tt0119303</imdb>
        <content>movie</content>
        <title>Home Alone 3</title>
        <year>1997</year>
    </meta>
    <link>
        <sublink>search</sublink>
        <sublink>searchsd</sublink>
    </link>
    <thumbnail>https://image.tmdb.org/t/p/w1280//z6ugEdjGuY4qcX1ymdV2CTVSvKN.jpg</thumbnail>
    <fanart>https://image.tmdb.org/t/p/w1280//gt8Pe0H2kdm99yuHYDs8goKbTkn.jpg</fanart>
</item>
<item>
    <title>Jack Frost</title>
    <meta>
        <imdb>tt0141109</imdb>
        <content>movie</content>
        <title>Jack Frost</title>
        <year>1998</year>
    </meta>
    <link>
        <sublink>search</sublink>
        <sublink>searchsd</sublink>
    </link>
    <thumbnail>https://image.tmdb.org/t/p/w1280//cPmO5VZhqN4ocrgxjGaFmLeMREv.jpg</thumbnail>
    <fanart>https://image.tmdb.org/t/p/w1280//15FdBioriLIBiJqG3MFBlNGgHzp.jpg</fanart>
</item>
<item>
    <title>Serendipity</title>
    <meta>
        <imdb>tt0240890</imdb>
        <content>movie</content>
        <title>Serendipity</title>
        <year>2001</year>
    </meta>
    <link>
        <sublink>search</sublink>
        <sublink>searchsd</sublink>
    </link>
    <thumbnail>https://image.tmdb.org/t/p/w1280//2fNiavOBFAcaacnOUKzTgxLTPZP.jpg</thumbnail>
    <fanart>https://image.tmdb.org/t/p/w1280//6CLVThDZFdxDpCL1w2NnuXaDMEk.jpg</fanart>
</item>
<item>
    <title>Home Alone</title>
    <meta>
        <imdb>tt0099785</imdb>
        <content>movie</content>
        <title>Home Alone</title>
        <year>1990</year>
    </meta>
    <link>
        <sublink>search</sublink>
        <sublink>searchsd</sublink>
    </link>
    <thumbnail>https://image.tmdb.org/t/p/w1280//5Lo3sWuvbO4AnrAHYBgB5U1Opqd.jpg</thumbnail>
    <fanart>https://image.tmdb.org/t/p/w1280//vUyDnfk7DHaozfl1cXFh6PzbUW4.jpg</fanart>
</item>
<item>
    <title>Home Alone 2: Lost in New York</title>
    <meta>
        <imdb>tt0104431</imdb>
        <content>movie</content>
        <title>Home Alone 2: Lost in New York</title>
        <year>1992</year>
    </meta>
    <link>
        <sublink>search</sublink>
        <sublink>searchsd</sublink>
    </link>
    <thumbnail>https://image.tmdb.org/t/p/w1280//ezGcLFTvwR64I3Z7RqHnXRFet4r.jpg</thumbnail>
    <fanart>https://image.tmdb.org/t/p/w1280//gCWsYFfQLinyjndca8LbQP49qtC.jpg</fanart>
</item>
<item>
    <title>A Christmas Story</title>
    <meta>
        <imdb>tt0085334</imdb>
        <content>movie</content>
        <title>A Christmas Story</title>
        <year>1983</year>
    </meta>
    <link>
        <sublink>search</sublink>
        <sublink>searchsd</sublink>
    </link>
    <thumbnail>https://image.tmdb.org/t/p/w1280//1dSFarRSXwMjFODxPTwyaiNZotF.jpg</thumbnail>
    <fanart>https://image.tmdb.org/t/p/w1280//wok0YepwQfBAPsrttFq0W6HXT2g.jpg</fanart>
</item>
<item>
    <title>It's a Wonderful Life</title>
    <meta>
        <imdb>tt0038650</imdb>
        <content>movie</content>
        <title>It's a Wonderful Life</title>
        <year>1946</year>
    </meta>
    <link>
        <sublink>search</sublink>
        <sublink>searchsd</sublink>
    </link>
    <thumbnail>https://image.tmdb.org/t/p/w1280//rgj6QjdyCeDrO9KGt1kusGyhvb2.jpg</thumbnail>
    <fanart>https://image.tmdb.org/t/p/w1280//6fDqNg8g7NJXUmsF1Dm4Y3iTAZW.jpg</fanart>
</item>
<item>
    <title>The Nativity Story</title>
    <meta>
        <imdb>tt0762121</imdb>
        <content>movie</content>
        <title>The Nativity Story</title>
        <year>2006</year>
    </meta>
    <link>
        <sublink>search</sublink>
        <sublink>searchsd</sublink>
    </link>
    <thumbnail>https://image.tmdb.org/t/p/w1280//ww7dGoQimsaFtX9Z0ZlbnxZ6ueM.jpg</thumbnail>
    <fanart>https://image.tmdb.org/t/p/w1280//AmAPG05GcUXD9zWXctQAiTfUNKG.jpg</fanart>
</item>
<item>
    <title>Home Alone: The Holiday Heist</title>
    <meta>
        <imdb>tt2308733</imdb>
        <content>movie</content>
        <title>Home Alone: The Holiday Heist</title>
        <year>2012</year>
    </meta>
    <link>
        <sublink>search</sublink>
        <sublink>searchsd</sublink>
    </link>
    <thumbnail>https://image.tmdb.org/t/p/w1280//XPbba0kfQkLWjkttnPFPzSf09a.jpg</thumbnail>
    <fanart>https://image.tmdb.org/t/p/w1280//lZxZGLCFWYKeRXcExxIXALRbF0m.jpg</fanart>
</item>
<item>
    <title>A Christmas Story 2</title>
    <meta>
        <imdb>tt2281069</imdb>
        <content>movie</content>
        <title>A Christmas Story 2</title>
        <year>2012</year>
    </meta>
    <link>
        <sublink>search</sublink>
        <sublink>searchsd</sublink>
    </link>
    <thumbnail>https://image.tmdb.org/t/p/w1280//iJkPmBIGlVr2A9F5G7D56NIUoAC.jpg</thumbnail>
    <fanart>https://image.tmdb.org/t/p/w1280//hpIKTswF0t9r0pqL1iCjROr1Elw.jpg</fanart>
</item>
<item>
    <title>It Happened on Fifth Avenue</title>
    <meta>
        <imdb>tt0039502</imdb>
        <content>movie</content>
        <title>It Happened on Fifth Avenue</title>
        <year>1947</year>
    </meta>
    <link>
        <sublink>search</sublink>
        <sublink>searchsd</sublink>
    </link>
    <thumbnail>https://image.tmdb.org/t/p/w1280//uYcOwZ3BTCtuubPQv3jQWpaT5MK.jpg</thumbnail>
    <fanart>https://image.tmdb.org/t/p/w1280//hC8aXAvZoUmiOJK8cJvbR80eSHB.jpg</fanart>
</item>
<item>
    <title>Home Alone 4</title>
    <meta>
        <imdb>tt0329200</imdb>
        <content>movie</content>
        <title>Home Alone 4</title>
        <year>2002</year>
    </meta>
    <link>
        <sublink>search</sublink>
        <sublink>searchsd</sublink>
    </link>
    <thumbnail>https://image.tmdb.org/t/p/w1280//359bHILkiD6ZVCq6WoHSD0UuJQV.jpg</thumbnail>
    <fanart>https://image.tmdb.org/t/p/w1280//xcM06BgNt3cpIVUHRCTTxwo4JJh.jpg</fanart>
</item>
<item>
    <title>White Christmas</title>
    <meta>
        <imdb>tt0047673</imdb>
        <content>movie</content>
        <title>White Christmas</title>
        <year>1954</year>
    </meta>
    <link>
        <sublink>search</sublink>
        <sublink>searchsd</sublink>
    </link>
    <thumbnail>https://image.tmdb.org/t/p/w1280//A5kBQsHKbIptxJyELEpHQJROCRj.jpg</thumbnail>
    <fanart>https://image.tmdb.org/t/p/w1280//oRwiVcxirvE8xMCH967Hyok2omk.jpg</fanart>
</item>
<item>
    <title>A Christmas Carol</title>
    <meta>
        <imdb>tt1067106</imdb>
        <content>movie</content>
        <title>A Christmas Carol</title>
        <year>2009</year>
    </meta>
    <link>
        <sublink>search</sublink>
        <sublink>searchsd</sublink>
    </link>
    <thumbnail>https://image.tmdb.org/t/p/w1280//m1cZT78mldTUyVMyedWLx7saRrL.jpg</thumbnail>
    <fanart>https://image.tmdb.org/t/p/w1280//vmGltnhcNGJAiVyNKllB0Ndcka1.jpg</fanart>
</item>
<item>
    <title>Nothing Like the Holidays</title>
    <meta>
        <imdb>tt1151915</imdb>
        <content>movie</content>
        <title>Nothing Like the Holidays</title>
        <year>2008</year>
    </meta>
    <link>
        <sublink>search</sublink>
        <sublink>searchsd</sublink>
    </link>
    <thumbnail>https://image.tmdb.org/t/p/w1280//tWS6WlGCF6ySiYuH4XDmO2cMwLX.jpg</thumbnail>
    <fanart>https://image.tmdb.org/t/p/w1280//iQLVE9u7vakOQpfTfDx3HYlOj0u.jpg</fanart>
</item>
<item>
    <title>A Christmas Truce</title>
    <meta>
        <imdb>tt4921846</imdb>
        <content>movie</content>
        <title>A Christmas Truce</title>
        <year>2015</year>
    </meta>
    <link>
        <sublink>search</sublink>
        <sublink>searchsd</sublink>
    </link>
    <thumbnail>https://image.tmdb.org/t/p/w1280//vjKUwhihHyRxHjn6dsAEaO5ijkj.jpg</thumbnail>
    <fanart>https://image.tmdb.org/t/p/w1280//73iWwtZnTVphdGOJebea3XqSTCK.jpg</fanart>
</item>
<item>
    <title>Christmas Eve</title>
    <meta>
        <imdb>tt3703148</imdb>
        <content>movie</content>
        <title>Christmas Eve</title>
        <year>2015</year>
    </meta>
    <link>
        <sublink>search</sublink>
        <sublink>searchsd</sublink>
    </link>
    <thumbnail>https://image.tmdb.org/t/p/w1280//cjclP7PpxTS1RCO1P6sETPxf820.jpg</thumbnail>
    <fanart>https://image.tmdb.org/t/p/w1280//8laFqSOECZJqGgwKdnOQVUzLbtZ.jpg</fanart>
</item>
<item>
    <title>Grumpy Cat's Worst Christmas Ever</title>
    <meta>
        <imdb>tt3801438</imdb>
        <content>movie</content>
        <title>Grumpy Cat's Worst Christmas Ever</title>
        <year>2014</year>
    </meta>
    <link>
        <sublink>search</sublink>
        <sublink>searchsd</sublink>
    </link>
    <thumbnail>https://image.tmdb.org/t/p/w1280//ajr5pLnQpzNgA8CMjsq8Ckjharu.jpg</thumbnail>
    <fanart>https://image.tmdb.org/t/p/w1280//9GJgBfqeK0D7lQWeCLPJz1QLmBF.jpg</fanart>
</item>
<item>
    <title>Lovely, Still</title>
    <meta>
        <imdb>tt1150947</imdb>
        <content>movie</content>
        <title>Lovely, Still</title>
        <year>2008</year>
    </meta>
    <link>
        <sublink>search</sublink>
        <sublink>searchsd</sublink>
    </link>
    <thumbnail>https://image.tmdb.org/t/p/w1280//a5kfNSG5AEWNWk54zvzC0P6HjYk.jpg</thumbnail>
    <fanart>https://image.tmdb.org/t/p/w1280//3afM7UWdb2o0nOPSd9sS1vfzLni.jpg</fanart>
</item>
<item>
    <title>Nativity!</title>
    <meta>
        <imdb>tt1242447</imdb>
        <content>movie</content>
        <title>Nativity!</title>
        <year>2009</year>
    </meta>
    <link>
        <sublink>search</sublink>
        <sublink>searchsd</sublink>
    </link>
    <thumbnail>https://image.tmdb.org/t/p/w1280//hIzGgnRUriIXHGtH6I0xxTT3cjw.jpg</thumbnail>
    <fanart>https://image.tmdb.org/t/p/w1280//taVOTNTiMMjRvFDlMX2kle5UvFi.jpg</fanart>
</item>
<item>
    <title>Fred Claus</title>
    <meta>
        <imdb>tt0486583</imdb>
        <content>movie</content>
        <title>Fred Claus</title>
        <year>2007</year>
    </meta>
    <link>
        <sublink>search</sublink>
        <sublink>searchsd</sublink>
    </link>
    <thumbnail>https://image.tmdb.org/t/p/w1280//vFniWmciRi4tAjAYGp2wrK0P8dJ.jpg</thumbnail>
    <fanart>https://image.tmdb.org/t/p/w1280//vRqKw0PFHnYfV0pc5dC1ulNfe1e.jpg</fanart>
</item>
<item>
    <title>While You Were Sleeping</title>
    <meta>
        <imdb>tt0114924</imdb>
        <content>movie</content>
        <title>While You Were Sleeping</title>
        <year>1995</year>
    </meta>
    <link>
        <sublink>search</sublink>
        <sublink>searchsd</sublink>
    </link>
    <thumbnail>https://image.tmdb.org/t/p/w1280//9StV7DX4ZtRZGJs9VcVEPvxIKL6.jpg</thumbnail>
    <fanart>https://image.tmdb.org/t/p/w1280//p0VpzQG1PWnICbgQMyrQJGAhwEW.jpg</fanart>
</item>
<item>
    <title>Jingle All the Way</title>
    <meta>
        <imdb>tt0116705</imdb>
        <content>movie</content>
        <title>Jingle All the Way</title>
        <year>1996</year>
    </meta>
    <link>
        <sublink>search</sublink>
        <sublink>searchsd</sublink>
    </link>
    <thumbnail>https://image.tmdb.org/t/p/w1280//aaVkNhUONnkSv5ijPjq7pEmmWyE.jpg</thumbnail>
    <fanart>https://image.tmdb.org/t/p/w1280//9SNO9BglZJgGTMOB5K4NVgecgX1.jpg</fanart>
</item>
<item>
    <title>Deck the Halls</title>
    <meta>
        <imdb>tt0790604</imdb>
        <content>movie</content>
        <title>Deck the Halls</title>
        <year>2006</year>
    </meta>
    <link>
        <sublink>search</sublink>
        <sublink>searchsd</sublink>
    </link>
    <thumbnail>https://image.tmdb.org/t/p/w1280//u48kzT5MrSj6Vdnzsn1upjNNW8H.jpg</thumbnail>
    <fanart>https://image.tmdb.org/t/p/w1280//s5ylIDOMcqlGB9Wmhv7cKsLCyuD.jpg</fanart>
</item>
<item>
    <title>How the Grinch Stole Christmas</title>
    <meta>
        <imdb>tt0170016</imdb>
        <content>movie</content>
        <title>How the Grinch Stole Christmas</title>
        <year>2000</year>
    </meta>
    <link>
        <sublink>search</sublink>
        <sublink>searchsd</sublink>
    </link>
    <thumbnail>https://image.tmdb.org/t/p/w1280//vQfgNHbcIWS2j3AAAzLOtPUGVmB.jpg</thumbnail>
    <fanart>https://image.tmdb.org/t/p/w1280//xi6Q3gyfxbdVkHIqwyR4bk7b7GM.jpg</fanart>
</item>
<item>
    <title>Just Friends</title>
    <meta>
        <imdb>tt0433400</imdb>
        <content>movie</content>
        <title>Just Friends</title>
        <year>2005</year>
    </meta>
    <link>
        <sublink>search</sublink>
        <sublink>searchsd</sublink>
    </link>
    <thumbnail>https://image.tmdb.org/t/p/w1280//cyih5NtdEXF0uSGWJFWgiIEQknb.jpg</thumbnail>
    <fanart>https://image.tmdb.org/t/p/w1280//d9Qqu2gOnCyf5J6p2ybUyICNGXX.jpg</fanart>
</item>
<item>
    <title>Holiday Affair</title>
    <meta>
        <imdb>tt0041473</imdb>
        <content>movie</content>
        <title>Holiday Affair</title>
        <year>1949</year>
    </meta>
    <link>
        <sublink>search</sublink>
        <sublink>searchsd</sublink>
    </link>
    <thumbnail>https://image.tmdb.org/t/p/w1280//p3AVqopfCBpo2Vjg269GNZWfSLB.jpg</thumbnail>
    <fanart>https://image.tmdb.org/t/p/w1280//fclI3aAXt5NAwLgXxszoXS4DbrF.jpg</fanart>
</item>
<item>
    <title>One Magic Christmas</title>
    <meta>
        <imdb>tt0089731</imdb>
        <content>movie</content>
        <title>One Magic Christmas</title>
        <year>1985</year>
    </meta>
    <link>
        <sublink>search</sublink>
        <sublink>searchsd</sublink>
    </link>
    <thumbnail>https://image.tmdb.org/t/p/w1280//icq0kvyDWNSnrGtU3dAminCGCpP.jpg</thumbnail>
    <fanart>https://image.tmdb.org/t/p/w1280//S325Ss99Y69FYR7vRyqvoPVD2B.jpg</fanart>
</item>
<item>
    <title>Surviving Christmas</title>
    <meta>
        <imdb>tt0252028</imdb>
        <content>movie</content>
        <title>Surviving Christmas</title>
        <year>2004</year>
    </meta>
    <link>
        <sublink>search</sublink>
        <sublink>searchsd</sublink>
    </link>
    <thumbnail>https://image.tmdb.org/t/p/w1280//3Vu6gYVbQkFUuZ7gFhhRaHyRJzJ.jpg</thumbnail>
    <fanart>https://image.tmdb.org/t/p/w1280//alaqGbzsRKGp52VPZ5AMQW7m1NM.jpg</fanart>
</item>
<item>
    <title>The Bishop's Wife</title>
    <meta>
        <imdb>tt0039190</imdb>
        <content>movie</content>
        <title>The Bishop's Wife</title>
        <year>1947</year>
    </meta>
    <link>
        <sublink>search</sublink>
        <sublink>searchsd</sublink>
    </link>
    <thumbnail>https://image.tmdb.org/t/p/w1280//v6COnRXIgyw7pzzHj99uJLfyWTG.jpg</thumbnail>
    <fanart>https://image.tmdb.org/t/p/w1280//zbxrgnEF3LQDKm6DT6poDMFWriM.jpg</fanart>
</item>
<item>
    <title>Trapped in Paradise</title>
    <meta>
        <imdb>tt0111477</imdb>
        <content>movie</content>
        <title>Trapped in Paradise</title>
        <year>1994</year>
    </meta>
    <link>
        <sublink>search</sublink>
        <sublink>searchsd</sublink>
    </link>
    <thumbnail>https://image.tmdb.org/t/p/w1280//pThrPg55GfBfUt3AxNjkhhayIko.jpg</thumbnail>
    <fanart>https://image.tmdb.org/t/p/w1280//rZtlHlRZtb4CFLeEaTeel1JZfUt.jpg</fanart>
</item>
<item>
    <title>Prancer</title>
    <meta>
        <imdb>tt0098115</imdb>
        <content>movie</content>
        <title>Prancer</title>
        <year>1989</year>
    </meta>
    <link>
        <sublink>search</sublink>
        <sublink>searchsd</sublink>
    </link>
    <thumbnail>https://image.tmdb.org/t/p/w1280//fMB3NytsHZrbb2ylntRFQtFhPPx.jpg</thumbnail>
    <fanart>https://image.tmdb.org/t/p/w1280//44NCtACvtuUwuysdxuFWwvklWRN.jpg</fanart>
</item>
<item>
    <title>Kristin's Christmas Past</title>
    <meta>
        <imdb>tt3043594</imdb>
        <content>movie</content>
        <title>Kristin's Christmas Past</title>
        <year>2013</year>
    </meta>
    <link>
        <sublink>search</sublink>
        <sublink>searchsd</sublink>
    </link>
    <thumbnail>https://image.tmdb.org/t/p/w1280//qiBgAKrS67qipnxWcAs7eGElOXI.jpg</thumbnail>
    <fanart>https://image.tmdb.org/t/p/w1280//jyz3xvaTTm67uxCXkpGgen27UTI.jpg</fanart>
</item>
<item>
    <title>Jingle All the Way 2</title>
    <meta>
        <imdb>tt3486392</imdb>
        <content>movie</content>
        <title>Jingle All the Way 2</title>
        <year>2014</year>
    </meta>
    <link>
        <sublink>search</sublink>
        <sublink>searchsd</sublink>
    </link>
    <thumbnail>https://image.tmdb.org/t/p/w1280//nQBQ8E1U9FvPySDmSvJ3gjvxJN7.jpg</thumbnail>
    <fanart>https://image.tmdb.org/t/p/w1280//bsRhkkFDXNKTaqzvzoPkZfdpGFr.jpg</fanart>
</item>
<item>
    <title>El Camino Christmas</title>
    <meta>
        <imdb>tt3255590</imdb>
        <content>movie</content>
        <title>El Camino Christmas</title>
        <year>2017</year>
    </meta>
    <link>
        <sublink>search</sublink>
        <sublink>searchsd</sublink>
    </link>
    <thumbnail>https://image.tmdb.org/t/p/w1280//kzoaxJhq5jKAsnRYnUdBglzxMFH.jpg</thumbnail>
    <fanart>https://image.tmdb.org/t/p/w1280//9DbG4Xr6H0gxyHpnBg7haeL5xVH.jpg</fanart>
</item>
<item>
    <title>A Christmas Cruise</title>
    <meta>
        <imdb>tt7396738</imdb>
        <content>movie</content>
        <title>A Christmas Cruise</title>
        <year>2017</year>
    </meta>
    <link>
        <sublink>search</sublink>
        <sublink>searchsd</sublink>
    </link>
    <thumbnail>https://image.tmdb.org/t/p/w1280//nuJK064K8bt5ohmWIdONLOPU3ls.jpg</thumbnail>
    <fanart/>
</item>
<item>
    <title>All Is Bright</title>
    <meta>
        <imdb>tt1462901</imdb>
        <content>movie</content>
        <title>All Is Bright</title>
        <year>2013</year>
    </meta>
    <link>
        <sublink>search</sublink>
        <sublink>searchsd</sublink>
    </link>
    <thumbnail>https://image.tmdb.org/t/p/w1280//3E5vLrc9vPuZAG4Nf9WrSv0a7CN.jpg</thumbnail>
    <fanart>https://image.tmdb.org/t/p/w1280//f9mBZBW31UBEKl7rjZqvr6JWaSi.jpg</fanart>
</item>
<item>
    <title>Psych: The Movie</title>
    <meta>
        <imdb>tt6868216</imdb>
        <content>movie</content>
        <title>Psych: The Movie</title>
        <year>2017</year>
    </meta>
    <link>
        <sublink>search</sublink>
        <sublink>searchsd</sublink>
    </link>
    <thumbnail>https://image.tmdb.org/t/p/w1280//nFtSyaquArYqHilRT2w3r8etXPX.jpg</thumbnail>
    <fanart>https://image.tmdb.org/t/p/w1280//g1D56j1udbkcVRrseJlwJcGhL4Q.jpg</fanart>
</item>
<item>
    <title>Christmas Inheritance</title>
    <meta>
        <imdb>tt7608534</imdb>
        <content>movie</content>
        <title>Christmas Inheritance</title>
        <year>2017</year>
    </meta>
    <link>
        <sublink>search</sublink>
        <sublink>searchsd</sublink>
    </link>
    <thumbnail>https://image.tmdb.org/t/p/w1280//sqdbF40nBzS2IZVAGPxJT7loxoM.jpg</thumbnail>
    <fanart>https://image.tmdb.org/t/p/w1280//n1daj6hS4yf858HgPfe7kGyjISp.jpg</fanart>
</item>
<item>
    <title>Pottersville</title>
    <meta>
        <imdb>tt3672120</imdb>
        <content>movie</content>
        <title>Pottersville</title>
        <year>2017</year>
    </meta>
    <link>
        <sublink>search</sublink>
        <sublink>searchsd</sublink>
    </link>
    <thumbnail>https://image.tmdb.org/t/p/w1280//zlQgswQ5GEklrbv8MkohQHyomZu.jpg</thumbnail>
    <fanart>https://image.tmdb.org/t/p/w1280//klXl7hyXARj2emTbQLD3lelYia7.jpg</fanart>
</item>
<item>
    <title>Santa's Boot Camp</title>
    <meta>
        <imdb>tt2331053</imdb>
        <content>movie</content>
        <title>Santa's Boot Camp</title>
        <year>2016</year>
    </meta>
    <link>
        <sublink>search</sublink>
        <sublink>searchsd</sublink>
    </link>
    <thumbnail>https://image.tmdb.org/t/p/w1280//i6Jhrk6os1Yz1oD5J9oyxrZE1Xj.jpg</thumbnail>
    <fanart/>
</item>
