<item>
    <title>The 11th Hour</title>
    <meta>
        <imdb>tt0492931</imdb>
        <content>movie</content>
        <title>The 11th Hour</title>
        <year>2007</year>
    </meta>
    <link>
        <sublink>search</sublink>
        <sublink>searchsd</sublink>
    </link>
    <thumbnail>https://image.tmdb.org/t/p/w1280//z5cwoiZ6t5rCOtPp9UR6iq7ueya.jpg</thumbnail>
    <fanart>https://image.tmdb.org/t/p/w1280//oTZqqrZTNkZFrUGGXJoxj7Z6pEr.jpg</fanart>
</item>
<item>
    <title>A Beautiful Planet</title>
    <meta>
        <imdb>tt2800050</imdb>
        <content>movie</content>
        <title>A Beautiful Planet</title>
        <year>2016</year>
    </meta>
    <link>
        <sublink>search</sublink>
        <sublink>searchsd</sublink>
    </link>
    <thumbnail>https://image.tmdb.org/t/p/w1280//yQGututLC0LDNRI0xZaOxyPNhKK.jpg</thumbnail>
    <fanart>https://image.tmdb.org/t/p/w1280//fxwl6LjveeimReNgiibZKZMdt0z.jpg</fanart>
</item>
<item>
    <title>A Civil Action</title>
    <meta>
        <imdb>tt0120633</imdb>
        <content>movie</content>
        <title>A Civil Action</title>
        <year>1998</year>
    </meta>
    <link>
        <sublink>search</sublink>
        <sublink>searchsd</sublink>
    </link>
    <thumbnail>https://image.tmdb.org/t/p/w1280//81TGgmcObcfL6jcjPsU1n4n9THI.jpg</thumbnail>
    <fanart>https://image.tmdb.org/t/p/w1280//PIpkcbsE9IruwPBbTTDp1qrS5x.jpg</fanart>
</item>
<item>
    <title>A Fierce Green Fire</title>
    <meta>
        <imdb>tt1539489</imdb>
        <content>movie</content>
        <title>A Fierce Green Fire</title>
        <year>2013</year>
    </meta>
    <link>
        <sublink>search</sublink>
        <sublink>searchsd</sublink>
    </link>
    <thumbnail>https://image.tmdb.org/t/p/w1280//uyQI55WLJmnP0i80lArbh5tMFLB.jpg</thumbnail>
    <fanart>https://image.tmdb.org/t/p/w1280//eyY8V5dHiweRLG86eXW2Ek82egc.jpg</fanart>
</item>
<item>
    <title>African Cats</title>
    <meta>
        <imdb>tt1223236</imdb>
        <content>movie</content>
        <title>African Cats</title>
        <year>2011</year>
    </meta>
    <link>
        <sublink>search</sublink>
        <sublink>searchsd</sublink>
    </link>
    <thumbnail>https://image.tmdb.org/t/p/w1280//paLlEn8AGGKawjq2aKdEHW9ai9e.jpg</thumbnail>
    <fanart>https://image.tmdb.org/t/p/w1280//7GMEJc9PjxC0q9xbytvpl3ch3N9.jpg</fanart>
</item>
<item>
    <title>An Inconvenient Truth</title>
    <meta>
        <imdb>tt0497116</imdb>
        <content>movie</content>
        <title>An Inconvenient Truth</title>
        <year>2006</year>
    </meta>
    <link>
        <sublink>search</sublink>
        <sublink>searchsd</sublink>
    </link>
    <thumbnail>https://image.tmdb.org/t/p/w1280//yhsevNFscOH8YA90vsldYwzqkQt.jpg</thumbnail>
    <fanart>https://image.tmdb.org/t/p/w1280//qlLCGMzCWOHw1FEbkXLvMbv0S8s.jpg</fanart>
</item>
<item>
    <title>Arctic Tale</title>
    <meta>
        <imdb>tt0488508</imdb>
        <content>movie</content>
        <title>Arctic Tale</title>
        <year>2007</year>
    </meta>
    <link>
        <sublink>search</sublink>
        <sublink>searchsd</sublink>
    </link>
    <thumbnail>https://image.tmdb.org/t/p/w1280//fiaMFMDUxPiDm1tNZ5YoTMbk8Fc.jpg</thumbnail>
    <fanart>https://image.tmdb.org/t/p/w1280//tHjHLl9Y2Bzpcz7RWkjQNTX4O22.jpg</fanart>
</item>
<item>
    <title>Avatar</title>
    <meta>
        <imdb>tt0499549</imdb>
        <content>movie</content>
        <title>Avatar</title>
        <year>2009</year>
    </meta>
    <link>
        <sublink>search</sublink>
        <sublink>searchsd</sublink>
    </link>
    <thumbnail>https://image.tmdb.org/t/p/w1280//kmcqlZGaSh20zpTbuoF0Cdn07dT.jpg</thumbnail>
    <fanart>https://image.tmdb.org/t/p/w1280//5XPPB44RQGfkBrbJxmtdndKz05n.jpg</fanart>
</item>
<item>
    <title>Bears</title>
    <meta>
        <imdb>tt2458776</imdb>
        <content>movie</content>
        <title>Bears</title>
        <year>2014</year>
    </meta>
    <link>
        <sublink>search</sublink>
        <sublink>searchsd</sublink>
    </link>
    <thumbnail>https://image.tmdb.org/t/p/w1280//uhxE8FLguSshnlv41lKRvZYZ4av.jpg</thumbnail>
    <fanart>https://image.tmdb.org/t/p/w1280//wA8Dct9suP3tZWH1nv7ikQThvD2.jpg</fanart>
</item>
<item>
    <title>Bio-Dome</title>
    <meta>
        <imdb>tt0115683</imdb>
        <content>movie</content>
        <title>Bio-Dome</title>
        <year>1996</year>
    </meta>
    <link>
        <sublink>search</sublink>
        <sublink>searchsd</sublink>
    </link>
    <thumbnail>https://image.tmdb.org/t/p/w1280//1bAUaipv3gDU1pATGwziyq1VTwZ.jpg</thumbnail>
    <fanart>https://image.tmdb.org/t/p/w1280//qgGwZFb5Vwua90TgJI03Dvwgd7a.jpg</fanart>
</item>
<item>
    <title>Blue Planet</title>
    <meta>
        <imdb>tt0099158</imdb>
        <content>movie</content>
        <title>Blue Planet</title>
        <year>1990</year>
    </meta>
    <link>
        <sublink>search</sublink>
        <sublink>searchsd</sublink>
    </link>
    <thumbnail>https://image.tmdb.org/t/p/w1280//xddijtieZxKOFZV4L2v6xIGgAw9.jpg</thumbnail>
    <fanart>https://image.tmdb.org/t/p/w1280//wehxwnu7v3Ckrjjg4sZllrz7Vf2.jpg</fanart>
</item>
<dir>
    <title>Blue Planet II</title>
    <meta>
        <imdb>tt6769208</imdb>
        <content>tvshow</content>
        <tvshowtitle>Blue Planet II</tvshowtitle>
        <year>2017</year>
    </meta>
    <link>tmdb_tv_show(74313, 2017, Blue Planet II)</link>
    <thumbnail>https://image.tmdb.org/t/p/w1280//j1NsoYYDYHnPkRr7Enqr8tlexgO.jpg</thumbnail>
    <fanart>https://image.tmdb.org/t/p/w1280//c7t4tidzOw8E88puHlGsqizViOw.jpg</fanart>
</dir>
<item>
    <title>Born in China</title>
    <meta>
        <imdb>tt4629266</imdb>
        <content>movie</content>
        <title>Born in China</title>
        <year>2016</year>
    </meta>
    <link>
        <sublink>search</sublink>
        <sublink>searchsd</sublink>
    </link>
    <thumbnail>https://image.tmdb.org/t/p/w1280//7oOHmp6SwuLmVEpdDInm14OmlzL.jpg</thumbnail>
    <fanart>https://image.tmdb.org/t/p/w1280//6kGg5jANkqrQK7X8EJUJCNi9n0e.jpg</fanart>
</item>
<item>
    <title>Chasing Ice</title>
    <meta>
        <imdb>tt1579361</imdb>
        <content>movie</content>
        <title>Chasing Ice</title>
        <year>2012</year>
    </meta>
    <link>
        <sublink>search</sublink>
        <sublink>searchsd</sublink>
    </link>
    <thumbnail>https://image.tmdb.org/t/p/w1280//8MMQ03sJPT0Et50RQFzuLikpvPf.jpg</thumbnail>
    <fanart>https://image.tmdb.org/t/p/w1280//y8a61rrxk6wunjVUOij1MUZ0nzd.jpg</fanart>
</item>
<item>
    <title>Children of Men</title>
    <meta>
        <imdb>tt0206634</imdb>
        <content>movie</content>
        <title>Children of Men</title>
        <year>2006</year>
    </meta>
    <link>
        <sublink>search</sublink>
        <sublink>searchsd</sublink>
    </link>
    <thumbnail>https://image.tmdb.org/t/p/w1280//gZ6i32Da76EUxta06GL2BxpC4Cn.jpg</thumbnail>
    <fanart>https://image.tmdb.org/t/p/w1280//c5jNuPA19oGiEmbh8iFeAi6aHMI.jpg</fanart>
</item>
<item>
    <title>Chimpanzee</title>
    <meta>
        <imdb>tt1222815</imdb>
        <content>movie</content>
        <title>Chimpanzee</title>
        <year>2012</year>
    </meta>
    <link>
        <sublink>search</sublink>
        <sublink>searchsd</sublink>
    </link>
    <thumbnail>https://image.tmdb.org/t/p/w1280//i3IojCgvzVba9Fq2myvEGyoItE4.jpg</thumbnail>
    <fanart>https://image.tmdb.org/t/p/w1280//30KRxEMI7cykynsUE6BVLyOxh5H.jpg</fanart>
</item>
<item>
    <title>Chinatown</title>
    <meta>
        <imdb>tt0071315</imdb>
        <content>movie</content>
        <title>Chinatown</title>
        <year>1974</year>
    </meta>
    <link>
        <sublink>search</sublink>
        <sublink>searchsd</sublink>
    </link>
    <thumbnail>https://image.tmdb.org/t/p/w1280//iIHO6FzF6lL4mA90rrmk3Y705XS.jpg</thumbnail>
    <fanart>https://image.tmdb.org/t/p/w1280//uArEeO3U7ASyQA9UbMMyn3Z6Ajw.jpg</fanart>
</item>
<item>
    <title>The Crimson Wing: Mystery of the Flamingos</title>
    <meta>
        <imdb>tt0902967</imdb>
        <content>movie</content>
        <title>The Crimson Wing: Mystery of the Flamingos</title>
        <year>2008</year>
    </meta>
    <link>
        <sublink>search</sublink>
        <sublink>searchsd</sublink>
    </link>
    <thumbnail>https://image.tmdb.org/t/p/w1280//6jAjwIc2OISXOtDgrITOjgFIxsE.jpg</thumbnail>
    <fanart>https://image.tmdb.org/t/p/w1280//u6WxqNnilfHofX3mzbVfsdzmZuL.jpg</fanart>
</item>
<item>
    <title>The Day After Tomorrow</title>
    <meta>
        <imdb>tt0319262</imdb>
        <content>movie</content>
        <title>The Day After Tomorrow</title>
        <year>2004</year>
    </meta>
    <link>
        <sublink>search</sublink>
        <sublink>searchsd</sublink>
    </link>
    <thumbnail>https://image.tmdb.org/t/p/w1280//pRmpaFjtegy8PnUvSBDyT9dm7c.jpg</thumbnail>
    <fanart>https://image.tmdb.org/t/p/w1280//fXJhA3pjLMDkHPgZ2GVhRDXA5M3.jpg</fanart>
</item>
<item>
    <title>The Day the Earth Caught Fire</title>
    <meta>
        <imdb>tt0054790</imdb>
        <content>movie</content>
        <title>The Day the Earth Caught Fire</title>
        <year>1961</year>
    </meta>
    <link>
        <sublink>search</sublink>
        <sublink>searchsd</sublink>
    </link>
    <thumbnail>https://image.tmdb.org/t/p/w1280//zVO5uR3Hmeedff9LWn7RnsrCpwl.jpg</thumbnail>
    <fanart>https://image.tmdb.org/t/p/w1280//qsRXPtDjwnSkhH5gwgVzesP3FKg.jpg</fanart>
</item>
<item>
    <title>Earth</title>
    <meta>
        <imdb>tt0393597</imdb>
        <content>movie</content>
        <title>Earth</title>
        <year>2007</year>
    </meta>
    <link>
        <sublink>search</sublink>
        <sublink>searchsd</sublink>
    </link>
    <thumbnail>https://image.tmdb.org/t/p/w1280//4z1RrShv0f0bpA8jSZfFeMH0jdS.jpg</thumbnail>
    <fanart>https://image.tmdb.org/t/p/w1280//2LkWvKSQSzzyjdCVSS9E2UBoShU.jpg</fanart>
</item>
<item>
    <title>The Earth Day Special</title>
    <meta>
        <imdb>tt0255132</imdb>
        <content>movie</content>
        <title>The Earth Day Special</title>
        <year>1990</year>
    </meta>
    <link>
        <sublink>search</sublink>
        <sublink>searchsd</sublink>
    </link>
    <thumbnail>https://image.tmdb.org/t/p/w1280//7ohfPfTWybB2nQD4Tcez5i3QAH1.jpg</thumbnail>
    <fanart/>
</item>
<item>
    <title>Earth Days</title>
    <meta>
        <imdb>tt1230130</imdb>
        <content>movie</content>
        <title>Earth Days</title>
        <year>2009</year>
    </meta>
    <link>
        <sublink>search</sublink>
        <sublink>searchsd</sublink>
    </link>
    <thumbnail>https://image.tmdb.org/t/p/w1280//74rkFgemDHaRVBg7rrogoymlxxP.jpg</thumbnail>
    <fanart>https://image.tmdb.org/t/p/w1280//tdmDcQi0v7DAwtZviCwia12Srnb.jpg</fanart>
</item>
<item>
    <title>FernGully: The Last Rainforest</title>
    <meta>
        <imdb>tt0104254</imdb>
        <content>movie</content>
        <title>FernGully: The Last Rainforest</title>
        <year>1992</year>
    </meta>
    <link>
        <sublink>search</sublink>
        <sublink>searchsd</sublink>
    </link>
    <thumbnail>https://image.tmdb.org/t/p/w1280//gU2TbLTJ2s0aL5OsPuYQgZR8y3A.jpg</thumbnail>
    <fanart>https://image.tmdb.org/t/p/w1280//aZxUgA9WV4pdjwtY9TtukD6EsoG.jpg</fanart>
</item>
<item>
    <title>Fly Away Home</title>
    <meta>
        <imdb>tt0116329</imdb>
        <content>movie</content>
        <title>Fly Away Home</title>
        <year>1996</year>
    </meta>
    <link>
        <sublink>search</sublink>
        <sublink>searchsd</sublink>
    </link>
    <thumbnail>https://image.tmdb.org/t/p/w1280//azFDIXe7TgEgte7gHL8PkvXW0GC.jpg</thumbnail>
    <fanart>https://image.tmdb.org/t/p/w1280//zJiKgxIeikZPr0nM6qNgDL2gzjr.jpg</fanart>
</item>
<item>
    <title>Gorillas in the Mist</title>
    <meta>
        <imdb>tt0095243</imdb>
        <content>movie</content>
        <title>Gorillas in the Mist</title>
        <year>1988</year>
    </meta>
    <link>
        <sublink>search</sublink>
        <sublink>searchsd</sublink>
    </link>
    <thumbnail>https://image.tmdb.org/t/p/w1280//yiD0x9H8cFsoebgyLtR4BLKXo0O.jpg</thumbnail>
    <fanart>https://image.tmdb.org/t/p/w1280//2yOk5xZXYoPZQ1klBZqpZODzBlZ.jpg</fanart>
</item>
<item>
    <title>Happy Feet</title>
    <meta>
        <imdb>tt0366548</imdb>
        <content>movie</content>
        <title>Happy Feet</title>
        <year>2006</year>
    </meta>
    <link>
        <sublink>search</sublink>
        <sublink>searchsd</sublink>
    </link>
    <thumbnail>https://image.tmdb.org/t/p/w1280//8RLEzftZK87S2usLsQoYtyNYzoV.jpg</thumbnail>
    <fanart>https://image.tmdb.org/t/p/w1280//xgLMY1VCwM8SJq6HB3ZMpYL6mic.jpg</fanart>
</item>
<item>
    <title>Happy Feet Two</title>
    <meta>
        <imdb>tt1402488</imdb>
        <content>movie</content>
        <title>Happy Feet Two</title>
        <year>2011</year>
    </meta>
    <link>
        <sublink>search</sublink>
        <sublink>searchsd</sublink>
    </link>
    <thumbnail>https://image.tmdb.org/t/p/w1280//gY8lWCObaGvcDsmeM8QHBF4AZVk.jpg</thumbnail>
    <fanart>https://image.tmdb.org/t/p/w1280//4MnCCfVAvLx7pP9ZvMQyvkb5awB.jpg</fanart>
</item>
<item>
    <title>Hoot</title>
    <meta>
        <imdb>tt0453494</imdb>
        <content>movie</content>
        <title>Hoot</title>
        <year>2006</year>
    </meta>
    <link>
        <sublink>search</sublink>
        <sublink>searchsd</sublink>
    </link>
    <thumbnail>https://image.tmdb.org/t/p/w1280//v2nU07LAoim1P66hJCrCNRy5ezK.jpg</thumbnail>
    <fanart>https://image.tmdb.org/t/p/w1280//4WKuixtWxhXqMrrT4CoRH6E79Wa.jpg</fanart>
</item>
<item>
    <title>Idiocracy</title>
    <meta>
        <imdb>tt0387808</imdb>
        <content>movie</content>
        <title>Idiocracy</title>
        <year>2006</year>
    </meta>
    <link>
        <sublink>search</sublink>
        <sublink>searchsd</sublink>
    </link>
    <thumbnail>https://image.tmdb.org/t/p/w1280//fPAhLmWdXDuwDPb37ccc6DqkJiw.jpg</thumbnail>
    <fanart>https://image.tmdb.org/t/p/w1280//AtyblnaAHlGBqI1ZbmKJRjue5Dh.jpg</fanart>
</item>
<item>
    <title>Inside Planet Earth</title>
    <meta>
        <imdb>tt1454110</imdb>
        <content>movie</content>
        <title>Inside Planet Earth</title>
        <year>2009</year>
    </meta>
    <link>
        <sublink>search</sublink>
        <sublink>searchsd</sublink>
    </link>
    <thumbnail>https://image.tmdb.org/t/p/w1280//eYW8phKhLli2JVHMsZJd6YkjIJE.jpg</thumbnail>
    <fanart>https://image.tmdb.org/t/p/w1280//iyhNmgAolSZByxoYpV9E1VHdJrE.jpg</fanart>
</item>
<item>
    <title>Into the Wild</title>
    <meta>
        <imdb>tt0758758</imdb>
        <content>movie</content>
        <title>Into the Wild</title>
        <year>2007</year>
    </meta>
    <link>
        <sublink>search</sublink>
        <sublink>searchsd</sublink>
    </link>
    <thumbnail>https://image.tmdb.org/t/p/w1280//lHyYgaocXR6KcJLxVmxZDj115hH.jpg</thumbnail>
    <fanart>https://image.tmdb.org/t/p/w1280//9yJehIjvR7ULOLxeDJoth4kDDNe.jpg</fanart>
</item>
<item>
    <title>Island of Lemurs: Madagascar</title>
    <meta>
        <imdb>tt3231010</imdb>
        <content>movie</content>
        <title>Island of Lemurs: Madagascar</title>
        <year>2014</year>
    </meta>
    <link>
        <sublink>search</sublink>
        <sublink>searchsd</sublink>
    </link>
    <thumbnail>https://image.tmdb.org/t/p/w1280//v1IRDwU1CEqNSwFdJldKB5Kywg.jpg</thumbnail>
    <fanart>https://image.tmdb.org/t/p/w1280//sjA2k8DCKI9pBTeqSqRZKhK3cAG.jpg</fanart>
</item>
<item>
    <title>March of the Penguins</title>
    <meta>
        <imdb>tt0428803</imdb>
        <content>movie</content>
        <title>March of the Penguins</title>
        <year>2005</year>
    </meta>
    <link>
        <sublink>search</sublink>
        <sublink>searchsd</sublink>
    </link>
    <thumbnail>https://image.tmdb.org/t/p/w1280//yjAayG6nY9VO8IJoTLrSLUyu5kD.jpg</thumbnail>
    <fanart>https://image.tmdb.org/t/p/w1280//hQKxDvATLMiq4DQOLZ1xMKgGq5r.jpg</fanart>
</item>
<item>
    <title>Winged Migration</title>
    <meta>
        <imdb>tt0301727</imdb>
        <content>movie</content>
        <title>Winged Migration</title>
        <year>2001</year>
    </meta>
    <link>
        <sublink>search</sublink>
        <sublink>searchsd</sublink>
    </link>
    <thumbnail>https://image.tmdb.org/t/p/w1280//qY1l18Zri3Mdc0iBr0QYjCWlFVP.jpg</thumbnail>
    <fanart>https://image.tmdb.org/t/p/w1280//mX62SbJKQwO7TIPdHDbNA4UkrPw.jpg</fanart>
</item>
<item>
    <title>The Lorax</title>
    <meta>
        <imdb>tt1482459</imdb>
        <content>movie</content>
        <title>The Lorax</title>
        <year>2012</year>
    </meta>
    <link>
        <sublink>search</sublink>
        <sublink>searchsd</sublink>
    </link>
    <thumbnail>https://image.tmdb.org/t/p/w1280//6FuYtjegxaUv7n7C733hUEOQytR.jpg</thumbnail>
    <fanart>https://image.tmdb.org/t/p/w1280//7CuXAFUWcOlR5kt07ln1fZDxdHX.jpg</fanart>
</item>
<item>
    <title>Monkey Kingdom</title>
    <meta>
        <imdb>tt3660770</imdb>
        <content>movie</content>
        <title>Monkey Kingdom</title>
        <year>2015</year>
    </meta>
    <link>
        <sublink>search</sublink>
        <sublink>searchsd</sublink>
    </link>
    <thumbnail>https://image.tmdb.org/t/p/w1280//fW6ZkaQocPDB2ugpTQYmkQePIks.jpg</thumbnail>
    <fanart>https://image.tmdb.org/t/p/w1280//1MFN9bNFGGgnqBdgV6y3ZhbzlMs.jpg</fanart>
</item>
<item>
    <title>Boy & the World</title>
    <meta>
        <imdb>tt3183630</imdb>
        <content>movie</content>
        <title>Boy & the World</title>
        <year>2014</year>
    </meta>
    <link>
        <sublink>search</sublink>
        <sublink>searchsd</sublink>
    </link>
    <thumbnail>https://image.tmdb.org/t/p/w1280//hJFQOR4AYOxknQtnIgoZOn6pAd2.jpg</thumbnail>
    <fanart>https://image.tmdb.org/t/p/w1280//lwTXXeJ2aAk6PzOINa4p3Vocl9j.jpg</fanart>
</item>
<item>
    <title>Oceans</title>
    <meta>
        <imdb>tt0765128</imdb>
        <content>movie</content>
        <title>Oceans</title>
        <year>2009</year>
    </meta>
    <link>
        <sublink>search</sublink>
        <sublink>searchsd</sublink>
    </link>
    <thumbnail>https://image.tmdb.org/t/p/w1280//cnkOrknvytbeMa0iAoTa48lZz37.jpg</thumbnail>
    <fanart>https://image.tmdb.org/t/p/w1280//gapHWgRfMyEIkCx0eIymz2x5DS3.jpg</fanart>
</item>
<dir>
    <title>Planet Earth</title>
    <meta>
        <imdb>tt0795176</imdb>
        <content>tvshow</content>
        <tvshowtitle>Planet Earth</tvshowtitle>
        <year>2006</year>
    </meta>
    <link>tmdb_tv_show(1044, 2006, Planet Earth)</link>
    <thumbnail>https://image.tmdb.org/t/p/w1280//tI5hLHgrfOTOhPjX22vlo9YsdgE.jpg</thumbnail>
    <fanart>https://image.tmdb.org/t/p/w1280//4AJnC8L5CXdqb6tMeUBL5jdHfuG.jpg</fanart>
</dir>
<dir>
    <title>Planet Earth II</title>
    <meta>
        <imdb>tt5491994</imdb>
        <content>tvshow</content>
        <tvshowtitle>Planet Earth II</tvshowtitle>
        <year>2016</year>
    </meta>
    <link>tmdb_tv_show(68595, 2016, Planet Earth II)</link>
    <thumbnail>https://image.tmdb.org/t/p/w1280//uy5QoTu8fc6fGXMCTMbpQJFUEB0.jpg</thumbnail>
    <fanart>https://image.tmdb.org/t/p/w1280//xIt4DDYipMPNu2HDBrhUS4ndSYb.jpg</fanart>
</dir>
<dir>
    <title>Planet Earth: The Future</title>
    <meta>
        <imdb>tt1108512</imdb>
        <content>tvshow</content>
        <tvshowtitle>Planet Earth: The Future</tvshowtitle>
        <year>2006</year>
    </meta>
    <link>tmdb_tv_show(20618, 2006, Planet Earth: The Future)</link>
    <thumbnail>https://image.tmdb.org/t/p/w1280//lziSeoW9B5RCfGOZtjj1rwtpNaT.jpg</thumbnail>
    <fanart>https://image.tmdb.org/t/p/w1280//edRekdPByvj1Y8NLIkomyr9JBsO.jpg</fanart>
</dir>
<dir>
    <title>Saving Planet Earth</title>
    <meta>
        <imdb>None</imdb>
        <content>tvshow</content>
        <tvshowtitle>Saving Planet Earth</tvshowtitle>
        <year>2007</year>
    </meta>
    <link>tmdb_tv_show(20811, 2007, Saving Planet Earth)</link>
    <thumbnail>https://image.tmdb.org/t/p/w1280//kDqQqBg1qp9YXA0lNCPCUTCvGX1.jpg</thumbnail>
    <fanart>https://image.tmdb.org/t/p/w1280//ahLldhrLtuhPQB6vh7qYnzerzxy.jpg</fanart>
</dir>
<item>
    <title>To Walk with Lions</title>
    <meta>
        <imdb>tt0132563</imdb>
        <content>movie</content>
        <title>To Walk with Lions</title>
        <year>1999</year>
    </meta>
    <link>
        <sublink>search</sublink>
        <sublink>searchsd</sublink>
    </link>
    <thumbnail>https://image.tmdb.org/t/p/w1280//4cKNcbeYav6JN7lrMaucpZ8oo8k.jpg</thumbnail>
    <fanart>https://image.tmdb.org/t/p/w1280//eErnKNw43oERRLk1a7EiAlBxSNY.jpg</fanart>
</item>
<item>
    <title>Under the Sea 3D</title>
    <meta>
        <imdb>tt1020876</imdb>
        <content>movie</content>
        <title>Under the Sea 3D</title>
        <year>2009</year>
    </meta>
    <link>
        <sublink>search</sublink>
        <sublink>searchsd</sublink>
    </link>
    <thumbnail>https://image.tmdb.org/t/p/w1280//sjpiI96sJvas7fdrtHOM9QFTqmF.jpg</thumbnail>
    <fanart>https://image.tmdb.org/t/p/w1280//YvCaGFoKkq16KHXj7WruSM0W4U.jpg</fanart>
</item>
<item>
    <title>WALL*E</title>
    <meta>
        <imdb>tt0910970</imdb>
        <content>movie</content>
        <title>WALL*E</title>
        <year>2008</year>
    </meta>
    <link>
        <sublink>search</sublink>
        <sublink>searchsd</sublink>
    </link>
    <thumbnail>https://image.tmdb.org/t/p/w1280//9cJETuLMc6R0bTWRA5i7ctY9bxk.jpg</thumbnail>
    <fanart>https://image.tmdb.org/t/p/w1280//2nFyTvssbtJMLC6eyYwwZ88gALD.jpg</fanart>
</item>
<item>
    <title>Waterworld</title>
    <meta>
        <imdb>tt0114898</imdb>
        <content>movie</content>
        <title>Waterworld</title>
        <year>1995</year>
    </meta>
    <link>
        <sublink>search</sublink>
        <sublink>searchsd</sublink>
    </link>
    <thumbnail>https://image.tmdb.org/t/p/w1280//yordVJcPLh3VNRL7bXzFIBEhXRr.jpg</thumbnail>
    <fanart>https://image.tmdb.org/t/p/w1280//2WZjxBC95ZVRqc0rxbV8a2NdPHt.jpg</fanart>
</item>
<item>
    <title>The Wild Parrots of Telegraph Hill</title>
    <meta>
        <imdb>tt0424565</imdb>
        <content>movie</content>
        <title>The Wild Parrots of Telegraph Hill</title>
        <year>2003</year>
    </meta>
    <link>
        <sublink>search</sublink>
        <sublink>searchsd</sublink>
    </link>
    <thumbnail>https://image.tmdb.org/t/p/w1280//tfoOW0VwruWXQCvDxcFQtFdroK1.jpg</thumbnail>
    <fanart>https://image.tmdb.org/t/p/w1280//lZlHHccuEPf9sKROjH7nEbTB6ii.jpg</fanart>
</item>
<item>
    <title>Wings of Life</title>
    <meta>
        <imdb>tt1222816</imdb>
        <content>movie</content>
        <title>Wings of Life</title>
        <year>2011</year>
    </meta>
    <link>
        <sublink>search</sublink>
        <sublink>searchsd</sublink>
    </link>
    <thumbnail>https://image.tmdb.org/t/p/w1280//8CJJv7DJCxglkXqkvzmgMb5TMwD.jpg</thumbnail>
    <fanart>https://image.tmdb.org/t/p/w1280//sIdz0BLKO1LxDRGBrvqFcJMTwkp.jpg</fanart>
</item>
