<item>
    <title>A River Runs Through It</title>
    <meta>
        <imdb>tt0105265</imdb>
        <content>movie</content>
        <title>A River Runs Through It</title>
        <year>1992</year>
    </meta>
    <link>
        <sublink>search</sublink>
        <sublink>searchsd</sublink>
    </link>
    <thumbnail>https://image.tmdb.org/t/p/w1280//xX4H1hZG9IgSRkC0LANbPQ0StJi.jpg</thumbnail>
    <fanart>https://image.tmdb.org/t/p/w1280//v7oMYppOdYNlMHD3TYKW3TyvLRX.jpg</fanart>
</item>
<item>
    <title>About Schmidt</title>
    <meta>
        <imdb>tt0257360</imdb>
        <content>movie</content>
        <title>About Schmidt</title>
        <year>2002</year>
    </meta>
    <link>
        <sublink>search</sublink>
        <sublink>searchsd</sublink>
    </link>
    <thumbnail>https://image.tmdb.org/t/p/w1280//riJV5Bq0IXItG3ceywNWkw7il7K.jpg</thumbnail>
    <fanart>https://image.tmdb.org/t/p/w1280//e24dN60wkwD6wt2i9FN2QOJWJV3.jpg</fanart>
</item>
<item>
    <title>Beginners</title>
    <meta>
        <imdb>tt1532503</imdb>
        <content>movie</content>
        <title>Beginners</title>
        <year>2010</year>
    </meta>
    <link>
        <sublink>search</sublink>
        <sublink>searchsd</sublink>
    </link>
    <thumbnail>https://image.tmdb.org/t/p/w1280//41ZB1ndUvimsFSIBxl6LXQaeAnI.jpg</thumbnail>
    <fanart>https://image.tmdb.org/t/p/w1280//sfFZx8nme01GR6ewViI431RzAnb.jpg</fanart>
</item>
<item>
    <title>Big Fish</title>
    <meta>
        <imdb>tt0319061</imdb>
        <content>movie</content>
        <title>Big Fish</title>
        <year>2003</year>
    </meta>
    <link>
        <sublink>search</sublink>
        <sublink>searchsd</sublink>
    </link>
    <thumbnail>https://image.tmdb.org/t/p/w1280//6DRFdlNZpAaEt7eejsbAlJGgaM7.jpg</thumbnail>
    <fanart>https://image.tmdb.org/t/p/w1280//kK1rVmqk8pLTuK5ZE7eVdCSqqHL.jpg</fanart>
</item>
<item>
    <title>Billy Elliot</title>
    <meta>
        <imdb>tt0249462</imdb>
        <content>movie</content>
        <title>Billy Elliot</title>
        <year>2000</year>
    </meta>
    <link>
        <sublink>search</sublink>
        <sublink>searchsd</sublink>
    </link>
    <thumbnail>https://image.tmdb.org/t/p/w1280//6VaP1H3MOW5jdkWqS5Q1NapCOS6.jpg</thumbnail>
    <fanart>https://image.tmdb.org/t/p/w1280//vlnhKUvu335ZM8wSD27MaFHpNu2.jpg</fanart>
</item>
<item>
    <title>Captain Fantastic</title>
    <meta>
        <imdb>tt3553976</imdb>
        <content>movie</content>
        <title>Captain Fantastic</title>
        <year>2016</year>
    </meta>
    <link>
        <sublink>search</sublink>
        <sublink>searchsd</sublink>
    </link>
    <thumbnail>https://image.tmdb.org/t/p/w1280//fnaGmGCWgGOQjCpM0TqKPZJ5x85.jpg</thumbnail>
    <fanart>https://image.tmdb.org/t/p/w1280//hzp6irYITiJc5JUA1GZhmbE10pD.jpg</fanart>
</item>
<item>
    <title>Catch Me If You Can</title>
    <meta>
        <imdb>tt0264464</imdb>
        <content>movie</content>
        <title>Catch Me If You Can</title>
        <year>2002</year>
    </meta>
    <link>
        <sublink>search</sublink>
        <sublink>searchsd</sublink>
    </link>
    <thumbnail>https://image.tmdb.org/t/p/w1280//MywWCQGJNUr5kivAQ7eseCG7rm.jpg</thumbnail>
    <fanart>https://image.tmdb.org/t/p/w1280//ei0BdAPDALPp21OEZqknG43WOmO.jpg</fanart>
</item>
<item>
    <title>Chef</title>
    <meta>
        <imdb>tt2883512</imdb>
        <content>movie</content>
        <title>Chef</title>
        <year>2014</year>
    </meta>
    <link>
        <sublink>search</sublink>
        <sublink>searchsd</sublink>
    </link>
    <thumbnail>https://image.tmdb.org/t/p/w1280//dwweMX2MqYOYGg2Z2lZ8f6uopcg.jpg</thumbnail>
    <fanart>https://image.tmdb.org/t/p/w1280//sbH9aJV7fqhRaazCSWuOwNDIf1m.jpg</fanart>
</item>
<item>
    <title>Dan in Real Life</title>
    <meta>
        <imdb>tt0480242</imdb>
        <content>movie</content>
        <title>Dan in Real Life</title>
        <year>2007</year>
    </meta>
    <link>
        <sublink>search</sublink>
        <sublink>searchsd</sublink>
    </link>
    <thumbnail>https://image.tmdb.org/t/p/w1280//2HnyNUcQ9B5OJVJBIbidb0F9gT1.jpg</thumbnail>
    <fanart>https://image.tmdb.org/t/p/w1280//hp8HvgnEzJrYnoXlEs9cK7nmKT7.jpg</fanart>
</item>
<item>
    <title>Definitely, Maybe</title>
    <meta>
        <imdb>tt0832266</imdb>
        <content>movie</content>
        <title>Definitely, Maybe</title>
        <year>2008</year>
    </meta>
    <link>
        <sublink>search</sublink>
        <sublink>searchsd</sublink>
    </link>
    <thumbnail>https://image.tmdb.org/t/p/w1280//2T7dAHsKtIVvCvGilHdvmi1Tvn7.jpg</thumbnail>
    <fanart>https://image.tmdb.org/t/p/w1280//nFs9hEgQKEsmhaItx11Qv9Ubnz.jpg</fanart>
</item>
<item>
    <title>The Descendants</title>
    <meta>
        <imdb>tt1033575</imdb>
        <content>movie</content>
        <title>The Descendants</title>
        <year>2011</year>
    </meta>
    <link>
        <sublink>search</sublink>
        <sublink>searchsd</sublink>
    </link>
    <thumbnail>https://image.tmdb.org/t/p/w1280//5lpBvuPNaPiOpitehczWmJgf6wb.jpg</thumbnail>
    <fanart>https://image.tmdb.org/t/p/w1280//bN6IiGpwhbEy7QTpFet6RJEpu7G.jpg</fanart>
</item>
<item>
    <title>The Family Man</title>
    <meta>
        <imdb>tt0218967</imdb>
        <content>movie</content>
        <title>The Family Man</title>
        <year>2000</year>
    </meta>
    <link>
        <sublink>search</sublink>
        <sublink>searchsd</sublink>
    </link>
    <thumbnail>https://image.tmdb.org/t/p/w1280//9iyQxVjLgFW0ztYKRxnEFtpVTSw.jpg</thumbnail>
    <fanart>https://image.tmdb.org/t/p/w1280//2wCGvIfbY3skp3T1YAvRC4v17or.jpg</fanart>
</item>
<item>
    <title>Father of the Bride</title>
    <meta>
        <imdb>tt0101862</imdb>
        <content>movie</content>
        <title>Father of the Bride</title>
        <year>1991</year>
    </meta>
    <link>
        <sublink>search</sublink>
        <sublink>searchsd</sublink>
    </link>
    <thumbnail>https://image.tmdb.org/t/p/w1280//bNQpz6e35wuA3QgJb9VF2oUpZNA.jpg</thumbnail>
    <fanart>https://image.tmdb.org/t/p/w1280//cC8xK5DTZkOG92nBB2sMDcedmse.jpg</fanart>
</item>
<item>
    <title>Father of the Bride Part II</title>
    <meta>
        <imdb>tt0113041</imdb>
        <content>movie</content>
        <title>Father of the Bride Part II</title>
        <year>1995</year>
    </meta>
    <link>
        <sublink>search</sublink>
        <sublink>searchsd</sublink>
    </link>
    <thumbnail>https://image.tmdb.org/t/p/w1280//e64sOI48hQXyru7naBFyssKFxVd.jpg</thumbnail>
    <fanart>https://image.tmdb.org/t/p/w1280//cZs50rEk4T13qWedon0uCnbYQzW.jpg</fanart>
</item>
<item>
    <title>Fences</title>
    <meta>
        <imdb>tt2671706</imdb>
        <content>movie</content>
        <title>Fences</title>
        <year>2016</year>
    </meta>
    <link>
        <sublink>search</sublink>
        <sublink>searchsd</sublink>
    </link>
    <thumbnail>https://image.tmdb.org/t/p/w1280//yZFBqealET1TunuVvu4YzcM1orT.jpg</thumbnail>
    <fanart>https://image.tmdb.org/t/p/w1280//jNlCIAcheh0iOuL3kz9x1Wq9WLG.jpg</fanart>
</item>
<item>
    <title>Fiddler on the Roof</title>
    <meta>
        <imdb>tt0067093</imdb>
        <content>movie</content>
        <title>Fiddler on the Roof</title>
        <year>1971</year>
    </meta>
    <link>
        <sublink>search</sublink>
        <sublink>searchsd</sublink>
    </link>
    <thumbnail>https://image.tmdb.org/t/p/w1280//mAGHsUaUOd7X3ky6Za2ZtClfpN9.jpg</thumbnail>
    <fanart>https://image.tmdb.org/t/p/w1280//wHxPTAcHMou16x0wjSThkR57JcP.jpg</fanart>
</item>
<item>
    <title>Field of Dreams</title>
    <meta>
        <imdb>tt0097351</imdb>
        <content>movie</content>
        <title>Field of Dreams</title>
        <year>1989</year>
    </meta>
    <link>
        <sublink>search</sublink>
        <sublink>searchsd</sublink>
    </link>
    <thumbnail>https://image.tmdb.org/t/p/w1280//ps5B8ZNSFvqLczD5e4Yh3whV66B.jpg</thumbnail>
    <fanart>https://image.tmdb.org/t/p/w1280//g5gwbwR98yN1TvycqHCJZhCPa7O.jpg</fanart>
</item>
<item>
    <title>The Godfather</title>
    <meta>
        <imdb>tt0068646</imdb>
        <content>movie</content>
        <title>The Godfather</title>
        <year>1972</year>
    </meta>
    <link>
        <sublink>search</sublink>
        <sublink>searchsd</sublink>
    </link>
    <thumbnail>https://image.tmdb.org/t/p/w1280//rPdtLWNsZmAtoZl9PK7S2wE3qiS.jpg</thumbnail>
    <fanart>https://image.tmdb.org/t/p/w1280//6xKCYgH16UuwEGAyroLU6p8HLIn.jpg</fanart>
</item>
<item>
    <title>The Godfather: Part II</title>
    <meta>
        <imdb>tt0071562</imdb>
        <content>movie</content>
        <title>The Godfather: Part II</title>
        <year>1974</year>
    </meta>
    <link>
        <sublink>search</sublink>
        <sublink>searchsd</sublink>
    </link>
    <thumbnail>https://image.tmdb.org/t/p/w1280//tHbMIIF51rguMNSastqoQwR0sBs.jpg</thumbnail>
    <fanart>https://image.tmdb.org/t/p/w1280//gLbBRyS7MBrmVUNce91Hmx9vzqI.jpg</fanart>
</item>
<item>
    <title>The Godfather: Part III</title>
    <meta>
        <imdb>tt0099674</imdb>
        <content>movie</content>
        <title>The Godfather: Part III</title>
        <year>1990</year>
    </meta>
    <link>
        <sublink>search</sublink>
        <sublink>searchsd</sublink>
    </link>
    <thumbnail>https://image.tmdb.org/t/p/w1280//1hdm3Axw9LjITbApvAXBbqO58zE.jpg</thumbnail>
    <fanart>https://image.tmdb.org/t/p/w1280//mhdJ2rOK3JGnceqxNK9WufYmFr7.jpg</fanart>
</item>
<item>
    <title>He Got Game</title>
    <meta>
        <imdb>tt0124718</imdb>
        <content>movie</content>
        <title>He Got Game</title>
        <year>1998</year>
    </meta>
    <link>
        <sublink>search</sublink>
        <sublink>searchsd</sublink>
    </link>
    <thumbnail>https://image.tmdb.org/t/p/w1280//63YZteyFAn0xVTPDTLtfs1mciHj.jpg</thumbnail>
    <fanart>https://image.tmdb.org/t/p/w1280//1bm55fptJb2MusLsMoAr3hmQSyO.jpg</fanart>
</item>
<item>
    <title>Hook</title>
    <meta>
        <imdb>tt0102057</imdb>
        <content>movie</content>
        <title>Hook</title>
        <year>1991</year>
    </meta>
    <link>
        <sublink>search</sublink>
        <sublink>searchsd</sublink>
    </link>
    <thumbnail>https://image.tmdb.org/t/p/w1280//6plGuz8L3fvkuENB0G2ZpBz6kej.jpg</thumbnail>
    <fanart>https://image.tmdb.org/t/p/w1280//zkBN7dRpNiK4aaWF6c4WfecyXof.jpg</fanart>
</item>
<item>
    <title>Hud</title>
    <meta>
        <imdb>tt0057163</imdb>
        <content>movie</content>
        <title>Hud</title>
        <year>1963</year>
    </meta>
    <link>
        <sublink>search</sublink>
        <sublink>searchsd</sublink>
    </link>
    <thumbnail>https://image.tmdb.org/t/p/w1280//gQpZJFrOS8b3DuBW7qaIWkIX999.jpg</thumbnail>
    <fanart>https://image.tmdb.org/t/p/w1280//qU97HHVmGhF0nEAHsrU7yEeTYz9.jpg</fanart>
</item>
<item>
    <title>I Am Sam</title>
    <meta>
        <imdb>tt0277027</imdb>
        <content>movie</content>
        <title>I Am Sam</title>
        <year>2001</year>
    </meta>
    <link>
        <sublink>search</sublink>
        <sublink>searchsd</sublink>
    </link>
    <thumbnail>https://image.tmdb.org/t/p/w1280//gr0jLIUd5Os0RAFH9U5iZMpQ5cw.jpg</thumbnail>
    <fanart>https://image.tmdb.org/t/p/w1280//hbIPlNXYnK2EKAYoa9l34CrkvQJ.jpg</fanart>
</item>
<item>
    <title>In the Name of the Father</title>
    <meta>
        <imdb>tt0107207</imdb>
        <content>movie</content>
        <title>In the Name of the Father</title>
        <year>1993</year>
    </meta>
    <link>
        <sublink>search</sublink>
        <sublink>searchsd</sublink>
    </link>
    <thumbnail>https://image.tmdb.org/t/p/w1280//22UfH59UppgMtDIMjD6DxhO8J2C.jpg</thumbnail>
    <fanart>https://image.tmdb.org/t/p/w1280//pBvKhZ0ZrVeu9Nwyr0BHd8emvN4.jpg</fanart>
</item>
<item>
    <title>Indiana Jones and the Last Crusade</title>
    <meta>
        <imdb>tt0097576</imdb>
        <content>movie</content>
        <title>Indiana Jones and the Last Crusade</title>
        <year>1989</year>
    </meta>
    <link>
        <sublink>search</sublink>
        <sublink>searchsd</sublink>
    </link>
    <thumbnail>https://image.tmdb.org/t/p/w1280//4p1N2Qrt8j0H8xMHMHvtRxv9weZ.jpg</thumbnail>
    <fanart>https://image.tmdb.org/t/p/w1280//m3bEQlir8IWpmFocQBXWM5fkHri.jpg</fanart>
</item>
<item>
    <title>Jersey Girl</title>
    <meta>
        <imdb>tt0300051</imdb>
        <content>movie</content>
        <title>Jersey Girl</title>
        <year>2004</year>
    </meta>
    <link>
        <sublink>search</sublink>
        <sublink>searchsd</sublink>
    </link>
    <thumbnail>https://image.tmdb.org/t/p/w1280//d8Qf8wVQV3K4Nl3KBuVNHMBCxgw.jpg</thumbnail>
    <fanart>https://image.tmdb.org/t/p/w1280//iYNKzyuABzBtO1ZEujNB37d7dED.jpg</fanart>
</item>
<item>
    <title>John Q</title>
    <meta>
        <imdb>tt0251160</imdb>
        <content>movie</content>
        <title>John Q</title>
        <year>2002</year>
    </meta>
    <link>
        <sublink>search</sublink>
        <sublink>searchsd</sublink>
    </link>
    <thumbnail>https://image.tmdb.org/t/p/w1280//4jX2XxZbpMy2rGSigoIaFAbhOez.jpg</thumbnail>
    <fanart>https://image.tmdb.org/t/p/w1280//dpNThZKPGn639JosZgQJNaIYqnN.jpg</fanart>
</item>
<item>
    <title>The Judge</title>
    <meta>
        <imdb>tt1872194</imdb>
        <content>movie</content>
        <title>The Judge</title>
        <year>2014</year>
    </meta>
    <link>
        <sublink>search</sublink>
        <sublink>searchsd</sublink>
    </link>
    <thumbnail>https://image.tmdb.org/t/p/w1280//v6s65U6qisvxWgO3cNnreaaaite.jpg</thumbnail>
    <fanart>https://image.tmdb.org/t/p/w1280//qzIu5zbI190k6BHbYgaQA93IZ9K.jpg</fanart>
</item>
<item>
    <title>Kramer vs. Kramer</title>
    <meta>
        <imdb>tt0079417</imdb>
        <content>movie</content>
        <title>Kramer vs. Kramer</title>
        <year>1979</year>
    </meta>
    <link>
        <sublink>search</sublink>
        <sublink>searchsd</sublink>
    </link>
    <thumbnail>https://image.tmdb.org/t/p/w1280//oyYtH37h8rLUxlERoD49losVvlg.jpg</thumbnail>
    <fanart>https://image.tmdb.org/t/p/w1280//uykne2LCkVuD5NEBzicCmCHFqBa.jpg</fanart>
</item>
<item>
    <title>The Last of the Mohicans</title>
    <meta>
        <imdb>tt0104691</imdb>
        <content>movie</content>
        <title>The Last of the Mohicans</title>
        <year>1992</year>
    </meta>
    <link>
        <sublink>search</sublink>
        <sublink>searchsd</sublink>
    </link>
    <thumbnail>https://image.tmdb.org/t/p/w1280//6FHoUoYrfmwXJsDIR0s8YvV1Ctj.jpg</thumbnail>
    <fanart>https://image.tmdb.org/t/p/w1280//fRkIu9XNb4Xi9k5ikAxGTiDrj1G.jpg</fanart>
</item>
<item>
    <title>Legends of the Fall</title>
    <meta>
        <imdb>tt0110322</imdb>
        <content>movie</content>
        <title>Legends of the Fall</title>
        <year>1994</year>
    </meta>
    <link>
        <sublink>search</sublink>
        <sublink>searchsd</sublink>
    </link>
    <thumbnail>https://image.tmdb.org/t/p/w1280//uh0sJcx3SLtclJSuKAXl6Tt6AV0.jpg</thumbnail>
    <fanart>https://image.tmdb.org/t/p/w1280//jet7PQMY8aVzxBvkpG4P0eQI2n6.jpg</fanart>
</item>
<item>
    <title>Les Miserables</title>
    <meta>
        <imdb>tt1707386</imdb>
        <content>movie</content>
        <title>Les Miserables</title>
        <year>2012</year>
    </meta>
    <link>
        <sublink>search</sublink>
        <sublink>searchsd</sublink>
    </link>
    <thumbnail>https://image.tmdb.org/t/p/w1280//qEsrAHoxj746FRb7OLGYjrx1AI3.jpg</thumbnail>
    <fanart>https://image.tmdb.org/t/p/w1280//srWMIJYWQYPUgcE3Tqw17GeyEfB.jpg</fanart>
</item>
<item>
    <title>The Life Aquatic with Steve Zissou</title>
    <meta>
        <imdb>tt0362270</imdb>
        <content>movie</content>
        <title>The Life Aquatic with Steve Zissou</title>
        <year>2004</year>
    </meta>
    <link>
        <sublink>search</sublink>
        <sublink>searchsd</sublink>
    </link>
    <thumbnail>https://image.tmdb.org/t/p/w1280//kKwNRePEqTfC6DnNlJzz1yX44iR.jpg</thumbnail>
    <fanart>https://image.tmdb.org/t/p/w1280//x2EutNySnFRVrjOXsnGyj3HHvf7.jpg</fanart>
</item>
<item>
    <title>Little Fockers</title>
    <meta>
        <imdb>tt0970866</imdb>
        <content>movie</content>
        <title>Little Fockers</title>
        <year>2010</year>
    </meta>
    <link>
        <sublink>search</sublink>
        <sublink>searchsd</sublink>
    </link>
    <thumbnail>https://image.tmdb.org/t/p/w1280//qixmjH8fLD9IkboPO7FKxAqzwRJ.jpg</thumbnail>
    <fanart>https://image.tmdb.org/t/p/w1280//gpodYxsJZ6OVlpPo0fYkubTBWx9.jpg</fanart>
</item>
<item>
    <title>Little Miss Sunshine</title>
    <meta>
        <imdb>tt0449059</imdb>
        <content>movie</content>
        <title>Little Miss Sunshine</title>
        <year>2006</year>
    </meta>
    <link>
        <sublink>search</sublink>
        <sublink>searchsd</sublink>
    </link>
    <thumbnail>https://image.tmdb.org/t/p/w1280//5ZuviyEOkelod8x5j5CWa45jsw2.jpg</thumbnail>
    <fanart>https://image.tmdb.org/t/p/w1280//2II5wbEvodIXLEGPAkmkBe60rYD.jpg</fanart>
</item>
<item>
    <title>Manchester by the Sea</title>
    <meta>
        <imdb>tt4034228</imdb>
        <content>movie</content>
        <title>Manchester by the Sea</title>
        <year>2016</year>
    </meta>
    <link>
        <sublink>search</sublink>
        <sublink>searchsd</sublink>
    </link>
    <thumbnail>https://image.tmdb.org/t/p/w1280//e8daDzP0vFOnGyKmve95Yv0D0io.jpg</thumbnail>
    <fanart>https://image.tmdb.org/t/p/w1280//urSqvE0AyIHkYogUsQaVAmZrN0M.jpg</fanart>
</item>
<item>
    <title>Meet Joe Black</title>
    <meta>
        <imdb>tt0119643</imdb>
        <content>movie</content>
        <title>Meet Joe Black</title>
        <year>1998</year>
    </meta>
    <link>
        <sublink>search</sublink>
        <sublink>searchsd</sublink>
    </link>
    <thumbnail>https://image.tmdb.org/t/p/w1280//3velgL8B8MtsIpRsMuRCNemtBQ9.jpg</thumbnail>
    <fanart>https://image.tmdb.org/t/p/w1280//4iDp0J3bZOqIpwyOU3nvj1FOIXW.jpg</fanart>
</item>
<item>
    <title>Meet the Fockers</title>
    <meta>
        <imdb>tt0290002</imdb>
        <content>movie</content>
        <title>Meet the Fockers</title>
        <year>2004</year>
    </meta>
    <link>
        <sublink>search</sublink>
        <sublink>searchsd</sublink>
    </link>
    <thumbnail>https://image.tmdb.org/t/p/w1280//xHAqB06iL5D6HyOS6QpgyKkRQHD.jpg</thumbnail>
    <fanart>https://image.tmdb.org/t/p/w1280//f0eF1rB9KnZPonliSt8CazKvihD.jpg</fanart>
</item>
<item>
    <title>Meet the Parents</title>
    <meta>
        <imdb>tt0212338</imdb>
        <content>movie</content>
        <title>Meet the Parents</title>
        <year>2000</year>
    </meta>
    <link>
        <sublink>search</sublink>
        <sublink>searchsd</sublink>
    </link>
    <thumbnail>https://image.tmdb.org/t/p/w1280//wVjtQtzv9IcNRGnOOdcK797Sdxx.jpg</thumbnail>
    <fanart>https://image.tmdb.org/t/p/w1280//iMBlLEjC74OQbQ60bubdF27P35K.jpg</fanart>
</item>
<item>
    <title>Mrs. Doubtfire</title>
    <meta>
        <imdb>tt0107614</imdb>
        <content>movie</content>
        <title>Mrs. Doubtfire</title>
        <year>1993</year>
    </meta>
    <link>
        <sublink>search</sublink>
        <sublink>searchsd</sublink>
    </link>
    <thumbnail>https://image.tmdb.org/t/p/w1280//jx4NvllNGN7o5bpIhcCMh26Xwaj.jpg</thumbnail>
    <fanart>https://image.tmdb.org/t/p/w1280//qNsWEoqmGPJJk9c0orgycftzRQi.jpg</fanart>
</item>
<item>
    <title>My Girl</title>
    <meta>
        <imdb>tt0102492</imdb>
        <content>movie</content>
        <title>My Girl</title>
        <year>1991</year>
    </meta>
    <link>
        <sublink>search</sublink>
        <sublink>searchsd</sublink>
    </link>
    <thumbnail>https://image.tmdb.org/t/p/w1280//4Csti4PTqzJM1lSY1zoFgXyjB8X.jpg</thumbnail>
    <fanart>https://image.tmdb.org/t/p/w1280//bUkb8goYWIRfDISwmUyKbZZnfMV.jpg</fanart>
</item>
<item>
    <title>The Natural</title>
    <meta>
        <imdb>tt0087781</imdb>
        <content>movie</content>
        <title>The Natural</title>
        <year>1984</year>
    </meta>
    <link>
        <sublink>search</sublink>
        <sublink>searchsd</sublink>
    </link>
    <thumbnail>https://image.tmdb.org/t/p/w1280//f1iPiQoYbQ40XsJHPyMIiBmSrDB.jpg</thumbnail>
    <fanart>https://image.tmdb.org/t/p/w1280//mZGGoFWy8pCUDse0iFTG6uEkQW9.jpg</fanart>
</item>
<item>
    <title>Nebraska</title>
    <meta>
        <imdb>tt1821549</imdb>
        <content>movie</content>
        <title>Nebraska</title>
        <year>2013</year>
    </meta>
    <link>
        <sublink>search</sublink>
        <sublink>searchsd</sublink>
    </link>
    <thumbnail>https://image.tmdb.org/t/p/w1280//zyG3vYWK7SwWT4bvrWeFef0J7fp.jpg</thumbnail>
    <fanart>https://image.tmdb.org/t/p/w1280//pjVhL1UZ33jBWPBd8HxOpfhAiA7.jpg</fanart>
</item>
<item>
    <title>Paper Moon</title>
    <meta>
        <imdb>tt0070510</imdb>
        <content>movie</content>
        <title>Paper Moon</title>
        <year>1973</year>
    </meta>
    <link>
        <sublink>search</sublink>
        <sublink>searchsd</sublink>
    </link>
    <thumbnail>https://image.tmdb.org/t/p/w1280//xq7F3iUFJY1L4UFIHoO2Y3fmnE6.jpg</thumbnail>
    <fanart>https://image.tmdb.org/t/p/w1280//koQRgwuWvAqI95pdWAmbvlx1js0.jpg</fanart>
</item>
<item>
    <title>Parenthood</title>
    <meta>
        <imdb>tt0098067</imdb>
        <content>movie</content>
        <title>Parenthood</title>
        <year>1989</year>
    </meta>
    <link>
        <sublink>search</sublink>
        <sublink>searchsd</sublink>
    </link>
    <thumbnail>https://image.tmdb.org/t/p/w1280//e51tNNQBJpJi9xkyuj0QFhyBcz7.jpg</thumbnail>
    <fanart>https://image.tmdb.org/t/p/w1280//3vcWS6OLqGMUBcoyvb8pFks0lzS.jpg</fanart>
</item>
<item>
    <title>Proof</title>
    <meta>
        <imdb>tt0377107</imdb>
        <content>movie</content>
        <title>Proof</title>
        <year>2005</year>
    </meta>
    <link>
        <sublink>search</sublink>
        <sublink>searchsd</sublink>
    </link>
    <thumbnail>https://image.tmdb.org/t/p/w1280//epdaSTJ7sPeXrDaaRE4oefTqXqv.jpg</thumbnail>
    <fanart>https://image.tmdb.org/t/p/w1280//275ywEHPVfW47kJXiRDQgYM5ax9.jpg</fanart>
</item>
<item>
    <title>The Pursuit of Happyness</title>
    <meta>
        <imdb>tt0454921</imdb>
        <content>movie</content>
        <title>The Pursuit of Happyness</title>
        <year>2006</year>
    </meta>
    <link>
        <sublink>search</sublink>
        <sublink>searchsd</sublink>
    </link>
    <thumbnail>https://image.tmdb.org/t/p/w1280//iMNp6gTeDBXbzjKRNYtorxZ76G2.jpg</thumbnail>
    <fanart>https://image.tmdb.org/t/p/w1280//yFQg8nKzAWGNNBg277bvHyWSCJu.jpg</fanart>
</item>
<item>
    <title>RV</title>
    <meta>
        <imdb>tt0449089</imdb>
        <content>movie</content>
        <title>RV</title>
        <year>2006</year>
    </meta>
    <link>
        <sublink>search</sublink>
        <sublink>searchsd</sublink>
    </link>
    <thumbnail>https://image.tmdb.org/t/p/w1280//eqV0JjfwcEJuK3JPZ2rsNvS1p30.jpg</thumbnail>
    <fanart>https://image.tmdb.org/t/p/w1280//hY3MIfukrNWveQlAiP0bQJzCqL3.jpg</fanart>
</item>
<item>
    <title>The Road</title>
    <meta>
        <imdb>tt0898367</imdb>
        <content>movie</content>
        <title>The Road</title>
        <year>2009</year>
    </meta>
    <link>
        <sublink>search</sublink>
        <sublink>searchsd</sublink>
    </link>
    <thumbnail>https://image.tmdb.org/t/p/w1280//o34ARieL8kqGzcMnSksJ6OGPRK2.jpg</thumbnail>
    <fanart>https://image.tmdb.org/t/p/w1280//pUNlJ6jzDsgUvPjJeFfsyyOSZJx.jpg</fanart>
</item>
<item>
    <title>Road to Perdition</title>
    <meta>
        <imdb>tt0257044</imdb>
        <content>movie</content>
        <title>Road to Perdition</title>
        <year>2002</year>
    </meta>
    <link>
        <sublink>search</sublink>
        <sublink>searchsd</sublink>
    </link>
    <thumbnail>https://image.tmdb.org/t/p/w1280//jn0GH8klINSQtRNifY8W2Kv4ajl.jpg</thumbnail>
    <fanart>https://image.tmdb.org/t/p/w1280//z1ePpG598FI2az9fZrvHmKbV5Tz.jpg</fanart>
</item>
<item>
    <title>The Royal Tenenbaums</title>
    <meta>
        <imdb>tt0265666</imdb>
        <content>movie</content>
        <title>The Royal Tenenbaums</title>
        <year>2001</year>
    </meta>
    <link>
        <sublink>search</sublink>
        <sublink>searchsd</sublink>
    </link>
    <thumbnail>https://image.tmdb.org/t/p/w1280//5xw30y0pSaMtTcuZW5VaQPiR8qb.jpg</thumbnail>
    <fanart>https://image.tmdb.org/t/p/w1280//rk05hk4V0hmfHh4nl2KHjOaNKnq.jpg</fanart>
</item>
<item>
    <title>Signs</title>
    <meta>
        <imdb>tt0286106</imdb>
        <content>movie</content>
        <title>Signs</title>
        <year>2002</year>
    </meta>
    <link>
        <sublink>search</sublink>
        <sublink>searchsd</sublink>
    </link>
    <thumbnail>https://image.tmdb.org/t/p/w1280//bY9lCUVUajpkKWlfjWF1mtXaSUp.jpg</thumbnail>
    <fanart>https://image.tmdb.org/t/p/w1280//ksyOtfDvn3eZZIfEcoRy87YUiwL.jpg</fanart>
</item>
<item>
    <title>Somewhere</title>
    <meta>
        <imdb>tt1421051</imdb>
        <content>movie</content>
        <title>Somewhere</title>
        <year>2010</year>
    </meta>
    <link>
        <sublink>search</sublink>
        <sublink>searchsd</sublink>
    </link>
    <thumbnail>https://image.tmdb.org/t/p/w1280//d3A0bbRp6sHN4uz6n3ddbtyL1tt.jpg</thumbnail>
    <fanart>https://image.tmdb.org/t/p/w1280//AowK7mEL8mj4t9nx6Fz3WRbp7fy.jpg</fanart>
</item>
<item>
    <title>Taken</title>
    <meta>
        <imdb>tt0936501</imdb>
        <content>movie</content>
        <title>Taken</title>
        <year>2008</year>
    </meta>
    <link>
        <sublink>search</sublink>
        <sublink>searchsd</sublink>
    </link>
    <thumbnail>https://image.tmdb.org/t/p/w1280//3zlffXmo7QpVBc17QIJWrRfasVr.jpg</thumbnail>
    <fanart>https://image.tmdb.org/t/p/w1280//d5vwBiuJI1a2hBcGjhsWhpmAkL7.jpg</fanart>
</item>
<item>
    <title>Taken 2</title>
    <meta>
        <imdb>tt1397280</imdb>
        <content>movie</content>
        <title>Taken 2</title>
        <year>2012</year>
    </meta>
    <link>
        <sublink>search</sublink>
        <sublink>searchsd</sublink>
    </link>
    <thumbnail>https://image.tmdb.org/t/p/w1280//rDX2zd9aVMJnBmlS8efwOYsi76R.jpg</thumbnail>
    <fanart>https://image.tmdb.org/t/p/w1280//uLQjXZq6307jTgcACnhOeh5mCK2.jpg</fanart>
</item>
<item>
    <title>Taken 3</title>
    <meta>
        <imdb>tt2446042</imdb>
        <content>movie</content>
        <title>Taken 3</title>
        <year>2014</year>
    </meta>
    <link>
        <sublink>search</sublink>
        <sublink>searchsd</sublink>
    </link>
    <thumbnail>https://image.tmdb.org/t/p/w1280//ikDwR3i2bczqnRf1urJTy77YTFf.jpg</thumbnail>
    <fanart>https://image.tmdb.org/t/p/w1280//sFTXZBtYAPHCwvX6OYNr916M6SZ.jpg</fanart>
</item>
<item>
    <title>The Tree of Life</title>
    <meta>
        <imdb>tt0478304</imdb>
        <content>movie</content>
        <title>The Tree of Life</title>
        <year>2011</year>
    </meta>
    <link>
        <sublink>search</sublink>
        <sublink>searchsd</sublink>
    </link>
    <thumbnail>https://image.tmdb.org/t/p/w1280//ptDOdfOg0srtk4TGdeYbLqxv2nd.jpg</thumbnail>
    <fanart>https://image.tmdb.org/t/p/w1280//tBs9alJ2weUkOW83RkuBlz8Nlw6.jpg</fanart>
</item>
<item>
    <title>Trouble with the Curve</title>
    <meta>
        <imdb>tt2083383</imdb>
        <content>movie</content>
        <title>Trouble with the Curve</title>
        <year>2012</year>
    </meta>
    <link>
        <sublink>search</sublink>
        <sublink>searchsd</sublink>
    </link>
    <thumbnail>https://image.tmdb.org/t/p/w1280//vNWFhlTseaTupYmpnXxJLoShJe3.jpg</thumbnail>
    <fanart>https://image.tmdb.org/t/p/w1280//9fN6z7JcO5o3jDmJ0fHSq4PXwUT.jpg</fanart>
</item>
<item>
    <title>Unbreakable</title>
    <meta>
        <imdb>tt0217869</imdb>
        <content>movie</content>
        <title>Unbreakable</title>
        <year>2000</year>
    </meta>
    <link>
        <sublink>search</sublink>
        <sublink>searchsd</sublink>
    </link>
    <thumbnail>https://image.tmdb.org/t/p/w1280//pvL37V88plePxFSszCbV3wRHiBm.jpg</thumbnail>
    <fanart>https://image.tmdb.org/t/p/w1280//r6CPXyNjuuqE0HNP4DBX4poQtda.jpg</fanart>
</item>
<item>
    <title>We Bought a Zoo</title>
    <meta>
        <imdb>tt1389137</imdb>
        <content>movie</content>
        <title>We Bought a Zoo</title>
        <year>2011</year>
    </meta>
    <link>
        <sublink>search</sublink>
        <sublink>searchsd</sublink>
    </link>
    <thumbnail>https://image.tmdb.org/t/p/w1280//2gYXRzCsQz7qpZKgoE28a9zX1eu.jpg</thumbnail>
    <fanart>https://image.tmdb.org/t/p/w1280//3shXpoLYyfKucz3vJXrP0FCuqJM.jpg</fanart>
</item>
<item>
    <title>What Women Want</title>
    <meta>
        <imdb>tt0207201</imdb>
        <content>movie</content>
        <title>What Women Want</title>
        <year>2000</year>
    </meta>
    <link>
        <sublink>search</sublink>
        <sublink>searchsd</sublink>
    </link>
    <thumbnail>https://image.tmdb.org/t/p/w1280//xiL4PMdL2b5RRdsfEkGmaol2ScW.jpg</thumbnail>
    <fanart>https://image.tmdb.org/t/p/w1280//hUCf8nuuSjUwWlOmTVVPXJHl97v.jpg</fanart>
</item>
<item>
    <title>Father and Son</title>
    <meta>
        <imdb>tt0363249</imdb>
        <content>movie</content>
        <title>Father and Son</title>
        <year>2003</year>
    </meta>
    <link>
        <sublink>search</sublink>
        <sublink>searchsd</sublink>
    </link>
    <thumbnail>https://image.tmdb.org/t/p/w1280//pGGUrgF5nPyMpJbiN87SlT2zqxB.jpg</thumbnail>
    <fanart>https://image.tmdb.org/t/p/w1280//6r0fsNmC5UW9wkPBXgiOmDXE8pj.jpg</fanart>
</item>
