<item>
    <title>36 Hours</title>
    <meta>
        <imdb>tt0046411</imdb>
        <content>movie</content>
        <title>36 Hours</title>
        <year>1953</year>
    </meta>
    <link>
        <sublink>search</sublink>
        <sublink>searchsd</sublink>
    </link>
    <thumbnail>https://image.tmdb.org/t/p/w1280//1VUyNC5Wko6IpAuncynJMisPlDH.jpg</thumbnail>
    <fanart>https://image.tmdb.org/t/p/w1280//4s8mRCTeiPRSsDr0doJTMZous8O.jpg</fanart>
</item>
<item>
    <title>A Case For P.C. 49</title>
    <meta>
        <imdb>tt0043385</imdb>
        <content>movie</content>
        <title>A Case For P.C. 49</title>
        <year>1951</year>
    </meta>
    <link>
        <sublink>search</sublink>
        <sublink>searchsd</sublink>
    </link>
    <thumbnail>https://image.tmdb.org/t/p/w1280//iCv6WVeSzGllhRgmAwYeVIkp3Yp.jpg</thumbnail>
    <fanart/>
</item>
<item>
    <title>A Challenge for Robin Hood</title>
    <meta>
        <imdb>tt0062787</imdb>
        <content>movie</content>
        <title>A Challenge for Robin Hood</title>
        <year>1967</year>
    </meta>
    <link>
        <sublink>search</sublink>
        <sublink>searchsd</sublink>
    </link>
    <thumbnail>https://image.tmdb.org/t/p/w1280//2oxNq7XOb6zMqbriPzBJlA06zpW.jpg</thumbnail>
    <fanart>https://image.tmdb.org/t/p/w1280//hTDpUm1m0zUvcplYX4H4Ns2XSMo.jpg</fanart>
</item>
<item>
    <title>A Weekend With Lulu</title>
    <meta>
        <imdb>tt0056683</imdb>
        <content>movie</content>
        <title>A Weekend With Lulu</title>
        <year>1961</year>
    </meta>
    <link>
        <sublink>search</sublink>
        <sublink>searchsd</sublink>
    </link>
    <thumbnail>https://image.tmdb.org/t/p/w1280//gfq4thTdH7Cdts5FFc7evgCETzD.jpg</thumbnail>
    <fanart/>
</item>
<item>
    <title>The Abominable Snowman</title>
    <meta>
        <imdb>tt0050095</imdb>
        <content>movie</content>
        <title>The Abominable Snowman</title>
        <year>1957</year>
    </meta>
    <link>
        <sublink>search</sublink>
        <sublink>searchsd</sublink>
    </link>
    <thumbnail>https://image.tmdb.org/t/p/w1280//ew09BjLLwvEBhQsUhmk14IKH6q6.jpg</thumbnail>
    <fanart>https://image.tmdb.org/t/p/w1280//ujfEeymR8FRC1RMp2hzWO6v1eLq.jpg</fanart>
</item>
<item>
    <title>The Adventures of P.C. 49: Investigating the Case of the Guardian Angel</title>
    <meta>
        <imdb>tt0041095</imdb>
        <content>movie</content>
        <title>The Adventures of P.C. 49: Investigating the Case of the Guardian Angel</title>
        <year>1949</year>
    </meta>
    <link>
        <sublink>search</sublink>
        <sublink>searchsd</sublink>
    </link>
    <thumbnail>https://image.tmdb.org/t/p/w1280//e9OmAs08DbeYrF4PvszqNNb9bbV.jpg</thumbnail>
    <fanart/>
</item>
<item>
    <title>The Anniversary</title>
    <meta>
        <imdb>tt0062671</imdb>
        <content>movie</content>
        <title>The Anniversary</title>
        <year>1968</year>
    </meta>
    <link>
        <sublink>search</sublink>
        <sublink>searchsd</sublink>
    </link>
    <thumbnail>https://image.tmdb.org/t/p/w1280//t2Qv8BB2LhM2kYfNUCnIpQKUaxz.jpg</thumbnail>
    <fanart>https://image.tmdb.org/t/p/w1280//vLeizRuacggsSdI2vcZXv16d7TA.jpg</fanart>
</item>
<item>
    <title>The Bank Messenger Mystery</title>
    <meta>
        <imdb>tt0128955</imdb>
        <content>movie</content>
        <title>The Bank Messenger Mystery</title>
        <year>1936</year>
    </meta>
    <link>
        <sublink>search</sublink>
        <sublink>searchsd</sublink>
    </link>
    <thumbnail/>
    <fanart/>
</item>
<item>
    <title>Beyond the Rave</title>
    <meta>
        <imdb>tt1104731</imdb>
        <content>movie</content>
        <title>Beyond the Rave</title>
        <year>2008</year>
    </meta>
    <link>
        <sublink>search</sublink>
        <sublink>searchsd</sublink>
    </link>
    <thumbnail>https://image.tmdb.org/t/p/w1280//5Gah0rqdJ0Sy5ghzHs9Gt9zl0s7.jpg</thumbnail>
    <fanart/>
</item>
<item>
    <title>The Black Widow</title>
    <meta>
        <imdb>tt0043344</imdb>
        <content>movie</content>
        <title>The Black Widow</title>
        <year>1951</year>
    </meta>
    <link>
        <sublink>search</sublink>
        <sublink>searchsd</sublink>
    </link>
    <thumbnail>https://image.tmdb.org/t/p/w1280//pHchSlLJAlbACK8QpBcTa5DJeuV.jpg</thumbnail>
    <fanart>https://image.tmdb.org/t/p/w1280//86QMQNvTdghM5q5LhH3favPlyuo.jpg</fanart>
</item>
<item>
    <title>Blood Orange</title>
    <meta>
        <imdb>tt0045562</imdb>
        <content>movie</content>
        <title>Blood Orange</title>
        <year>1953</year>
    </meta>
    <link>
        <sublink>search</sublink>
        <sublink>searchsd</sublink>
    </link>
    <thumbnail>https://image.tmdb.org/t/p/w1280//ylBP4CQyotGRQTO9ABQtrEgahGn.jpg</thumbnail>
    <fanart/>
</item>
<item>
    <title>Blood from the Mummy's Tomb</title>
    <meta>
        <imdb>tt0068290</imdb>
        <content>movie</content>
        <title>Blood from the Mummy's Tomb</title>
        <year>1971</year>
    </meta>
    <link>
        <sublink>search</sublink>
        <sublink>searchsd</sublink>
    </link>
    <thumbnail>https://image.tmdb.org/t/p/w1280//8CoQqZMyeeimQZH5uYN7d8haoxD.jpg</thumbnail>
    <fanart>https://image.tmdb.org/t/p/w1280//bzLkNQRiKRkkFSlqR7gnEJzTIGZ.jpg</fanart>
</item>
<item>
    <title>Break in the Circle</title>
    <meta>
        <imdb>tt0050211</imdb>
        <content>movie</content>
        <title>Break in the Circle</title>
        <year>1955</year>
    </meta>
    <link>
        <sublink>search</sublink>
        <sublink>searchsd</sublink>
    </link>
    <thumbnail>https://image.tmdb.org/t/p/w1280//mREAhcp3yglOMpqF3ZlBRgvigs5.jpg</thumbnail>
    <fanart/>
</item>
<item>
    <title>The Brides of Dracula</title>
    <meta>
        <imdb>tt0053677</imdb>
        <content>movie</content>
        <title>The Brides of Dracula</title>
        <year>1960</year>
    </meta>
    <link>
        <sublink>search</sublink>
        <sublink>searchsd</sublink>
    </link>
    <thumbnail>https://image.tmdb.org/t/p/w1280//zO3v1I1CEGVoerS1nD0wTMULr6d.jpg</thumbnail>
    <fanart>https://image.tmdb.org/t/p/w1280//9OMSEzFWrqBNlF09DefYuGrFJqJ.jpg</fanart>
</item>
<item>
    <title>The Brigand of Kandahar</title>
    <meta>
        <imdb>tt0058991</imdb>
        <content>movie</content>
        <title>The Brigand of Kandahar</title>
        <year>1965</year>
    </meta>
    <link>
        <sublink>search</sublink>
        <sublink>searchsd</sublink>
    </link>
    <thumbnail>https://image.tmdb.org/t/p/w1280//y2kHoUvlRCzu0N7MQENLQwUCjhp.jpg</thumbnail>
    <fanart>https://image.tmdb.org/t/p/w1280//oMa5dn6YZRIbcnw4TtQN9CSJjKK.jpg</fanart>
</item>
<item>
    <title>The Camp on Blood Island</title>
    <meta>
        <imdb>tt0051444</imdb>
        <content>movie</content>
        <title>The Camp on Blood Island</title>
        <year>1958</year>
    </meta>
    <link>
        <sublink>search</sublink>
        <sublink>searchsd</sublink>
    </link>
    <thumbnail>https://image.tmdb.org/t/p/w1280//lAEhUoUNWa2LIsEN0Qc53rbs6FV.jpg</thumbnail>
    <fanart/>
</item>
<item>
    <title>Captain Clegg</title>
    <meta>
        <imdb>tt0056277</imdb>
        <content>movie</content>
        <title>Captain Clegg</title>
        <year>1962</year>
    </meta>
    <link>
        <sublink>search</sublink>
        <sublink>searchsd</sublink>
    </link>
    <thumbnail>https://image.tmdb.org/t/p/w1280//xvyXuNgLtZCx1ZhRAaXq0TrhJSb.jpg</thumbnail>
    <fanart>https://image.tmdb.org/t/p/w1280//gfv6Op0iYoRFEruEXYU0SsIWMvz.jpg</fanart>
</item>
<item>
    <title>Captain Kronos: Vampire Hunter</title>
    <meta>
        <imdb>tt0071276</imdb>
        <content>movie</content>
        <title>Captain Kronos: Vampire Hunter</title>
        <year>1974</year>
    </meta>
    <link>
        <sublink>search</sublink>
        <sublink>searchsd</sublink>
    </link>
    <thumbnail>https://image.tmdb.org/t/p/w1280//j2Vfuzh18uNHcgV7nzwLmldA7aL.jpg</thumbnail>
    <fanart>https://image.tmdb.org/t/p/w1280//vREH53N0Toun37OJ1UbvHgfDriB.jpg</fanart>
</item>
<item>
    <title>Cash on Demand</title>
    <meta>
        <imdb>tt0054731</imdb>
        <content>movie</content>
        <title>Cash on Demand</title>
        <year>1961</year>
    </meta>
    <link>
        <sublink>search</sublink>
        <sublink>searchsd</sublink>
    </link>
    <thumbnail>https://image.tmdb.org/t/p/w1280//3NXBK9y2flANpnOWCJvvpnZkd8H.jpg</thumbnail>
    <fanart>https://image.tmdb.org/t/p/w1280//dGTrf5sZ0izqTZTKBLFZ419eBxt.jpg</fanart>
</item>
<item>
    <title>Celia: The Sinister Affair of Poor Aunt Nora</title>
    <meta>
        <imdb>tt0041236</imdb>
        <content>movie</content>
        <title>Celia: The Sinister Affair of Poor Aunt Nora</title>
        <year>1949</year>
    </meta>
    <link>
        <sublink>search</sublink>
        <sublink>searchsd</sublink>
    </link>
    <thumbnail>https://image.tmdb.org/t/p/w1280//pY785fzWnvbP3vO2gbcLmdn4JO3.jpg</thumbnail>
    <fanart/>
</item>
<item>
    <title>Cloudburst</title>
    <meta>
        <imdb>tt0043418</imdb>
        <content>movie</content>
        <title>Cloudburst</title>
        <year>1951</year>
    </meta>
    <link>
        <sublink>search</sublink>
        <sublink>searchsd</sublink>
    </link>
    <thumbnail>https://image.tmdb.org/t/p/w1280//qPk6BQyxgDkJsLac1MvFsBoUC0E.jpg</thumbnail>
    <fanart>https://image.tmdb.org/t/p/w1280//yMe1kQKNlX5zTHbwXvqxgiEqiig.jpg</fanart>
</item>
<item>
    <title>Countess Dracula</title>
    <meta>
        <imdb>tt0065580</imdb>
        <content>movie</content>
        <title>Countess Dracula</title>
        <year>1971</year>
    </meta>
    <link>
        <sublink>search</sublink>
        <sublink>searchsd</sublink>
    </link>
    <thumbnail>https://image.tmdb.org/t/p/w1280//z581UpqoJOaZFERBtMUvr9lZm5a.jpg</thumbnail>
    <fanart>https://image.tmdb.org/t/p/w1280//ccnu0wx2gTb96vbTnEQiiJTwyNg.jpg</fanart>
</item>
<item>
    <title>Creatures the World Forgot</title>
    <meta>
        <imdb>tt0066955</imdb>
        <content>movie</content>
        <title>Creatures the World Forgot</title>
        <year>1971</year>
    </meta>
    <link>
        <sublink>search</sublink>
        <sublink>searchsd</sublink>
    </link>
    <thumbnail>https://image.tmdb.org/t/p/w1280//uk5qaK9jL2dxQ7xp9wtm6mPRKzM.jpg</thumbnail>
    <fanart>https://image.tmdb.org/t/p/w1280//7W3CfN6KKMAnImxoL5n3LgTKbNL.jpg</fanart>
</item>
<item>
    <title>Crescendo</title>
    <meta>
        <imdb>tt0064188</imdb>
        <content>movie</content>
        <title>Crescendo</title>
        <year>1970</year>
    </meta>
    <link>
        <sublink>search</sublink>
        <sublink>searchsd</sublink>
    </link>
    <thumbnail>https://image.tmdb.org/t/p/w1280//5daHI1MSAgrj4Q57Qfb94tI5EL7.jpg</thumbnail>
    <fanart>https://image.tmdb.org/t/p/w1280//6ZU5HY0Y1mc6jCdPSRRv4RDzRu3.jpg</fanart>
</item>
<item>
    <title>The Curse of Frankenstein</title>
    <meta>
        <imdb>tt0050280</imdb>
        <content>movie</content>
        <title>The Curse of Frankenstein</title>
        <year>1957</year>
    </meta>
    <link>
        <sublink>search</sublink>
        <sublink>searchsd</sublink>
    </link>
    <thumbnail>https://image.tmdb.org/t/p/w1280//f4dwXdeZFHzLKMNgKGe46RWsMmM.jpg</thumbnail>
    <fanart>https://image.tmdb.org/t/p/w1280//jBidAzvvwYWQMm5dxZwA49vErns.jpg</fanart>
</item>
<item>
    <title>The Curse of the Mummy's Tomb</title>
    <meta>
        <imdb>tt0057986</imdb>
        <content>movie</content>
        <title>The Curse of the Mummy's Tomb</title>
        <year>1964</year>
    </meta>
    <link>
        <sublink>search</sublink>
        <sublink>searchsd</sublink>
    </link>
    <thumbnail>https://image.tmdb.org/t/p/w1280//coAHnKEqU2duxDiBgc0ZfyZjf1u.jpg</thumbnail>
    <fanart>https://image.tmdb.org/t/p/w1280//3GzQ4maZwSR6hF3ASJQj13Gv3Dp.jpg</fanart>
</item>
<item>
    <title>The Curse of the Werewolf</title>
    <meta>
        <imdb>tt0054777</imdb>
        <content>movie</content>
        <title>The Curse of the Werewolf</title>
        <year>1961</year>
    </meta>
    <link>
        <sublink>search</sublink>
        <sublink>searchsd</sublink>
    </link>
    <thumbnail>https://image.tmdb.org/t/p/w1280//bEooe0py5M8tvfIrjRZPmxzNsHy.jpg</thumbnail>
    <fanart>https://image.tmdb.org/t/p/w1280//dosjfIX3BsGgfWDB0ankqxOnlG9.jpg</fanart>
</item>
<item>
    <title>The Damned</title>
    <meta>
        <imdb>tt0056576</imdb>
        <content>movie</content>
        <title>The Damned</title>
        <year>1963</year>
    </meta>
    <link>
        <sublink>search</sublink>
        <sublink>searchsd</sublink>
    </link>
    <thumbnail>https://image.tmdb.org/t/p/w1280//8Gb2QEki3hmo2SawCw4dOz1ZBrU.jpg</thumbnail>
    <fanart>https://image.tmdb.org/t/p/w1280//aywJCF0L4q9qy2tYi9QjeX62rdY.jpg</fanart>
</item>
<item>
    <title>The Dark Light</title>
    <meta>
        <imdb>tt0043452</imdb>
        <content>movie</content>
        <title>The Dark Light</title>
        <year>1951</year>
    </meta>
    <link>
        <sublink>search</sublink>
        <sublink>searchsd</sublink>
    </link>
    <thumbnail>https://image.tmdb.org/t/p/w1280//igYKDB7T3F1PaHoN7P62ROCa5Z9.jpg</thumbnail>
    <fanart>https://image.tmdb.org/t/p/w1280//osrBDAnVOgNqiK3mCN3djoqBuzl.jpg</fanart>
</item>
<item>
    <title>The Dark Road</title>
    <meta>
        <imdb>tt0174575</imdb>
        <content>movie</content>
        <title>The Dark Road</title>
        <year>1948</year>
    </meta>
    <link>
        <sublink>search</sublink>
        <sublink>searchsd</sublink>
    </link>
    <thumbnail>https://image.tmdb.org/t/p/w1280//l80HvJpOz0qLzPke73AA4RpEYKP.jpg</thumbnail>
    <fanart/>
</item>
<item>
    <title>Dead on Course</title>
    <meta>
        <imdb>tt0045331</imdb>
        <content>movie</content>
        <title>Dead on Course</title>
        <year>1952</year>
    </meta>
    <link>
        <sublink>search</sublink>
        <sublink>searchsd</sublink>
    </link>
    <thumbnail>https://image.tmdb.org/t/p/w1280//iOgF62CApzkmSqohvs0Wc6Z6fr1.jpg</thumbnail>
    <fanart>https://image.tmdb.org/t/p/w1280//nCfkKZW62lKVIAqNPhNlBIU0CNX.jpg</fanart>
</item>
<item>
    <title>Death in High Heels</title>
    <meta>
        <imdb>tt0172306</imdb>
        <content>movie</content>
        <title>Death in High Heels</title>
        <year>1947</year>
    </meta>
    <link>
        <sublink>search</sublink>
        <sublink>searchsd</sublink>
    </link>
    <thumbnail>https://image.tmdb.org/t/p/w1280//uzz2hsOtq4hHcdVuxZvPHmuQiFv.jpg</thumbnail>
    <fanart/>
</item>
<item>
    <title>Death of an Angel</title>
    <meta>
        <imdb>tt0204251</imdb>
        <content>movie</content>
        <title>Death of an Angel</title>
        <year>1952</year>
    </meta>
    <link>
        <sublink>search</sublink>
        <sublink>searchsd</sublink>
    </link>
    <thumbnail>https://image.tmdb.org/t/p/w1280//v7au92lRsmhM4rTrcnywLdRiiBL.jpg</thumbnail>
    <fanart/>
</item>
<item>
    <title>Demons of the Mind</title>
    <meta>
        <imdb>tt0066982</imdb>
        <content>movie</content>
        <title>Demons of the Mind</title>
        <year>1972</year>
    </meta>
    <link>
        <sublink>search</sublink>
        <sublink>searchsd</sublink>
    </link>
    <thumbnail>https://image.tmdb.org/t/p/w1280//8AI1SBS6mpmvcmEUWJchjCbR90X.jpg</thumbnail>
    <fanart>https://image.tmdb.org/t/p/w1280//nCz5za5hy5lUZoDBPAfk70zZoJx.jpg</fanart>
</item>
<item>
    <title>The Devil Rides Out</title>
    <meta>
        <imdb>tt0062885</imdb>
        <content>movie</content>
        <title>The Devil Rides Out</title>
        <year>1968</year>
    </meta>
    <link>
        <sublink>search</sublink>
        <sublink>searchsd</sublink>
    </link>
    <thumbnail>https://image.tmdb.org/t/p/w1280//6sPmdNVa11PlwXZp1KeHAjMv5O9.jpg</thumbnail>
    <fanart>https://image.tmdb.org/t/p/w1280//wFSkj7oFhXCZD7y02PFwlib8PRU.jpg</fanart>
</item>
<item>
    <title>The Devil-Ship Pirates</title>
    <meta>
        <imdb>tt0058011</imdb>
        <content>movie</content>
        <title>The Devil-Ship Pirates</title>
        <year>1964</year>
    </meta>
    <link>
        <sublink>search</sublink>
        <sublink>searchsd</sublink>
    </link>
    <thumbnail>https://image.tmdb.org/t/p/w1280//jVzwFPNnMdNumauAgldBBdLfsSC.jpg</thumbnail>
    <fanart>https://image.tmdb.org/t/p/w1280//iwrVaUtDiZA12pIpWt3ySxscm8a.jpg</fanart>
</item>
<item>
    <title>Dick Barton Strikes Back</title>
    <meta>
        <imdb>tt0041296</imdb>
        <content>movie</content>
        <title>Dick Barton Strikes Back</title>
        <year>1949</year>
    </meta>
    <link>
        <sublink>search</sublink>
        <sublink>searchsd</sublink>
    </link>
    <thumbnail>https://image.tmdb.org/t/p/w1280//dcjJtXM0ERwxBr4JVHJhu1FMXHv.jpg</thumbnail>
    <fanart/>
</item>
<item>
    <title>Dick Barton at Bay</title>
    <meta>
        <imdb>tt0042399</imdb>
        <content>movie</content>
        <title>Dick Barton at Bay</title>
        <year>1950</year>
    </meta>
    <link>
        <sublink>search</sublink>
        <sublink>searchsd</sublink>
    </link>
    <thumbnail>https://image.tmdb.org/t/p/w1280//6ifAzulPX8mBR9QAI0rGHkdFcOe.jpg</thumbnail>
    <fanart>https://image.tmdb.org/t/p/w1280//6lUVCqdqhmOau9DYQfCRhQOtQ7k.jpg</fanart>
</item>
<item>
    <title>Dick Barton: Special Agent</title>
    <meta>
        <imdb>tt0040289</imdb>
        <content>movie</content>
        <title>Dick Barton: Special Agent</title>
        <year>1948</year>
    </meta>
    <link>
        <sublink>search</sublink>
        <sublink>searchsd</sublink>
    </link>
    <thumbnail>https://image.tmdb.org/t/p/w1280//93YeAQQxa990ngmXEbCznkuylPo.jpg</thumbnail>
    <fanart/>
</item>
<item>
    <title>Don't Panic Chaps!</title>
    <meta>
        <imdb>tt0052750</imdb>
        <content>movie</content>
        <title>Don't Panic Chaps!</title>
        <year>1959</year>
    </meta>
    <link>
        <sublink>search</sublink>
        <sublink>searchsd</sublink>
    </link>
    <thumbnail>https://image.tmdb.org/t/p/w1280//hu0e9CEvDOyTpjaFVj1KM8LXcKa.jpg</thumbnail>
    <fanart>https://image.tmdb.org/t/p/w1280//mccEG3XzxIHuxAdX5WDymJp6wB3.jpg</fanart>
</item>
<item>
    <title>Dr Jekyll & Sister Hyde</title>
    <meta>
        <imdb>tt0068502</imdb>
        <content>movie</content>
        <title>Dr Jekyll & Sister Hyde</title>
        <year>1971</year>
    </meta>
    <link>
        <sublink>search</sublink>
        <sublink>searchsd</sublink>
    </link>
    <thumbnail>https://image.tmdb.org/t/p/w1280//pU3ZqO4apJU9xdVCmlI2Q9fV55t.jpg</thumbnail>
    <fanart>https://image.tmdb.org/t/p/w1280//nEGE4ZTH6Igje4SpMhmU0JIyck9.jpg</fanart>
</item>
<item>
    <title>Dracula</title>
    <meta>
        <imdb>tt0051554</imdb>
        <content>movie</content>
        <title>Dracula</title>
        <year>1958</year>
    </meta>
    <link>
        <sublink>search</sublink>
        <sublink>searchsd</sublink>
    </link>
    <thumbnail>https://image.tmdb.org/t/p/w1280//6F3uFdiQPZUK0U9kTcb7hFqou6T.jpg</thumbnail>
    <fanart>https://image.tmdb.org/t/p/w1280//1AYGRKpHLkpisxuAqmuKhqYPunh.jpg</fanart>
</item>
<item>
    <title>Dracula A.D. 1972</title>
    <meta>
        <imdb>tt0068505</imdb>
        <content>movie</content>
        <title>Dracula A.D. 1972</title>
        <year>1972</year>
    </meta>
    <link>
        <sublink>search</sublink>
        <sublink>searchsd</sublink>
    </link>
    <thumbnail>https://image.tmdb.org/t/p/w1280//9H9wjdGUfJYEV88gPc7kre3gNlv.jpg</thumbnail>
    <fanart>https://image.tmdb.org/t/p/w1280//1PnEDu1BAqSNDFJKRsCDVcak5QL.jpg</fanart>
</item>
<item>
    <title>Dracula Has Risen from the Grave</title>
    <meta>
        <imdb>tt0062909</imdb>
        <content>movie</content>
        <title>Dracula Has Risen from the Grave</title>
        <year>1968</year>
    </meta>
    <link>
        <sublink>search</sublink>
        <sublink>searchsd</sublink>
    </link>
    <thumbnail>https://image.tmdb.org/t/p/w1280//wXGiLm7bNXJi2gebnVrwQ6Jxe0e.jpg</thumbnail>
    <fanart>https://image.tmdb.org/t/p/w1280//3JGOPaDyYgsl4m4s36HvDTDjqHS.jpg</fanart>
</item>
<item>
    <title>Dracula: Prince of Darkness</title>
    <meta>
        <imdb>tt0059127</imdb>
        <content>movie</content>
        <title>Dracula: Prince of Darkness</title>
        <year>1966</year>
    </meta>
    <link>
        <sublink>search</sublink>
        <sublink>searchsd</sublink>
    </link>
    <thumbnail>https://image.tmdb.org/t/p/w1280//AcrStPFOuXhOTXmJ6uf6V89cnke.jpg</thumbnail>
    <fanart>https://image.tmdb.org/t/p/w1280//16GcjDWVCANfYSQV7DrP6WEGYAu.jpg</fanart>
</item>
<item>
    <title>The Evil of Frankenstein</title>
    <meta>
        <imdb>tt0058073</imdb>
        <content>movie</content>
        <title>The Evil of Frankenstein</title>
        <year>1964</year>
    </meta>
    <link>
        <sublink>search</sublink>
        <sublink>searchsd</sublink>
    </link>
    <thumbnail>https://image.tmdb.org/t/p/w1280//ck7aPQ4Rudvm6wbQxlVcUwSNonL.jpg</thumbnail>
    <fanart>https://image.tmdb.org/t/p/w1280//4AjfaDM9BALkm4RFFioKfUu8oLd.jpg</fanart>
</item>
<item>
    <title>Face the Music</title>
    <meta>
        <imdb>tt0046784</imdb>
        <content>movie</content>
        <title>Face the Music</title>
        <year>1954</year>
    </meta>
    <link>
        <sublink>search</sublink>
        <sublink>searchsd</sublink>
    </link>
    <thumbnail>https://image.tmdb.org/t/p/w1280//tSUwGZwG8B5YGjiONfqMU7yO3dx.jpg</thumbnail>
    <fanart/>
</item>
<item>
    <title>Die! Die! My Darling!</title>
    <meta>
        <imdb>tt0059106</imdb>
        <content>movie</content>
        <title>Die! Die! My Darling!</title>
        <year>1965</year>
    </meta>
    <link>
        <sublink>search</sublink>
        <sublink>searchsd</sublink>
    </link>
    <thumbnail>https://image.tmdb.org/t/p/w1280//iRGBXG9PSc9A6yGhIqoOOq8r5dN.jpg</thumbnail>
    <fanart>https://image.tmdb.org/t/p/w1280//k2Q0ma55NK8nshooakwnIHZFSPn.jpg</fanart>
</item>
<item>
    <title>Fear in the Night</title>
    <meta>
        <imdb>tt0068577</imdb>
        <content>movie</content>
        <title>Fear in the Night</title>
        <year>1972</year>
    </meta>
    <link>
        <sublink>search</sublink>
        <sublink>searchsd</sublink>
    </link>
    <thumbnail>https://image.tmdb.org/t/p/w1280//d8pc8TKaNjc91bdg9tF4SXzk3Sl.jpg</thumbnail>
    <fanart>https://image.tmdb.org/t/p/w1280//rXBb3pHg2CgiDxe99c0kdUV9fVT.jpg</fanart>
</item>
<item>
    <title>Paid to Kill</title>
    <meta>
        <imdb>tt0047325</imdb>
        <content>movie</content>
        <title>Paid to Kill</title>
        <year>1954</year>
    </meta>
    <link>
        <sublink>search</sublink>
        <sublink>searchsd</sublink>
    </link>
    <thumbnail>https://image.tmdb.org/t/p/w1280//sQGU8alzZwBvXsZpzZ5RfDdl3b6.jpg</thumbnail>
    <fanart>https://image.tmdb.org/t/p/w1280//6UzeMUYCyFLbW94bKyLeRTa0OTE.jpg</fanart>
</item>
<item>
    <title>The Flanagan Boy</title>
    <meta>
        <imdb>tt0045533</imdb>
        <content>movie</content>
        <title>The Flanagan Boy</title>
        <year>1953</year>
    </meta>
    <link>
        <sublink>search</sublink>
        <sublink>searchsd</sublink>
    </link>
    <thumbnail>https://image.tmdb.org/t/p/w1280//vSF4CHRPTygCYzmYPkZ9XaFpPZu.jpg</thumbnail>
    <fanart>https://image.tmdb.org/t/p/w1280//ejWVnNRAsyu0ibU93bTGSqZLina.jpg</fanart>
</item>
<item>
    <title>Four Sided Triangle</title>
    <meta>
        <imdb>tt0045787</imdb>
        <content>movie</content>
        <title>Four Sided Triangle</title>
        <year>1953</year>
    </meta>
    <link>
        <sublink>search</sublink>
        <sublink>searchsd</sublink>
    </link>
    <thumbnail>https://image.tmdb.org/t/p/w1280//dfQBHYkpPONYUYz1CQRCEL1d4Y4.jpg</thumbnail>
    <fanart>https://image.tmdb.org/t/p/w1280//h6XhEpgQeWbuqVuyRX1hHdPGCex.jpg</fanart>
</item>
<item>
    <title>Frankenstein Created Woman</title>
    <meta>
        <imdb>tt0061683</imdb>
        <content>movie</content>
        <title>Frankenstein Created Woman</title>
        <year>1967</year>
    </meta>
    <link>
        <sublink>search</sublink>
        <sublink>searchsd</sublink>
    </link>
    <thumbnail>https://image.tmdb.org/t/p/w1280//s95WohDSxZ0WyCQn8fzS92ZN8Xv.jpg</thumbnail>
    <fanart>https://image.tmdb.org/t/p/w1280//dLLAcCoqtI6RROe0TOZp8wE3YvW.jpg</fanart>
</item>
<item>
    <title>Frankenstein Must Be Destroyed</title>
    <meta>
        <imdb>tt0065738</imdb>
        <content>movie</content>
        <title>Frankenstein Must Be Destroyed</title>
        <year>1969</year>
    </meta>
    <link>
        <sublink>search</sublink>
        <sublink>searchsd</sublink>
    </link>
    <thumbnail>https://image.tmdb.org/t/p/w1280//cbz9iYGuMXOxKHlonnKD8vqxa96.jpg</thumbnail>
    <fanart>https://image.tmdb.org/t/p/w1280//nA8qapURhkTI2Ff3XB5fpXhNri8.jpg</fanart>
</item>
<item>
    <title>Frankenstein and the Monster from Hell</title>
    <meta>
        <imdb>tt0071519</imdb>
        <content>movie</content>
        <title>Frankenstein and the Monster from Hell</title>
        <year>1973</year>
    </meta>
    <link>
        <sublink>search</sublink>
        <sublink>searchsd</sublink>
    </link>
    <thumbnail>https://image.tmdb.org/t/p/w1280//8PuTDNLqFrzC3YGFyULiXOsDPwz.jpg</thumbnail>
    <fanart>https://image.tmdb.org/t/p/w1280//vtlQRFlfDibyw9AfKLz8fmuV6s6.jpg</fanart>
</item>
<item>
    <title>The Full Treatment</title>
    <meta>
        <imdb>tt0054901</imdb>
        <content>movie</content>
        <title>The Full Treatment</title>
        <year>1960</year>
    </meta>
    <link>
        <sublink>search</sublink>
        <sublink>searchsd</sublink>
    </link>
    <thumbnail>https://image.tmdb.org/t/p/w1280//tEbMLym8wHfRm6pVWsfg8qrgOqj.jpg</thumbnail>
    <fanart>https://image.tmdb.org/t/p/w1280//lo9aUZdMoLafEVYKrKBSztIQ3wC.jpg</fanart>
</item>
<item>
    <title>Further Up the Creek</title>
    <meta>
        <imdb>tt0131404</imdb>
        <content>movie</content>
        <title>Further Up the Creek</title>
        <year>1958</year>
    </meta>
    <link>
        <sublink>search</sublink>
        <sublink>searchsd</sublink>
    </link>
    <thumbnail>https://image.tmdb.org/t/p/w1280//twnzif8zVolvoK3XVJV6Mcig8RT.jpg</thumbnail>
    <fanart/>
</item>
<item>
    <title>The Gambler and the Lady</title>
    <meta>
        <imdb>tt0044649</imdb>
        <content>movie</content>
        <title>The Gambler and the Lady</title>
        <year>1952</year>
    </meta>
    <link>
        <sublink>search</sublink>
        <sublink>searchsd</sublink>
    </link>
    <thumbnail>https://image.tmdb.org/t/p/w1280//wQkO8F1ue1Ns5LrLuifZsRIjY4c.jpg</thumbnail>
    <fanart>https://image.tmdb.org/t/p/w1280//hYrT1OP9qnQDVGgSGkVpuu6Gubi.jpg</fanart>
</item>
<item>
    <title>The Glass Cage</title>
    <meta>
        <imdb>tt0048123</imdb>
        <content>movie</content>
        <title>The Glass Cage</title>
        <year>1955</year>
    </meta>
    <link>
        <sublink>search</sublink>
        <sublink>searchsd</sublink>
    </link>
    <thumbnail>https://image.tmdb.org/t/p/w1280//3B2bU7qzowwzdp0xAOtyspRgYCD.jpg</thumbnail>
    <fanart/>
</item>
<item>
    <title>The Gorgon</title>
    <meta>
        <imdb>tt0058155</imdb>
        <content>movie</content>
        <title>The Gorgon</title>
        <year>1964</year>
    </meta>
    <link>
        <sublink>search</sublink>
        <sublink>searchsd</sublink>
    </link>
    <thumbnail>https://image.tmdb.org/t/p/w1280//yk0hJB3hy3o6cAzv5tjcPoKQd9p.jpg</thumbnail>
    <fanart>https://image.tmdb.org/t/p/w1280//yngAajGDpARUqVuimkJgBzVQjgY.jpg</fanart>
</item>
<item>
    <title>Hands of the Ripper</title>
    <meta>
        <imdb>tt0067176</imdb>
        <content>movie</content>
        <title>Hands of the Ripper</title>
        <year>1971</year>
    </meta>
    <link>
        <sublink>search</sublink>
        <sublink>searchsd</sublink>
    </link>
    <thumbnail>https://image.tmdb.org/t/p/w1280//cwB0pJ8ZJgjWz41peClE0gJBIp9.jpg</thumbnail>
    <fanart>https://image.tmdb.org/t/p/w1280//6jJ2DDWfIEcr4BgYYhHOeYHf14o.jpg</fanart>
</item>
<item>
    <title>Hell Is a City</title>
    <meta>
        <imdb>tt0053900</imdb>
        <content>movie</content>
        <title>Hell Is a City</title>
        <year>1960</year>
    </meta>
    <link>
        <sublink>search</sublink>
        <sublink>searchsd</sublink>
    </link>
    <thumbnail>https://image.tmdb.org/t/p/w1280//eAID6JZhiY44NDTqkYA80GjD0Nd.jpg</thumbnail>
    <fanart>https://image.tmdb.org/t/p/w1280//aNkhaZVwLwTzSlNEPndPT40N9WB.jpg</fanart>
</item>
<item>
    <title>Holiday on the Buses</title>
    <meta>
        <imdb>tt0071613</imdb>
        <content>movie</content>
        <title>Holiday on the Buses</title>
        <year>1973</year>
    </meta>
    <link>
        <sublink>search</sublink>
        <sublink>searchsd</sublink>
    </link>
    <thumbnail>https://image.tmdb.org/t/p/w1280//zV9XGPBKfaImXYFMycpWRg5IiAA.jpg</thumbnail>
    <fanart>https://image.tmdb.org/t/p/w1280//6dlo3GKq7WqbIrbI5HoTmVUWccc.jpg</fanart>
</item>
<item>
    <title>The Horror of Frankenstein</title>
    <meta>
        <imdb>tt0065851</imdb>
        <content>movie</content>
        <title>The Horror of Frankenstein</title>
        <year>1970</year>
    </meta>
    <link>
        <sublink>search</sublink>
        <sublink>searchsd</sublink>
    </link>
    <thumbnail>https://image.tmdb.org/t/p/w1280//1iYeFFgIW5RaYPvj3fHruQBzIlR.jpg</thumbnail>
    <fanart>https://image.tmdb.org/t/p/w1280//dPSBP238Gg3mNg6NWLXKLkbWNeW.jpg</fanart>
</item>
<item>
    <title>The Hound of the Baskervilles</title>
    <meta>
        <imdb>tt0052905</imdb>
        <content>movie</content>
        <title>The Hound of the Baskervilles</title>
        <year>1959</year>
    </meta>
    <link>
        <sublink>search</sublink>
        <sublink>searchsd</sublink>
    </link>
    <thumbnail>https://image.tmdb.org/t/p/w1280//fHds2wqJXLHCKvg7zGX2nb6mtRP.jpg</thumbnail>
    <fanart>https://image.tmdb.org/t/p/w1280//cacVeQR28wdQCax1rTZPLv0obBN.jpg</fanart>
</item>
<item>
    <title>The House Across the Lake</title>
    <meta>
        <imdb>tt0047067</imdb>
        <content>movie</content>
        <title>The House Across the Lake</title>
        <year>1954</year>
    </meta>
    <link>
        <sublink>search</sublink>
        <sublink>searchsd</sublink>
    </link>
    <thumbnail>https://image.tmdb.org/t/p/w1280//qZzsvK9SIzK1SnZXx4wEjh1a6BI.jpg</thumbnail>
    <fanart>https://image.tmdb.org/t/p/w1280//qObQDkPD23JDb121SkngSJEGu0j.jpg</fanart>
</item>
<item>
    <title>Hysteria</title>
    <meta>
        <imdb>tt0058216</imdb>
        <content>movie</content>
        <title>Hysteria</title>
        <year>1965</year>
    </meta>
    <link>
        <sublink>search</sublink>
        <sublink>searchsd</sublink>
    </link>
    <thumbnail>https://image.tmdb.org/t/p/w1280//aQ6mQ11MUDujK629KE4hcHR7We.jpg</thumbnail>
    <fanart>https://image.tmdb.org/t/p/w1280//giPRaPMXHFbo862vbf6QdxssnKc.jpg</fanart>
</item>
<item>
    <title>I Only Arsked</title>
    <meta>
        <imdb>tt0151008</imdb>
        <content>movie</content>
        <title>I Only Arsked</title>
        <year>1958</year>
    </meta>
    <link>
        <sublink>search</sublink>
        <sublink>searchsd</sublink>
    </link>
    <thumbnail>https://image.tmdb.org/t/p/w1280//rUWzNAIMD6X1ceCtR4pCm2j3Urj.jpg</thumbnail>
    <fanart>https://image.tmdb.org/t/p/w1280//5LP3StqKr5DHR1x5oCestOTKB5y.jpg</fanart>
</item>
<item>
    <title>The Jack of Diamonds</title>
    <meta>
        <imdb>tt0173938</imdb>
        <content>movie</content>
        <title>The Jack of Diamonds</title>
        <year>1949</year>
    </meta>
    <link>
        <sublink>search</sublink>
        <sublink>searchsd</sublink>
    </link>
    <thumbnail>https://image.tmdb.org/t/p/w1280//mDZI5wCvy2yYrY6qWK0C2xPMz5f.jpg</thumbnail>
    <fanart/>
</item>
<item>
    <title>The Kiss of the Vampire</title>
    <meta>
        <imdb>tt0057226</imdb>
        <content>movie</content>
        <title>The Kiss of the Vampire</title>
        <year>1963</year>
    </meta>
    <link>
        <sublink>search</sublink>
        <sublink>searchsd</sublink>
    </link>
    <thumbnail>https://image.tmdb.org/t/p/w1280//u7Yau1XKj4S9KcahdeUI5W7Q1qp.jpg</thumbnail>
    <fanart>https://image.tmdb.org/t/p/w1280//p9GY3VnfjF3Arf5KhxwYr8AZIIQ.jpg</fanart>
</item>
<item>
    <title>The Lady Craved Excitement</title>
    <meta>
        <imdb>tt0042663</imdb>
        <content>movie</content>
        <title>The Lady Craved Excitement</title>
        <year>1950</year>
    </meta>
    <link>
        <sublink>search</sublink>
        <sublink>searchsd</sublink>
    </link>
    <thumbnail>https://image.tmdb.org/t/p/w1280//22TeyMTXIQzEfs6DKtXa4uQrvsG.jpg</thumbnail>
    <fanart/>
</item>
<item>
    <title>The Lady Vanishes</title>
    <meta>
        <imdb>tt0079428</imdb>
        <content>movie</content>
        <title>The Lady Vanishes</title>
        <year>1979</year>
    </meta>
    <link>
        <sublink>search</sublink>
        <sublink>searchsd</sublink>
    </link>
    <thumbnail>https://image.tmdb.org/t/p/w1280//tOBfMmZh5tZ82pZ59ty9Ao9pl27.jpg</thumbnail>
    <fanart>https://image.tmdb.org/t/p/w1280//x5p1nrDnlNPsBLLyRXSv6z4RgTE.jpg</fanart>
</item>
<item>
    <title>Lady in the Fog</title>
    <meta>
        <imdb>tt0045128</imdb>
        <content>movie</content>
        <title>Lady in the Fog</title>
        <year>1952</year>
    </meta>
    <link>
        <sublink>search</sublink>
        <sublink>searchsd</sublink>
    </link>
    <thumbnail>https://image.tmdb.org/t/p/w1280//A5Gva6zOPl3C8iIza3X8pKTT615.jpg</thumbnail>
    <fanart/>
</item>
<item>
    <title>The Last Page</title>
    <meta>
        <imdb>tt0044871</imdb>
        <content>movie</content>
        <title>The Last Page</title>
        <year>1952</year>
    </meta>
    <link>
        <sublink>search</sublink>
        <sublink>searchsd</sublink>
    </link>
    <thumbnail>https://image.tmdb.org/t/p/w1280//9TmhDWEF0jGH3cYjbb9OxWQEW.jpg</thumbnail>
    <fanart>https://image.tmdb.org/t/p/w1280//ccZifUOPiXYbuzQinFaVcrf2FbM.jpg</fanart>
</item>
<item>
    <title>The Legend of the 7 Golden Vampires</title>
    <meta>
        <imdb>tt0070297</imdb>
        <content>movie</content>
        <title>The Legend of the 7 Golden Vampires</title>
        <year>1974</year>
    </meta>
    <link>
        <sublink>search</sublink>
        <sublink>searchsd</sublink>
    </link>
    <thumbnail>https://image.tmdb.org/t/p/w1280//gidYW1wR6Gd0TS00Dn3Np5l77VO.jpg</thumbnail>
    <fanart>https://image.tmdb.org/t/p/w1280//lGjrTjjxtzioyPcTJztZUiPejAu.jpg</fanart>
</item>
<item>
    <title>Let Me In</title>
    <meta>
        <imdb>tt1228987</imdb>
        <content>movie</content>
        <title>Let Me In</title>
        <year>2010</year>
    </meta>
    <link>
        <sublink>search</sublink>
        <sublink>searchsd</sublink>
    </link>
    <thumbnail>https://image.tmdb.org/t/p/w1280//90Y8RVSlOnWsG8PO6evI4ycXItg.jpg</thumbnail>
    <fanart>https://image.tmdb.org/t/p/w1280//uLhpV983X2BLSpnfzwASZWmgEUL.jpg</fanart>
</item>
<item>
    <title>Life with the Lyons</title>
    <meta>
        <imdb>tt0047179</imdb>
        <content>movie</content>
        <title>Life with the Lyons</title>
        <year>1954</year>
    </meta>
    <link>
        <sublink>search</sublink>
        <sublink>searchsd</sublink>
    </link>
    <thumbnail>https://image.tmdb.org/t/p/w1280//xfOI2ik0i3in40VzTit0ow2hqqa.jpg</thumbnail>
    <fanart/>
</item>
<item>
    <title>The Lost Continent</title>
    <meta>
        <imdb>tt0063240</imdb>
        <content>movie</content>
        <title>The Lost Continent</title>
        <year>1968</year>
    </meta>
    <link>
        <sublink>search</sublink>
        <sublink>searchsd</sublink>
    </link>
    <thumbnail>https://image.tmdb.org/t/p/w1280//tlEUe4DyZ21j4pApjF6nT8EYZAj.jpg</thumbnail>
    <fanart>https://image.tmdb.org/t/p/w1280//xBvLW0Re2tAlnVW3JO1KBVDDuW5.jpg</fanart>
</item>
<dir>
    <title>Love Thy Neighbour</title>
    <meta>
        <imdb>tt0068096</imdb>
        <content>tvshow</content>
        <tvshowtitle>Love Thy Neighbour</tvshowtitle>
        <year>1972</year>
    </meta>
    <link>tmdb_tv_show(5300, 1972, Love Thy Neighbour)</link>
    <thumbnail>https://image.tmdb.org/t/p/w1280//m9mRFbyYQhqjb5tAwHwPpaVaFPj.jpg</thumbnail>
    <fanart>https://image.tmdb.org/t/p/w1280//wTp7oGXzAyGueKlAE6r3hsYIIwP.jpg</fanart>
</dir>
<item>
    <title>Lust for a Vampire</title>
    <meta>
        <imdb>tt0067367</imdb>
        <content>movie</content>
        <title>Lust for a Vampire</title>
        <year>1971</year>
    </meta>
    <link>
        <sublink>search</sublink>
        <sublink>searchsd</sublink>
    </link>
    <thumbnail>https://image.tmdb.org/t/p/w1280//q5cHhNo04dXotckBfM5dvYGaP73.jpg</thumbnail>
    <fanart>https://image.tmdb.org/t/p/w1280//8V5m0DitX2pEyCJWqsSibtVxGlZ.jpg</fanart>
</item>
<item>
    <title>The Lyons in Paris</title>
    <meta>
        <imdb>tt0048325</imdb>
        <content>movie</content>
        <title>The Lyons in Paris</title>
        <year>1955</year>
    </meta>
    <link>
        <sublink>search</sublink>
        <sublink>searchsd</sublink>
    </link>
    <thumbnail>https://image.tmdb.org/t/p/w1280//wRk8nq8MdZr8nPv07BfioGzpNdQ.jpg</thumbnail>
    <fanart/>
</item>
<item>
    <title>Man About the House</title>
    <meta>
        <imdb>tt0071804</imdb>
        <content>movie</content>
        <title>Man About the House</title>
        <year>1974</year>
    </meta>
    <link>
        <sublink>search</sublink>
        <sublink>searchsd</sublink>
    </link>
    <thumbnail>https://image.tmdb.org/t/p/w1280//ho6T2PaH5IBfLTXFbSEzpisFfQ6.jpg</thumbnail>
    <fanart>https://image.tmdb.org/t/p/w1280//z83B771QWg1hGesNuJOMnnazCfP.jpg</fanart>
</item>
<item>
    <title>The Man Who Could Cheat Death</title>
    <meta>
        <imdb>tt0053041</imdb>
        <content>movie</content>
        <title>The Man Who Could Cheat Death</title>
        <year>1959</year>
    </meta>
    <link>
        <sublink>search</sublink>
        <sublink>searchsd</sublink>
    </link>
    <thumbnail>https://image.tmdb.org/t/p/w1280//e7NiOrUOTAaz8xt5w0EIYuO5AaE.jpg</thumbnail>
    <fanart>https://image.tmdb.org/t/p/w1280//klTHbqDn04YRqAzZDfICYO2OWsR.jpg</fanart>
</item>
<item>
    <title>Man at the Top</title>
    <meta>
        <imdb>tt0073342</imdb>
        <content>movie</content>
        <title>Man at the Top</title>
        <year>1973</year>
    </meta>
    <link>
        <sublink>search</sublink>
        <sublink>searchsd</sublink>
    </link>
    <thumbnail>https://image.tmdb.org/t/p/w1280//PAbSzsjEZ1vK2W8go0RtdLsGOJ.jpg</thumbnail>
    <fanart/>
</item>
<item>
    <title>The Man in Black</title>
    <meta>
        <imdb>tt0041627</imdb>
        <content>movie</content>
        <title>The Man in Black</title>
        <year>1950</year>
    </meta>
    <link>
        <sublink>search</sublink>
        <sublink>searchsd</sublink>
    </link>
    <thumbnail>https://image.tmdb.org/t/p/w1280//4giSPBoQxakE7OZfcSFPqKh9UwE.jpg</thumbnail>
    <fanart/>
</item>
<item>
    <title>Maniac</title>
    <meta>
        <imdb>tt0056219</imdb>
        <content>movie</content>
        <title>Maniac</title>
        <year>1963</year>
    </meta>
    <link>
        <sublink>search</sublink>
        <sublink>searchsd</sublink>
    </link>
    <thumbnail>https://image.tmdb.org/t/p/w1280//lzjQRhWKQoVuTqcP2Zr6WhFmpse.jpg</thumbnail>
    <fanart>https://image.tmdb.org/t/p/w1280//be1bUwUWvESvzqvk6e3BY5fI4G7.jpg</fanart>
</item>
<item>
    <title>Mantrap</title>
    <meta>
        <imdb>tt0046041</imdb>
        <content>movie</content>
        <title>Mantrap</title>
        <year>1953</year>
    </meta>
    <link>
        <sublink>search</sublink>
        <sublink>searchsd</sublink>
    </link>
    <thumbnail>https://image.tmdb.org/t/p/w1280//nJPpsQbJ7Bp5gPdLLO0najYI8Qs.jpg</thumbnail>
    <fanart>https://image.tmdb.org/t/p/w1280//cuWKflTN8ggvgHXc1rM05t7NV7Y.jpg</fanart>
</item>
<item>
    <title>Mask of Dust</title>
    <meta>
        <imdb>tt0047385</imdb>
        <content>movie</content>
        <title>Mask of Dust</title>
        <year>1954</year>
    </meta>
    <link>
        <sublink>search</sublink>
        <sublink>searchsd</sublink>
    </link>
    <thumbnail>https://image.tmdb.org/t/p/w1280//zXioCuJol3xP37caXJWqVyptted.jpg</thumbnail>
    <fanart>https://image.tmdb.org/t/p/w1280//9dqepQBuizrCz7lchJfhvHPErVR.jpg</fanart>
</item>
<item>
    <title>Meet Simon Cherry</title>
    <meta>
        <imdb>tt0042724</imdb>
        <content>movie</content>
        <title>Meet Simon Cherry</title>
        <year>1949</year>
    </meta>
    <link>
        <sublink>search</sublink>
        <sublink>searchsd</sublink>
    </link>
    <thumbnail>https://image.tmdb.org/t/p/w1280//mQJi3ls0PnCVru5KTAV3yRTKufD.jpg</thumbnail>
    <fanart/>
</item>
<item>
    <title>The Men of Sherwood Forest</title>
    <meta>
        <imdb>tt0047229</imdb>
        <content>movie</content>
        <title>The Men of Sherwood Forest</title>
        <year>1954</year>
    </meta>
    <link>
        <sublink>search</sublink>
        <sublink>searchsd</sublink>
    </link>
    <thumbnail>https://image.tmdb.org/t/p/w1280//ncOEnVZqDGApTAe3POhmuPFgEUs.jpg</thumbnail>
    <fanart>https://image.tmdb.org/t/p/w1280//ub1aRXATZcJKpToEaehf9DyJ84C.jpg</fanart>
</item>
<item>
    <title>Moon Zero Two</title>
    <meta>
        <imdb>tt0064691</imdb>
        <content>movie</content>
        <title>Moon Zero Two</title>
        <year>1969</year>
    </meta>
    <link>
        <sublink>search</sublink>
        <sublink>searchsd</sublink>
    </link>
    <thumbnail>https://image.tmdb.org/t/p/w1280//3NGHGUKUx7Ua4CvS9JEHJJmzfPp.jpg</thumbnail>
    <fanart>https://image.tmdb.org/t/p/w1280//7Br8uviGedrD3AK8c6QysTJCiZS.jpg</fanart>
</item>
<item>
    <title>The Mummy</title>
    <meta>
        <imdb>tt0053085</imdb>
        <content>movie</content>
        <title>The Mummy</title>
        <year>1959</year>
    </meta>
    <link>
        <sublink>search</sublink>
        <sublink>searchsd</sublink>
    </link>
    <thumbnail>https://image.tmdb.org/t/p/w1280//w3XEtgi8W9tuPQnLVFCPVxtweyC.jpg</thumbnail>
    <fanart>https://image.tmdb.org/t/p/w1280//nxY6wthYExDuQobWRMXWBSNRYPL.jpg</fanart>
</item>
<item>
    <title>The Mummy's Shroud</title>
    <meta>
        <imdb>tt0062006</imdb>
        <content>movie</content>
        <title>The Mummy's Shroud</title>
        <year>1967</year>
    </meta>
    <link>
        <sublink>search</sublink>
        <sublink>searchsd</sublink>
    </link>
    <thumbnail>https://image.tmdb.org/t/p/w1280//nZU7NjJuLEuOM9dKa5dQE1WCPhM.jpg</thumbnail>
    <fanart>https://image.tmdb.org/t/p/w1280//qreKKdzTE77LfcbnBXDbVRhYrkY.jpg</fanart>
</item>
<item>
    <title>Murder at Site 3</title>
    <meta>
        <imdb>tt0053087</imdb>
        <content>movie</content>
        <title>Murder at Site 3</title>
        <year>1958</year>
    </meta>
    <link>
        <sublink>search</sublink>
        <sublink>searchsd</sublink>
    </link>
    <thumbnail>https://image.tmdb.org/t/p/w1280//31K1aiNyXA6wY4Elj4g6lGb9ya8.jpg</thumbnail>
    <fanart/>
</item>
<item>
    <title>Murder by Proxy</title>
    <meta>
        <imdb>tt0046792</imdb>
        <content>movie</content>
        <title>Murder by Proxy</title>
        <year>1954</year>
    </meta>
    <link>
        <sublink>search</sublink>
        <sublink>searchsd</sublink>
    </link>
    <thumbnail>https://image.tmdb.org/t/p/w1280//nORmdZm4IVVo6DN2tZzL6mKyKDL.jpg</thumbnail>
    <fanart>https://image.tmdb.org/t/p/w1280//am2TgctOOnAI64hsdcFjBeEfRun.jpg</fanart>
</item>
<item>
    <title>Mutiny on the Buses</title>
    <meta>
        <imdb>tt0068981</imdb>
        <content>movie</content>
        <title>Mutiny on the Buses</title>
        <year>1972</year>
    </meta>
    <link>
        <sublink>search</sublink>
        <sublink>searchsd</sublink>
    </link>
    <thumbnail>https://image.tmdb.org/t/p/w1280//5SGJM6pgVBYSMDhcdqvGpuut5UI.jpg</thumbnail>
    <fanart>https://image.tmdb.org/t/p/w1280//eWq2pD4FJupX2aIyfyxDEpXV5TY.jpg</fanart>
</item>
<item>
    <title>The Nanny</title>
    <meta>
        <imdb>tt0059496</imdb>
        <content>movie</content>
        <title>The Nanny</title>
        <year>1965</year>
    </meta>
    <link>
        <sublink>search</sublink>
        <sublink>searchsd</sublink>
    </link>
    <thumbnail>https://image.tmdb.org/t/p/w1280//yF4uBP1mEcnyVTxxBHLcKrZzra9.jpg</thumbnail>
    <fanart>https://image.tmdb.org/t/p/w1280//aqEb9Hrq4LANR82P9jkHqEeNLIF.jpg</fanart>
</item>
<item>
    <title>Nearest and Dearest</title>
    <meta>
        <imdb>tt0282783</imdb>
        <content>movie</content>
        <title>Nearest and Dearest</title>
        <year>1972</year>
    </meta>
    <link>
        <sublink>search</sublink>
        <sublink>searchsd</sublink>
    </link>
    <thumbnail>https://image.tmdb.org/t/p/w1280//542ipI7uTsxeXODFSBK5BLsqyO4.jpg</thumbnail>
    <fanart>https://image.tmdb.org/t/p/w1280//qLIxUBnnzNb4mWookZqkSBxzZ1N.jpg</fanart>
</item>
<item>
    <title>Never Look Back</title>
    <meta>
        <imdb>tt0044961</imdb>
        <content>movie</content>
        <title>Never Look Back</title>
        <year>1952</year>
    </meta>
    <link>
        <sublink>search</sublink>
        <sublink>searchsd</sublink>
    </link>
    <thumbnail>https://image.tmdb.org/t/p/w1280//hcAzxFPus5cavOR84YbgtGZcN2A.jpg</thumbnail>
    <fanart/>
</item>
<item>
    <title>Never Take Sweets from a Stranger</title>
    <meta>
        <imdb>tt0054116</imdb>
        <content>movie</content>
        <title>Never Take Sweets from a Stranger</title>
        <year>1960</year>
    </meta>
    <link>
        <sublink>search</sublink>
        <sublink>searchsd</sublink>
    </link>
    <thumbnail>https://image.tmdb.org/t/p/w1280//iqB297pngybasgk6VIhBOG3ttDW.jpg</thumbnail>
    <fanart>https://image.tmdb.org/t/p/w1280//5lbTymKwiKl5SWZjWGS2Uov99au.jpg</fanart>
</item>
<item>
    <title>Nightmare</title>
    <meta>
        <imdb>tt0058405</imdb>
        <content>movie</content>
        <title>Nightmare</title>
        <year>1964</year>
    </meta>
    <link>
        <sublink>search</sublink>
        <sublink>searchsd</sublink>
    </link>
    <thumbnail>https://image.tmdb.org/t/p/w1280//fkRD7A47WQhyjIhJ3WSCPPCG5Ei.jpg</thumbnail>
    <fanart>https://image.tmdb.org/t/p/w1280//iECgoD959wO3fqIIUMjAxA5EObO.jpg</fanart>
</item>
<item>
    <title>The Old Dark House</title>
    <meta>
        <imdb>tt0057379</imdb>
        <content>movie</content>
        <title>The Old Dark House</title>
        <year>1963</year>
    </meta>
    <link>
        <sublink>search</sublink>
        <sublink>searchsd</sublink>
    </link>
    <thumbnail>https://image.tmdb.org/t/p/w1280//5to7gDOX6jIk0VVOPCxyTvQ0BNi.jpg</thumbnail>
    <fanart>https://image.tmdb.org/t/p/w1280//f7GwcLOyJU980XYPFvJv5EKPBQH.jpg</fanart>
</item>
<dir>
    <title>On the Buses</title>
    <meta>
        <imdb>tt0063936</imdb>
        <content>tvshow</content>
        <tvshowtitle>On the Buses</tvshowtitle>
        <year>1969</year>
    </meta>
    <link>tmdb_tv_show(774, 1969, On the Buses)</link>
    <thumbnail>https://image.tmdb.org/t/p/w1280//5vrTKD8xLLzldeesa4Hkofx5na8.jpg</thumbnail>
    <fanart>https://image.tmdb.org/t/p/w1280//5UfayOyZtO4GZqUgR8bT1HYmG2F.jpg</fanart>
</dir>
<item>
    <title>One Million Years B.C.</title>
    <meta>
        <imdb>tt0060782</imdb>
        <content>movie</content>
        <title>One Million Years B.C.</title>
        <year>1966</year>
    </meta>
    <link>
        <sublink>search</sublink>
        <sublink>searchsd</sublink>
    </link>
    <thumbnail>https://image.tmdb.org/t/p/w1280//bcXo4fWv3jquSnu0VI8PA2cf1xe.jpg</thumbnail>
    <fanart>https://image.tmdb.org/t/p/w1280//9DBa6qJgR7ACvXHK1C8HA3WsSH1.jpg</fanart>
</item>
<item>
    <title>Paranoiac</title>
    <meta>
        <imdb>tt0057401</imdb>
        <content>movie</content>
        <title>Paranoiac</title>
        <year>1963</year>
    </meta>
    <link>
        <sublink>search</sublink>
        <sublink>searchsd</sublink>
    </link>
    <thumbnail>https://image.tmdb.org/t/p/w1280//poR3WHEk7UclkeZHxoxHItKt8sY.jpg</thumbnail>
    <fanart>https://image.tmdb.org/t/p/w1280//ikHYByc2bSQkdsyRLV7q71i3HgH.jpg</fanart>
</item>
<item>
    <title>The Phantom of the Opera</title>
    <meta>
        <imdb>tt0056347</imdb>
        <content>movie</content>
        <title>The Phantom of the Opera</title>
        <year>1962</year>
    </meta>
    <link>
        <sublink>search</sublink>
        <sublink>searchsd</sublink>
    </link>
    <thumbnail>https://image.tmdb.org/t/p/w1280//9fepI8E3hgOeMkDQCuna7WMRUao.jpg</thumbnail>
    <fanart>https://image.tmdb.org/t/p/w1280//xd1FtRTQcYH0QPbL2CShvBh5B1f.jpg</fanart>
</item>
<item>
    <title>The Pirates of Blood River</title>
    <meta>
        <imdb>tt0056350</imdb>
        <content>movie</content>
        <title>The Pirates of Blood River</title>
        <year>1962</year>
    </meta>
    <link>
        <sublink>search</sublink>
        <sublink>searchsd</sublink>
    </link>
    <thumbnail>https://image.tmdb.org/t/p/w1280//ye0ioSmMo2zvDVpwnlm6rzkcKiV.jpg</thumbnail>
    <fanart>https://image.tmdb.org/t/p/w1280//yn6gIHe2W4eWy7fDOTC9Hji3NAP.jpg</fanart>
</item>
<item>
    <title>The Plague of the Zombies</title>
    <meta>
        <imdb>tt0060841</imdb>
        <content>movie</content>
        <title>The Plague of the Zombies</title>
        <year>1966</year>
    </meta>
    <link>
        <sublink>search</sublink>
        <sublink>searchsd</sublink>
    </link>
    <thumbnail>https://image.tmdb.org/t/p/w1280//ndvYO25lZ6nXekWBoVPcc9fsvUy.jpg</thumbnail>
    <fanart>https://image.tmdb.org/t/p/w1280//A9xL4nDWK5fvCPrBc7AHzc2PrjY.jpg</fanart>
</item>
<item>
    <title>The Public Life of Henry the Ninth</title>
    <meta>
        <imdb>tt0026896</imdb>
        <content>movie</content>
        <title>The Public Life of Henry the Ninth</title>
        <year>1935</year>
    </meta>
    <link>
        <sublink>search</sublink>
        <sublink>searchsd</sublink>
    </link>
    <thumbnail>https://image.tmdb.org/t/p/w1280//bQbisfMXvFntQHC8HshbNomD3mq.jpg</thumbnail>
    <fanart/>
</item>
<dir>
    <title>The Quatermass Experiment</title>
    <meta>
        <imdb>tt0045436</imdb>
        <content>tvshow</content>
        <tvshowtitle>The Quatermass Experiment</tvshowtitle>
        <year>1953</year>
    </meta>
    <link>tmdb_tv_show(352, 1953, The Quatermass Experiment)</link>
    <thumbnail>https://image.tmdb.org/t/p/w1280//aj9y6n8FhzUXZg9VAuVYRlnVQkf.jpg</thumbnail>
    <fanart>https://image.tmdb.org/t/p/w1280//jqU9zNQDdVzHdaEHFmysMZTYdOf.jpg</fanart>
</dir>
<item>
    <title>Quatermass II</title>
    <meta>
        <imdb>tt0050873</imdb>
        <content>movie</content>
        <title>Quatermass II</title>
        <year>1957</year>
    </meta>
    <link>
        <sublink>search</sublink>
        <sublink>searchsd</sublink>
    </link>
    <thumbnail>https://image.tmdb.org/t/p/w1280//nRvZWgwwgZfzouJeMCUQ9P9mmZm.jpg</thumbnail>
    <fanart>https://image.tmdb.org/t/p/w1280//A0JUHtVPgDYOMYTPBSrJpJYaYro.jpg</fanart>
</item>
<item>
    <title>The Creeping Unknown</title>
    <meta>
        <imdb>tt0049646</imdb>
        <content>movie</content>
        <title>The Creeping Unknown</title>
        <year>1955</year>
    </meta>
    <link>
        <sublink>search</sublink>
        <sublink>searchsd</sublink>
    </link>
    <thumbnail>https://image.tmdb.org/t/p/w1280//lm6cQiUjJ0AUUqESI9WWM7veIbp.jpg</thumbnail>
    <fanart>https://image.tmdb.org/t/p/w1280//3puBH61IH4MZgwIwpMY9CE7x6FL.jpg</fanart>
</item>
<item>
    <title>Quatermass and the Pit</title>
    <meta>
        <imdb>tt0062168</imdb>
        <content>movie</content>
        <title>Quatermass and the Pit</title>
        <year>1967</year>
    </meta>
    <link>
        <sublink>search</sublink>
        <sublink>searchsd</sublink>
    </link>
    <thumbnail>https://image.tmdb.org/t/p/w1280//kgMCxzKx2ZUtN0UUyJR88vqpfT2.jpg</thumbnail>
    <fanart>https://image.tmdb.org/t/p/w1280//8Yr62vCEsEaXHFQyGD124pIEwRY.jpg</fanart>
</item>
<item>
    <title>The Quiet Ones</title>
    <meta>
        <imdb>tt2235779</imdb>
        <content>movie</content>
        <title>The Quiet Ones</title>
        <year>2014</year>
    </meta>
    <link>
        <sublink>search</sublink>
        <sublink>searchsd</sublink>
    </link>
    <thumbnail>https://image.tmdb.org/t/p/w1280//dlMln6CldiB5pt9vSSJBiNL83bh.jpg</thumbnail>
    <fanart>https://image.tmdb.org/t/p/w1280//1htbrlfM4DNwIg1M353ZkO9uIlm.jpg</fanart>
</item>
<item>
    <title>Rasputin: The Mad Monk</title>
    <meta>
        <imdb>tt0059635</imdb>
        <content>movie</content>
        <title>Rasputin: The Mad Monk</title>
        <year>1966</year>
    </meta>
    <link>
        <sublink>search</sublink>
        <sublink>searchsd</sublink>
    </link>
    <thumbnail>https://image.tmdb.org/t/p/w1280//dRanLQi2WkTrqHvTz5TiGniOkKb.jpg</thumbnail>
    <fanart>https://image.tmdb.org/t/p/w1280//iy9rCSyecZ43nQvafcg43B4hGRz.jpg</fanart>
</item>
<item>
    <title>The Reptile</title>
    <meta>
        <imdb>tt0060893</imdb>
        <content>movie</content>
        <title>The Reptile</title>
        <year>1966</year>
    </meta>
    <link>
        <sublink>search</sublink>
        <sublink>searchsd</sublink>
    </link>
    <thumbnail>https://image.tmdb.org/t/p/w1280//8U7Wy9FLAHiAqIbM2HauwjgMENI.jpg</thumbnail>
    <fanart>https://image.tmdb.org/t/p/w1280//113Diu6RKqIrliyYDRHfokrLLzK.jpg</fanart>
</item>
<item>
    <title>The Resident</title>
    <meta>
        <imdb>tt1334102</imdb>
        <content>movie</content>
        <title>The Resident</title>
        <year>2011</year>
    </meta>
    <link>
        <sublink>search</sublink>
        <sublink>searchsd</sublink>
    </link>
    <thumbnail>https://image.tmdb.org/t/p/w1280//2jO9rxa6XbpIZVDcVMm7e6TQ7Kd.jpg</thumbnail>
    <fanart>https://image.tmdb.org/t/p/w1280//iM4Ed4toKtxjmQeXVmBCpuAJYkg.jpg</fanart>
</item>
<item>
    <title>The Revenge of Frankenstein</title>
    <meta>
        <imdb>tt0050894</imdb>
        <content>movie</content>
        <title>The Revenge of Frankenstein</title>
        <year>1958</year>
    </meta>
    <link>
        <sublink>search</sublink>
        <sublink>searchsd</sublink>
    </link>
    <thumbnail>https://image.tmdb.org/t/p/w1280//3SKLAELeQFislTtdXF9r1aVp4a7.jpg</thumbnail>
    <fanart>https://image.tmdb.org/t/p/w1280//rL6CSwRHxXG6XGyJok33gGOOJ7I.jpg</fanart>
</item>
<item>
    <title>River Patrol</title>
    <meta>
        <imdb>tt0040739</imdb>
        <content>movie</content>
        <title>River Patrol</title>
        <year>1948</year>
    </meta>
    <link>
        <sublink>search</sublink>
        <sublink>searchsd</sublink>
    </link>
    <thumbnail>https://image.tmdb.org/t/p/w1280//eZmZ87eDWvp2IcSrBzo0LFeCWJz.jpg</thumbnail>
    <fanart/>
</item>
<item>
    <title>Room to Let</title>
    <meta>
        <imdb>tt0042907</imdb>
        <content>movie</content>
        <title>Room to Let</title>
        <year>1950</year>
    </meta>
    <link>
        <sublink>search</sublink>
        <sublink>searchsd</sublink>
    </link>
    <thumbnail>https://image.tmdb.org/t/p/w1280//rbEDsGe1Uk8QeCxaGQTYl7E6Qd.jpg</thumbnail>
    <fanart/>
</item>
<item>
    <title>The Rossiter Case</title>
    <meta>
        <imdb>tt0042910</imdb>
        <content>movie</content>
        <title>The Rossiter Case</title>
        <year>1951</year>
    </meta>
    <link>
        <sublink>search</sublink>
        <sublink>searchsd</sublink>
    </link>
    <thumbnail>https://image.tmdb.org/t/p/w1280//1R3J3xFHouP7DuCdKTJodIb3GSo.jpg</thumbnail>
    <fanart/>
</item>
<item>
    <title>The Saint's Girl Friday</title>
    <meta>
        <imdb>tt0047440</imdb>
        <content>movie</content>
        <title>The Saint's Girl Friday</title>
        <year>1953</year>
    </meta>
    <link>
        <sublink>search</sublink>
        <sublink>searchsd</sublink>
    </link>
    <thumbnail>https://image.tmdb.org/t/p/w1280//9pVNCEazUcWdqZy7vyCNB9o3qOB.jpg</thumbnail>
    <fanart>https://image.tmdb.org/t/p/w1280//sp5wEFICi54298D8hyOCgHDSmP9.jpg</fanart>
</item>
<item>
    <title>The Satanic Rites of Dracula</title>
    <meta>
        <imdb>tt0070634</imdb>
        <content>movie</content>
        <title>The Satanic Rites of Dracula</title>
        <year>1973</year>
    </meta>
    <link>
        <sublink>search</sublink>
        <sublink>searchsd</sublink>
    </link>
    <thumbnail>https://image.tmdb.org/t/p/w1280//7gjrXE3bI0W2CVw92b94I2qoUYb.jpg</thumbnail>
    <fanart>https://image.tmdb.org/t/p/w1280//i1v4ozDC2e7hVqBzR9VoPt7VXAh.jpg</fanart>
</item>
<item>
    <title>The Scarlet Blade</title>
    <meta>
        <imdb>tt0056963</imdb>
        <content>movie</content>
        <title>The Scarlet Blade</title>
        <year>1963</year>
    </meta>
    <link>
        <sublink>search</sublink>
        <sublink>searchsd</sublink>
    </link>
    <thumbnail>https://image.tmdb.org/t/p/w1280//oWilTpE5SgW5F268dTMeQ3H0CyB.jpg</thumbnail>
    <fanart>https://image.tmdb.org/t/p/w1280//dQhaTBPNyG36YtJpAewo8X1FyPv.jpg</fanart>
</item>
<item>
    <title>Scars of Dracula</title>
    <meta>
        <imdb>tt0067713</imdb>
        <content>movie</content>
        <title>Scars of Dracula</title>
        <year>1970</year>
    </meta>
    <link>
        <sublink>search</sublink>
        <sublink>searchsd</sublink>
    </link>
    <thumbnail>https://image.tmdb.org/t/p/w1280//5daqiTuAgXfUzJruIhs3znlerec.jpg</thumbnail>
    <fanart>https://image.tmdb.org/t/p/w1280//n8QxwRDCMmxpf4lFlS9V0QEj65b.jpg</fanart>
</item>
<item>
    <title>The Secret of Blood Island</title>
    <meta>
        <imdb>tt0059693</imdb>
        <content>movie</content>
        <title>The Secret of Blood Island</title>
        <year>1964</year>
    </meta>
    <link>
        <sublink>search</sublink>
        <sublink>searchsd</sublink>
    </link>
    <thumbnail>https://image.tmdb.org/t/p/w1280//76lrUyGAmqG88x3TuG5RcSI5Mo7.jpg</thumbnail>
    <fanart/>
</item>
<item>
    <title>The Shadow of the Cat</title>
    <meta>
        <imdb>tt0055438</imdb>
        <content>movie</content>
        <title>The Shadow of the Cat</title>
        <year>1961</year>
    </meta>
    <link>
        <sublink>search</sublink>
        <sublink>searchsd</sublink>
    </link>
    <thumbnail>https://image.tmdb.org/t/p/w1280//2IXEhl5SzxiznBnFTjwvLw9afEY.jpg</thumbnail>
    <fanart>https://image.tmdb.org/t/p/w1280//eOTmEkpuPeAkexV2TtQt1HN8ANr.jpg</fanart>
</item>
<item>
    <title>Shatter</title>
    <meta>
        <imdb>tt0074268</imdb>
        <content>movie</content>
        <title>Shatter</title>
        <year>1974</year>
    </meta>
    <link>
        <sublink>search</sublink>
        <sublink>searchsd</sublink>
    </link>
    <thumbnail>https://image.tmdb.org/t/p/w1280//k6hSEDDmcCtYToCexZgKij2uBMb.jpg</thumbnail>
    <fanart>https://image.tmdb.org/t/p/w1280//xKV825kN8dnA11eLDwgLqTYwWsA.jpg</fanart>
</item>
<item>
    <title>She</title>
    <meta>
        <imdb>tt0059710</imdb>
        <content>movie</content>
        <title>She</title>
        <year>1965</year>
    </meta>
    <link>
        <sublink>search</sublink>
        <sublink>searchsd</sublink>
    </link>
    <thumbnail>https://image.tmdb.org/t/p/w1280//niHLVWsNipAhTtY9BcZZSoMd6mQ.jpg</thumbnail>
    <fanart>https://image.tmdb.org/t/p/w1280//2YX79izvoh0MHDojdUohn0odqOI.jpg</fanart>
</item>
<item>
    <title>Slave Girls</title>
    <meta>
        <imdb>tt0062150</imdb>
        <content>movie</content>
        <title>Slave Girls</title>
        <year>1967</year>
    </meta>
    <link>
        <sublink>search</sublink>
        <sublink>searchsd</sublink>
    </link>
    <thumbnail>https://image.tmdb.org/t/p/w1280//j8BErNYPmchtMGS1EztlrVLoFbO.jpg</thumbnail>
    <fanart>https://image.tmdb.org/t/p/w1280//2Me8fXAd1kk13D2BargPHhyTcIi.jpg</fanart>
</item>
<item>
    <title>The Snorkel</title>
    <meta>
        <imdb>tt0052207</imdb>
        <content>movie</content>
        <title>The Snorkel</title>
        <year>1958</year>
    </meta>
    <link>
        <sublink>search</sublink>
        <sublink>searchsd</sublink>
    </link>
    <thumbnail>https://image.tmdb.org/t/p/w1280//ukz9Hbue7ktTBeD336e3fvSi6eh.jpg</thumbnail>
    <fanart>https://image.tmdb.org/t/p/w1280//kiN1LGQKztfEheoCr2gdgq7kZ2e.jpg</fanart>
</item>
<item>
    <title>Someone at the Door</title>
    <meta>
        <imdb>tt0042985</imdb>
        <content>movie</content>
        <title>Someone at the Door</title>
        <year>1950</year>
    </meta>
    <link>
        <sublink>search</sublink>
        <sublink>searchsd</sublink>
    </link>
    <thumbnail>https://image.tmdb.org/t/p/w1280//oJ9qCYoiI6Zn2TyWpriuc5Q1oDM.jpg</thumbnail>
    <fanart/>
</item>
<item>
    <title>Song of Freedom</title>
    <meta>
        <imdb>tt0028282</imdb>
        <content>movie</content>
        <title>Song of Freedom</title>
        <year>1936</year>
    </meta>
    <link>
        <sublink>search</sublink>
        <sublink>searchsd</sublink>
    </link>
    <thumbnail>https://image.tmdb.org/t/p/w1280//7ouV5n8NZFO8RiZHhaaNp3c2tR9.jpg</thumbnail>
    <fanart/>
</item>
<item>
    <title>Spaceways</title>
    <meta>
        <imdb>tt0046351</imdb>
        <content>movie</content>
        <title>Spaceways</title>
        <year>1953</year>
    </meta>
    <link>
        <sublink>search</sublink>
        <sublink>searchsd</sublink>
    </link>
    <thumbnail>https://image.tmdb.org/t/p/w1280//eOm9PYRTpM4LKUE96ioIKUY5ODW.jpg</thumbnail>
    <fanart>https://image.tmdb.org/t/p/w1280//stkuFsSzxYjZOoh9kQ1DdF1HXPj.jpg</fanart>
</item>
<item>
    <title>Sporting Love</title>
    <meta>
        <imdb>tt0028297</imdb>
        <content>movie</content>
        <title>Sporting Love</title>
        <year>1936</year>
    </meta>
    <link>
        <sublink>search</sublink>
        <sublink>searchsd</sublink>
    </link>
    <thumbnail>https://image.tmdb.org/t/p/w1280//2YxqgDsjbAbhOBcJxhgvQDYkCu7.jpg</thumbnail>
    <fanart/>
</item>
<item>
    <title>The Steel Bayonet</title>
    <meta>
        <imdb>tt0051009</imdb>
        <content>movie</content>
        <title>The Steel Bayonet</title>
        <year>1958</year>
    </meta>
    <link>
        <sublink>search</sublink>
        <sublink>searchsd</sublink>
    </link>
    <thumbnail>https://image.tmdb.org/t/p/w1280//bCe8632MZMFClvUIK6jxo2LZaUH.jpg</thumbnail>
    <fanart/>
</item>
<item>
    <title>Stolen Face</title>
    <meta>
        <imdb>tt0045191</imdb>
        <content>movie</content>
        <title>Stolen Face</title>
        <year>1952</year>
    </meta>
    <link>
        <sublink>search</sublink>
        <sublink>searchsd</sublink>
    </link>
    <thumbnail>https://image.tmdb.org/t/p/w1280//byZ6zbYwvc2TYhAilTLZIDEAS7u.jpg</thumbnail>
    <fanart>https://image.tmdb.org/t/p/w1280//rZtJVbCUeTO5wCycgWXwg1GGctz.jpg</fanart>
</item>
<item>
    <title>Straight on Till Morning</title>
    <meta>
        <imdb>tt0069318</imdb>
        <content>movie</content>
        <title>Straight on Till Morning</title>
        <year>1972</year>
    </meta>
    <link>
        <sublink>search</sublink>
        <sublink>searchsd</sublink>
    </link>
    <thumbnail>https://image.tmdb.org/t/p/w1280//qDRdRkW0ujlTzu1WqcOQ2izTyPi.jpg</thumbnail>
    <fanart>https://image.tmdb.org/t/p/w1280//wUrqyNUiVoTIRx1zrYiKOTIUI0x.jpg</fanart>
</item>
<item>
    <title>The Stranglers of Bombay</title>
    <meta>
        <imdb>tt0054346</imdb>
        <content>movie</content>
        <title>The Stranglers of Bombay</title>
        <year>1959</year>
    </meta>
    <link>
        <sublink>search</sublink>
        <sublink>searchsd</sublink>
    </link>
    <thumbnail>https://image.tmdb.org/t/p/w1280//pQPz9R7Fr5FwEqe4FU4WrE2G3ba.jpg</thumbnail>
    <fanart>https://image.tmdb.org/t/p/w1280//v8cUVsPCr7TjqFB9GH80eQd5sJy.jpg</fanart>
</item>
<item>
    <title>Sword of Sherwood Forest</title>
    <meta>
        <imdb>tt0054358</imdb>
        <content>movie</content>
        <title>Sword of Sherwood Forest</title>
        <year>1960</year>
    </meta>
    <link>
        <sublink>search</sublink>
        <sublink>searchsd</sublink>
    </link>
    <thumbnail>https://image.tmdb.org/t/p/w1280//xXsJpP9JY24yo3BzQab2p14fkrc.jpg</thumbnail>
    <fanart>https://image.tmdb.org/t/p/w1280//3kHN5yH9Q7vHmvPiCGJKOdkIWPm.jpg</fanart>
</item>
<item>
    <title>Taste of Fear</title>
    <meta>
        <imdb>tt0055505</imdb>
        <content>movie</content>
        <title>Taste of Fear</title>
        <year>1961</year>
    </meta>
    <link>
        <sublink>search</sublink>
        <sublink>searchsd</sublink>
    </link>
    <thumbnail>https://image.tmdb.org/t/p/w1280//xEcaksr2lg0xsYyeIlcg6hY9w6E.jpg</thumbnail>
    <fanart>https://image.tmdb.org/t/p/w1280//iGLOMkV6v4xHmSlcJH9J2dHuMGe.jpg</fanart>
</item>
<item>
    <title>Taste the Blood of Dracula</title>
    <meta>
        <imdb>tt0065073</imdb>
        <content>movie</content>
        <title>Taste the Blood of Dracula</title>
        <year>1970</year>
    </meta>
    <link>
        <sublink>search</sublink>
        <sublink>searchsd</sublink>
    </link>
    <thumbnail>https://image.tmdb.org/t/p/w1280//rAjadi01hFHqIi4wdBvlzWorg9N.jpg</thumbnail>
    <fanart>https://image.tmdb.org/t/p/w1280//o9V1Mh78NWXLP3XKyijW7hIAHMT.jpg</fanart>
</item>
<item>
    <title>The Terror of the Tongs</title>
    <meta>
        <imdb>tt0055516</imdb>
        <content>movie</content>
        <title>The Terror of the Tongs</title>
        <year>1961</year>
    </meta>
    <link>
        <sublink>search</sublink>
        <sublink>searchsd</sublink>
    </link>
    <thumbnail>https://image.tmdb.org/t/p/w1280//jqqMSyRRtzzDU5vkRDT5G3VgsPS.jpg</thumbnail>
    <fanart>https://image.tmdb.org/t/p/w1280//AewnqqZeeIt8D0PnxBcttZNMW4k.jpg</fanart>
</item>
<item>
    <title>That's Your Funeral</title>
    <meta>
        <imdb>tt0070790</imdb>
        <content>movie</content>
        <title>That's Your Funeral</title>
        <year>1972</year>
    </meta>
    <link>
        <sublink>search</sublink>
        <sublink>searchsd</sublink>
    </link>
    <thumbnail>https://image.tmdb.org/t/p/w1280//6FNodGtnr8UUc5V5851KXPwWAlP.jpg</thumbnail>
    <fanart/>
</item>
<item>
    <title>Third Party Risk</title>
    <meta>
        <imdb>tt0048715</imdb>
        <content>movie</content>
        <title>Third Party Risk</title>
        <year>1954</year>
    </meta>
    <link>
        <sublink>search</sublink>
        <sublink>searchsd</sublink>
    </link>
    <thumbnail>https://image.tmdb.org/t/p/w1280//rClLIiwtSUanAXVVfugLDWi2hGe.jpg</thumbnail>
    <fanart/>
</item>
<item>
    <title>To Have and to Hold</title>
    <meta>
        <imdb>tt0043051</imdb>
        <content>movie</content>
        <title>To Have and to Hold</title>
        <year>1951</year>
    </meta>
    <link>
        <sublink>search</sublink>
        <sublink>searchsd</sublink>
    </link>
    <thumbnail>https://image.tmdb.org/t/p/w1280//pkWsoM7pJsKA8E0aIccp9iBRYXO.jpg</thumbnail>
    <fanart/>
</item>
<item>
    <title>To the Devil a Daughter</title>
    <meta>
        <imdb>tt0075334</imdb>
        <content>movie</content>
        <title>To the Devil a Daughter</title>
        <year>1976</year>
    </meta>
    <link>
        <sublink>search</sublink>
        <sublink>searchsd</sublink>
    </link>
    <thumbnail>https://image.tmdb.org/t/p/w1280//e69LEEUHwrAbzpLdS81j00avHbM.jpg</thumbnail>
    <fanart>https://image.tmdb.org/t/p/w1280//o9855EeOi55su3fEpvZepGoyQFO.jpg</fanart>
</item>
<item>
    <title>Twins of Evil</title>
    <meta>
        <imdb>tt0069427</imdb>
        <content>movie</content>
        <title>Twins of Evil</title>
        <year>1971</year>
    </meta>
    <link>
        <sublink>search</sublink>
        <sublink>searchsd</sublink>
    </link>
    <thumbnail>https://image.tmdb.org/t/p/w1280//n2S9eqZ7d6AsN82OWPii7SjqRep.jpg</thumbnail>
    <fanart>https://image.tmdb.org/t/p/w1280//mjyw6UljySGHnf2ZCMhH4s5WQ5J.jpg</fanart>
</item>
<item>
    <title>The Two Faces of Dr. Jekyll</title>
    <meta>
        <imdb>tt0054416</imdb>
        <content>movie</content>
        <title>The Two Faces of Dr. Jekyll</title>
        <year>1960</year>
    </meta>
    <link>
        <sublink>search</sublink>
        <sublink>searchsd</sublink>
    </link>
    <thumbnail>https://image.tmdb.org/t/p/w1280//ypIyQI08VNXYa4uou64IPiyvVTz.jpg</thumbnail>
    <fanart>https://image.tmdb.org/t/p/w1280//xeIX3Km7cUh7Juxihh49JNPdtqO.jpg</fanart>
</item>
<item>
    <title>The Ugly Duckling</title>
    <meta>
        <imdb>tt0174303</imdb>
        <content>movie</content>
        <title>The Ugly Duckling</title>
        <year>1959</year>
    </meta>
    <link>
        <sublink>search</sublink>
        <sublink>searchsd</sublink>
    </link>
    <thumbnail>https://image.tmdb.org/t/p/w1280//pJAF2mWU7ZHJytRuFeqgdr3cHee.jpg</thumbnail>
    <fanart/>
</item>
<item>
    <title>Up the Creek</title>
    <meta>
        <imdb>tt0052343</imdb>
        <content>movie</content>
        <title>Up the Creek</title>
        <year>1958</year>
    </meta>
    <link>
        <sublink>search</sublink>
        <sublink>searchsd</sublink>
    </link>
    <thumbnail>https://image.tmdb.org/t/p/w1280//jsNMc6uTuim3zdxnlZQ1npzt75e.jpg</thumbnail>
    <fanart/>
</item>
<item>
    <title>Vampire Circus</title>
    <meta>
        <imdb>tt0067924</imdb>
        <content>movie</content>
        <title>Vampire Circus</title>
        <year>1972</year>
    </meta>
    <link>
        <sublink>search</sublink>
        <sublink>searchsd</sublink>
    </link>
    <thumbnail>https://image.tmdb.org/t/p/w1280//1eKSuOgWTlTLr3I6OHK3hdgri38.jpg</thumbnail>
    <fanart>https://image.tmdb.org/t/p/w1280//a182TQinNkaEpop0l03N3flncdU.jpg</fanart>
</item>
<item>
    <title>The Vampire Lovers</title>
    <meta>
        <imdb>tt0066518</imdb>
        <content>movie</content>
        <title>The Vampire Lovers</title>
        <year>1970</year>
    </meta>
    <link>
        <sublink>search</sublink>
        <sublink>searchsd</sublink>
    </link>
    <thumbnail>https://image.tmdb.org/t/p/w1280//3f1JMXD0fzyqAHoZj5d9znYEAAl.jpg</thumbnail>
    <fanart>https://image.tmdb.org/t/p/w1280//v5wkrG5Fcwt1U667yisAi78IA2D.jpg</fanart>
</item>
<item>
    <title>The Vengeance of She</title>
    <meta>
        <imdb>tt0063765</imdb>
        <content>movie</content>
        <title>The Vengeance of She</title>
        <year>1968</year>
    </meta>
    <link>
        <sublink>search</sublink>
        <sublink>searchsd</sublink>
    </link>
    <thumbnail>https://image.tmdb.org/t/p/w1280//6ZWamUOJVa6CnVfpS3O92HkEF3b.jpg</thumbnail>
    <fanart>https://image.tmdb.org/t/p/w1280//qnlDSIVqxg9PtZMdhT6XAsgc0S7.jpg</fanart>
</item>
<item>
    <title>The Viking Queen</title>
    <meta>
        <imdb>tt0062443</imdb>
        <content>movie</content>
        <title>The Viking Queen</title>
        <year>1967</year>
    </meta>
    <link>
        <sublink>search</sublink>
        <sublink>searchsd</sublink>
    </link>
    <thumbnail>https://image.tmdb.org/t/p/w1280//ogtIJQySn4OwfZe5bXyYjqfQ2lB.jpg</thumbnail>
    <fanart>https://image.tmdb.org/t/p/w1280//AqVlQcLsikWwwrA9aDA8acXr5gy.jpg</fanart>
</item>
<item>
    <title>Visa to Canton</title>
    <meta>
        <imdb>tt0055282</imdb>
        <content>movie</content>
        <title>Visa to Canton</title>
        <year>1961</year>
    </meta>
    <link>
        <sublink>search</sublink>
        <sublink>searchsd</sublink>
    </link>
    <thumbnail>https://image.tmdb.org/t/p/w1280//vUILMh7Rs99ScDHijOrktl0Xqhl.jpg</thumbnail>
    <fanart/>
</item>
<item>
    <title>Wake Wood</title>
    <meta>
        <imdb>tt1296899</imdb>
        <content>movie</content>
        <title>Wake Wood</title>
        <year>2011</year>
    </meta>
    <link>
        <sublink>search</sublink>
        <sublink>searchsd</sublink>
    </link>
    <thumbnail>https://image.tmdb.org/t/p/w1280//5qGmSxKYJGhGDkR9zTJ07dQY39J.jpg</thumbnail>
    <fanart>https://image.tmdb.org/t/p/w1280//9E1DF74YxPiNZMv8gwV0Qt0RAut.jpg</fanart>
</item>
<item>
    <title>Watch it, Sailor!</title>
    <meta>
        <imdb>tt0055613</imdb>
        <content>movie</content>
        <title>Watch it, Sailor!</title>
        <year>1961</year>
    </meta>
    <link>
        <sublink>search</sublink>
        <sublink>searchsd</sublink>
    </link>
    <thumbnail>https://image.tmdb.org/t/p/w1280//g06k0zF5YjE7kFsTnQCorH6HMT3.jpg</thumbnail>
    <fanart/>
</item>
<item>
    <title>What the Butler Saw</title>
    <meta>
        <imdb>tt0043127</imdb>
        <content>movie</content>
        <title>What the Butler Saw</title>
        <year>1950</year>
    </meta>
    <link>
        <sublink>search</sublink>
        <sublink>searchsd</sublink>
    </link>
    <thumbnail>https://image.tmdb.org/t/p/w1280//6Yn6rnBuUBVtEublpVxtZ6WB2Lg.jpg</thumbnail>
    <fanart/>
</item>
<item>
    <title>When Dinosaurs Ruled the Earth</title>
    <meta>
        <imdb>tt0066561</imdb>
        <content>movie</content>
        <title>When Dinosaurs Ruled the Earth</title>
        <year>1970</year>
    </meta>
    <link>
        <sublink>search</sublink>
        <sublink>searchsd</sublink>
    </link>
    <thumbnail>https://image.tmdb.org/t/p/w1280//tY6T0InxgI9V3J5RhRofkRkrBp5.jpg</thumbnail>
    <fanart>https://image.tmdb.org/t/p/w1280//cLJMQ0igyeZlGJBhitaFSlpMyqq.jpg</fanart>
</item>
<item>
    <title>Whispering Smith Hits London</title>
    <meta>
        <imdb>tt0044211</imdb>
        <content>movie</content>
        <title>Whispering Smith Hits London</title>
        <year>1952</year>
    </meta>
    <link>
        <sublink>search</sublink>
        <sublink>searchsd</sublink>
    </link>
    <thumbnail>https://image.tmdb.org/t/p/w1280//q4dhDkAUIjSBYsBE68vWmnSyG5l.jpg</thumbnail>
    <fanart/>
</item>
<item>
    <title>Who Killed Van Loon?</title>
    <meta>
        <imdb>tt0040967</imdb>
        <content>movie</content>
        <title>Who Killed Van Loon?</title>
        <year>1948</year>
    </meta>
    <link>
        <sublink>search</sublink>
        <sublink>searchsd</sublink>
    </link>
    <thumbnail>https://image.tmdb.org/t/p/w1280//7CoMBT9Qckrah3XFMk6vCYlKOTC.jpg</thumbnail>
    <fanart/>
</item>
<item>
    <title>The Witches</title>
    <meta>
        <imdb>tt0060307</imdb>
        <content>movie</content>
        <title>The Witches</title>
        <year>1966</year>
    </meta>
    <link>
        <sublink>search</sublink>
        <sublink>searchsd</sublink>
    </link>
    <thumbnail>https://image.tmdb.org/t/p/w1280//32lFZxySBycJunvnCquXkPQasbL.jpg</thumbnail>
    <fanart>https://image.tmdb.org/t/p/w1280//yY8uU06teALzpqcC0TSwqVFSoO8.jpg</fanart>
</item>
<item>
    <title>The Woman in Black</title>
    <meta>
        <imdb>tt1596365</imdb>
        <content>movie</content>
        <title>The Woman in Black</title>
        <year>2012</year>
    </meta>
    <link>
        <sublink>search</sublink>
        <sublink>searchsd</sublink>
    </link>
    <thumbnail>https://image.tmdb.org/t/p/w1280//y4Z9m5jbPhFAEMWsMHo71Bh1vzi.jpg</thumbnail>
    <fanart>https://image.tmdb.org/t/p/w1280//xkXB31hBfU6A5bZlaGjNLvdfiYc.jpg</fanart>
</item>
<item>
    <title>The Woman in Black 2: Angel of Death</title>
    <meta>
        <imdb>tt2339741</imdb>
        <content>movie</content>
        <title>The Woman in Black 2: Angel of Death</title>
        <year>2014</year>
    </meta>
    <link>
        <sublink>search</sublink>
        <sublink>searchsd</sublink>
    </link>
    <thumbnail>https://image.tmdb.org/t/p/w1280//kzWRtyMtazWA22LJXA64KKZ3slY.jpg</thumbnail>
    <fanart>https://image.tmdb.org/t/p/w1280//zZAJke7HMmQfc52L1AzvQkmMR3e.jpg</fanart>
</item>
<item>
    <title>X: The Unknown</title>
    <meta>
        <imdb>tt0049967</imdb>
        <content>movie</content>
        <title>X: The Unknown</title>
        <year>1956</year>
    </meta>
    <link>
        <sublink>search</sublink>
        <sublink>searchsd</sublink>
    </link>
    <thumbnail>https://image.tmdb.org/t/p/w1280//yr2qWWNwsTTKwAgfTFgdDHBfprB.jpg</thumbnail>
    <fanart>https://image.tmdb.org/t/p/w1280//y7FF7zv8745LXYHhwXUzqzoY2sQ.jpg</fanart>
</item>
<item>
    <title>Yesterday's Enemy</title>
    <meta>
        <imdb>tt0053458</imdb>
        <content>movie</content>
        <title>Yesterday's Enemy</title>
        <year>1959</year>
    </meta>
    <link>
        <sublink>search</sublink>
        <sublink>searchsd</sublink>
    </link>
    <thumbnail>https://image.tmdb.org/t/p/w1280//erz95IWibdO1Z3U59eOeL5jwnUY.jpg</thumbnail>
    <fanart>https://image.tmdb.org/t/p/w1280//bd9o4kluKIRNVTpSMZNDZxrnYbU.jpg</fanart>
</item>
