<item>
    <title>Boiler Room</title>
    <meta>
        <imdb>tt0181984</imdb>
        <content>movie</content>
        <title>Boiler Room</title>
        <year>2000</year>
    </meta>
    <link>
        <sublink>search</sublink>
        <sublink>searchsd</sublink>
    </link>
    <thumbnail>https://image.tmdb.org/t/p/w1280//saPIJPgg5EHyduryuRAEr8y3SuX.jpg</thumbnail>
    <fanart>https://image.tmdb.org/t/p/w1280//rGs6hkQptil9OcAs8mBK6gky0YK.jpg</fanart>
</item>
<item>
    <title>Clerks</title>
    <meta>
        <imdb>tt0109445</imdb>
        <content>movie</content>
        <title>Clerks</title>
        <year>1994</year>
    </meta>
    <link>
        <sublink>search</sublink>
        <sublink>searchsd</sublink>
    </link>
    <thumbnail>https://image.tmdb.org/t/p/w1280//biEvW2hTrnWwhh6EWyTsHOh3COg.jpg</thumbnail>
    <fanart>https://image.tmdb.org/t/p/w1280//a3sogs3NLDj3d2ITPd6TTBR0Eax.jpg</fanart>
</item>
<item>
    <title>Clerks II</title>
    <meta>
        <imdb>tt0424345</imdb>
        <content>movie</content>
        <title>Clerks II</title>
        <year>2006</year>
    </meta>
    <link>
        <sublink>search</sublink>
        <sublink>searchsd</sublink>
    </link>
    <thumbnail>https://image.tmdb.org/t/p/w1280//luPEGTlN8egktVeomdf2nEap5SP.jpg</thumbnail>
    <fanart>https://image.tmdb.org/t/p/w1280//dIF8r4OUVaRfy6O7mfIJjufEC9j.jpg</fanart>
</item>
<item>
    <title>The Company Men</title>
    <meta>
        <imdb>tt1172991</imdb>
        <content>movie</content>
        <title>The Company Men</title>
        <year>2010</year>
    </meta>
    <link>
        <sublink>search</sublink>
        <sublink>searchsd</sublink>
    </link>
    <thumbnail>https://image.tmdb.org/t/p/w1280//xP1FWgiUT1v1GGCwd94hXLaHyg8.jpg</thumbnail>
    <fanart>https://image.tmdb.org/t/p/w1280//7U5ORIO4QUL56EFnt0mV6C1SCze.jpg</fanart>
</item>
<item>
    <title>Dinner for Schmucks</title>
    <meta>
        <imdb>tt0427152</imdb>
        <content>movie</content>
        <title>Dinner for Schmucks</title>
        <year>2010</year>
    </meta>
    <link>
        <sublink>search</sublink>
        <sublink>searchsd</sublink>
    </link>
    <thumbnail>https://image.tmdb.org/t/p/w1280//3eaNh9o4idemfhnWGt95mBJks9H.jpg</thumbnail>
    <fanart>https://image.tmdb.org/t/p/w1280//kYKpCHMBclFIYTqYhkLGmV1n32B.jpg</fanart>
</item>
<dir>
    <title>Dirty Jobs</title>
    <meta>
        <imdb>tt0458259</imdb>
        <content>tvshow</content>
        <tvshowtitle>Dirty Jobs</tvshowtitle>
        <year>2003</year>
    </meta>
    <link>tmdb_tv_show(2584, 2003, Dirty Jobs)</link>
    <thumbnail>https://image.tmdb.org/t/p/w1280//dwkqgdVnolbCcHptzjR8FeimfTv.jpg</thumbnail>
    <fanart>https://image.tmdb.org/t/p/w1280//c53S7fR1YMaffdUIeAns7IhuRcH.jpg</fanart>
</dir>
<dir>
    <title>Dirty Jobs</title>
    <meta>
        <imdb>None</imdb>
        <content>tvshow</content>
        <tvshowtitle>Dirty Jobs</tvshowtitle>
        <year>2007</year>
    </meta>
    <link>tmdb_tv_show(6930, 2007, Dirty Jobs)</link>
    <thumbnail/>
    <fanart>https://image.tmdb.org/t/p/w1280//qQBs51dijj1aXxnCk8rrzzYwBkO.jpg</fanart>
</dir>
<item>
    <title>Employee of the Month</title>
    <meta>
        <imdb>tt0424993</imdb>
        <content>movie</content>
        <title>Employee of the Month</title>
        <year>2006</year>
    </meta>
    <link>
        <sublink>search</sublink>
        <sublink>searchsd</sublink>
    </link>
    <thumbnail>https://image.tmdb.org/t/p/w1280//sbTfPvKshVINPlKHiqlI14ARQV0.jpg</thumbnail>
    <fanart>https://image.tmdb.org/t/p/w1280//2WF9y6sQdftdsenlWKMaoQUKJRN.jpg</fanart>
</item>
<item>
    <title>The Firm</title>
    <meta>
        <imdb>tt0106918</imdb>
        <content>movie</content>
        <title>The Firm</title>
        <year>1993</year>
    </meta>
    <link>
        <sublink>search</sublink>
        <sublink>searchsd</sublink>
    </link>
    <thumbnail>https://image.tmdb.org/t/p/w1280//ykoBRyHWvP3akdo98UcIxWAHXeu.jpg</thumbnail>
    <fanart>https://image.tmdb.org/t/p/w1280//9nbVWTSZpeRKNKtMM45mSttZito.jpg</fanart>
</item>
<item>
    <title>Flash of Genius</title>
    <meta>
        <imdb>tt1054588</imdb>
        <content>movie</content>
        <title>Flash of Genius</title>
        <year>2008</year>
    </meta>
    <link>
        <sublink>search</sublink>
        <sublink>searchsd</sublink>
    </link>
    <thumbnail>https://image.tmdb.org/t/p/w1280//1ns6k9V5Ofy3gX1zaYvioDSKmJR.jpg</thumbnail>
    <fanart>https://image.tmdb.org/t/p/w1280//8JSiLpS2iY8e8UlO1L602YpD6M9.jpg</fanart>
</item>
<item>
    <title>Glengarry Glen Ross</title>
    <meta>
        <imdb>tt0104348</imdb>
        <content>movie</content>
        <title>Glengarry Glen Ross</title>
        <year>1992</year>
    </meta>
    <link>
        <sublink>search</sublink>
        <sublink>searchsd</sublink>
    </link>
    <thumbnail>https://image.tmdb.org/t/p/w1280//4YgCTLcHEIeGyzrKpwz93rORb8l.jpg</thumbnail>
    <fanart>https://image.tmdb.org/t/p/w1280//mItbTjXFv5scWZ7zJpLh64uUZ6G.jpg</fanart>
</item>
<item>
    <title>The Good Girl</title>
    <meta>
        <imdb>tt0279113</imdb>
        <content>movie</content>
        <title>The Good Girl</title>
        <year>2002</year>
    </meta>
    <link>
        <sublink>search</sublink>
        <sublink>searchsd</sublink>
    </link>
    <thumbnail>https://image.tmdb.org/t/p/w1280//gXUh1LQ8g2rOKNzmOCe3tjfnsZR.jpg</thumbnail>
    <fanart>https://image.tmdb.org/t/p/w1280//gY2qB8EFgiCZTQSgcWoZov3w7eH.jpg</fanart>
</item>
<item>
    <title>Horrible Bosses</title>
    <meta>
        <imdb>tt1499658</imdb>
        <content>movie</content>
        <title>Horrible Bosses</title>
        <year>2011</year>
    </meta>
    <link>
        <sublink>search</sublink>
        <sublink>searchsd</sublink>
    </link>
    <thumbnail>https://image.tmdb.org/t/p/w1280//17rVRW7ond0PR2KJHY0xY00isTB.jpg</thumbnail>
    <fanart>https://image.tmdb.org/t/p/w1280//1iVZJmeHW8MVMq7xlaHgLSv6qrc.jpg</fanart>
</item>
<item>
    <title>Horrible Bosses 2</title>
    <meta>
        <imdb>tt2170439</imdb>
        <content>movie</content>
        <title>Horrible Bosses 2</title>
        <year>2014</year>
    </meta>
    <link>
        <sublink>search</sublink>
        <sublink>searchsd</sublink>
    </link>
    <thumbnail>https://image.tmdb.org/t/p/w1280//zRkLCOx7o9tjPYb9s7u6mpw8VOs.jpg</thumbnail>
    <fanart>https://image.tmdb.org/t/p/w1280//7OluTl9LoaMDZ2MVdrFVuU2os09.jpg</fanart>
</item>
<item>
    <title>The Hudsucker Proxy</title>
    <meta>
        <imdb>tt0110074</imdb>
        <content>movie</content>
        <title>The Hudsucker Proxy</title>
        <year>1994</year>
    </meta>
    <link>
        <sublink>search</sublink>
        <sublink>searchsd</sublink>
    </link>
    <thumbnail>https://image.tmdb.org/t/p/w1280//olViHNQHPy18SOJvbAI1bXUjHXI.jpg</thumbnail>
    <fanart>https://image.tmdb.org/t/p/w1280//nydgY2PtjJ9lA0U94A54ittsXJG.jpg</fanart>
</item>
<item>
    <title>Joy</title>
    <meta>
        <imdb>tt2446980</imdb>
        <content>movie</content>
        <title>Joy</title>
        <year>2015</year>
    </meta>
    <link>
        <sublink>search</sublink>
        <sublink>searchsd</sublink>
    </link>
    <thumbnail>https://image.tmdb.org/t/p/w1280//zNjxzdgSwzRXnP8Stu3HGzKQKWp.jpg</thumbnail>
    <fanart>https://image.tmdb.org/t/p/w1280//5nBIWhdexEU0peSUK0wZEkjgy6h.jpg</fanart>
</item>
<item>
    <title>Labor Day</title>
    <meta>
        <imdb>tt1967545</imdb>
        <content>movie</content>
        <title>Labor Day</title>
        <year>2013</year>
    </meta>
    <link>
        <sublink>search</sublink>
        <sublink>searchsd</sublink>
    </link>
    <thumbnail>https://image.tmdb.org/t/p/w1280//of6NU4IAkRHke51kC2DQouMIUWa.jpg</thumbnail>
    <fanart>https://image.tmdb.org/t/p/w1280//etWGD7y6SewUFDJHz4uTbFIOCBT.jpg</fanart>
</item>
<item>
    <title>Made in Dagenham</title>
    <meta>
        <imdb>tt1371155</imdb>
        <content>movie</content>
        <title>Made in Dagenham</title>
        <year>2010</year>
    </meta>
    <link>
        <sublink>search</sublink>
        <sublink>searchsd</sublink>
    </link>
    <thumbnail>https://image.tmdb.org/t/p/w1280//9jaYXw11xWdE7U0VQwguOzYlsJG.jpg</thumbnail>
    <fanart>https://image.tmdb.org/t/p/w1280//vnUfZhH6Imc1f3CwPYvjoJ3EN9s.jpg</fanart>
</item>
<item>
    <title>Nine to Five</title>
    <meta>
        <imdb>tt0080319</imdb>
        <content>movie</content>
        <title>Nine to Five</title>
        <year>1980</year>
    </meta>
    <link>
        <sublink>search</sublink>
        <sublink>searchsd</sublink>
    </link>
    <thumbnail>https://image.tmdb.org/t/p/w1280//tV1V1AtTvpAa3SBLnCyj2K6WizS.jpg</thumbnail>
    <fanart>https://image.tmdb.org/t/p/w1280//n7iSm7WQV0l3UnXX9mbWXh5Goxe.jpg</fanart>
</item>
<item>
    <title>North Country</title>
    <meta>
        <imdb>tt0395972</imdb>
        <content>movie</content>
        <title>North Country</title>
        <year>2005</year>
    </meta>
    <link>
        <sublink>search</sublink>
        <sublink>searchsd</sublink>
    </link>
    <thumbnail>https://image.tmdb.org/t/p/w1280//5GgqXt4H3PoV93qawuYz4ZjfmKT.jpg</thumbnail>
    <fanart>https://image.tmdb.org/t/p/w1280//aR9FAsHCzpM4HeoFxA2IG7E3wS5.jpg</fanart>
</item>
<dir>
    <title>The Office</title>
    <meta>
        <imdb>tt0386676</imdb>
        <content>tvshow</content>
        <tvshowtitle>The Office</tvshowtitle>
        <year>2005</year>
    </meta>
    <link>tmdb_tv_show(2316, 2005, The Office)</link>
    <thumbnail>https://image.tmdb.org/t/p/w1280//iP0uuzWOR5uornNpkkZiemVonMi.jpg</thumbnail>
    <fanart>https://image.tmdb.org/t/p/w1280//eLiqATmcigKP8K2BhjLdELmEqsy.jpg</fanart>
</dir>
<item>
    <title>Office Space</title>
    <meta>
        <imdb>tt0151804</imdb>
        <content>movie</content>
        <title>Office Space</title>
        <year>1999</year>
    </meta>
    <link>
        <sublink>search</sublink>
        <sublink>searchsd</sublink>
    </link>
    <thumbnail>https://image.tmdb.org/t/p/w1280//iO9aZzrfmMvm3IqkFiQyuuUMLh2.jpg</thumbnail>
    <fanart>https://image.tmdb.org/t/p/w1280//8QSLv5XMSLDRcFsstS669F5ZRZl.jpg</fanart>
</item>
<dir>
    <title>Outsourced</title>
    <meta>
        <imdb>tt1593756</imdb>
        <content>tvshow</content>
        <tvshowtitle>Outsourced</tvshowtitle>
        <year>2010</year>
    </meta>
    <link>tmdb_tv_show(32694, 2010, Outsourced)</link>
    <thumbnail>https://image.tmdb.org/t/p/w1280//3tlSK8aCGYGWULwZ6937i1HSFC8.jpg</thumbnail>
    <fanart>https://image.tmdb.org/t/p/w1280//buqZCa8tlL8Q1EUGt6NozGfUFyR.jpg</fanart>
</dir>
<item>
    <title>Outsourced</title>
    <meta>
        <imdb>tt0425326</imdb>
        <content>movie</content>
        <title>Outsourced</title>
        <year>2006</year>
    </meta>
    <link>
        <sublink>search</sublink>
        <sublink>searchsd</sublink>
    </link>
    <thumbnail>https://image.tmdb.org/t/p/w1280//fv3nicRKDT0EJ9pmwYxPeRtaB6h.jpg</thumbnail>
    <fanart>https://image.tmdb.org/t/p/w1280//yalttIXAIGukxtoFVAR3RI2hGEi.jpg</fanart>
</item>
<item>
    <title>Philadelphia</title>
    <meta>
        <imdb>tt0107818</imdb>
        <content>movie</content>
        <title>Philadelphia</title>
        <year>1993</year>
    </meta>
    <link>
        <sublink>search</sublink>
        <sublink>searchsd</sublink>
    </link>
    <thumbnail>https://image.tmdb.org/t/p/w1280//uyUSC7oX0alcAG9q6vke8WHGKkY.jpg</thumbnail>
    <fanart>https://image.tmdb.org/t/p/w1280//pabJLbq90hvDQuXJkabiwpvWKQt.jpg</fanart>
</item>
<item>
    <title>Picnic</title>
    <meta>
        <imdb>tt0048491</imdb>
        <content>movie</content>
        <title>Picnic</title>
        <year>1955</year>
    </meta>
    <link>
        <sublink>search</sublink>
        <sublink>searchsd</sublink>
    </link>
    <thumbnail>https://image.tmdb.org/t/p/w1280//iOdP6Ybu5ZuNPm0c4zAnlTFF98B.jpg</thumbnail>
    <fanart>https://image.tmdb.org/t/p/w1280//sxTDoXY3wRNN4Z2YtHCYucn0g9t.jpg</fanart>
</item>
<item>
    <title>The Proposal</title>
    <meta>
        <imdb>tt1041829</imdb>
        <content>movie</content>
        <title>The Proposal</title>
        <year>2009</year>
    </meta>
    <link>
        <sublink>search</sublink>
        <sublink>searchsd</sublink>
    </link>
    <thumbnail>https://image.tmdb.org/t/p/w1280//xippClkb4VCE15uva13SAGf8Vsd.jpg</thumbnail>
    <fanart>https://image.tmdb.org/t/p/w1280//ier1BiquNU2zptOZcAbhAI5WCyv.jpg</fanart>
</item>
<item>
    <title>Short Time</title>
    <meta>
        <imdb>tt0100604</imdb>
        <content>movie</content>
        <title>Short Time</title>
        <year>1990</year>
    </meta>
    <link>
        <sublink>search</sublink>
        <sublink>searchsd</sublink>
    </link>
    <thumbnail>https://image.tmdb.org/t/p/w1280//AdzsLtDtwOJxYhANEQyCtrgTNGi.jpg</thumbnail>
    <fanart>https://image.tmdb.org/t/p/w1280//mmoRgj9M7ZBsQ8yKHPPmZPTU5A7.jpg</fanart>
</item>
<item>
    <title>Silkwood</title>
    <meta>
        <imdb>tt0086312</imdb>
        <content>movie</content>
        <title>Silkwood</title>
        <year>1983</year>
    </meta>
    <link>
        <sublink>search</sublink>
        <sublink>searchsd</sublink>
    </link>
    <thumbnail>https://image.tmdb.org/t/p/w1280//wCH2jE7OiCRZUy9V6QIjOtnggEV.jpg</thumbnail>
    <fanart>https://image.tmdb.org/t/p/w1280//j6bS9b8uSqs098w8R60YXFocPPw.jpg</fanart>
</item>
<item>
    <title>Still Waiting...</title>
    <meta>
        <imdb>tt1116186</imdb>
        <content>movie</content>
        <title>Still Waiting...</title>
        <year>2009</year>
    </meta>
    <link>
        <sublink>search</sublink>
        <sublink>searchsd</sublink>
    </link>
    <thumbnail>https://image.tmdb.org/t/p/w1280//9Dv7fX2b7cFhML8tfqH2e1bpW0Y.jpg</thumbnail>
    <fanart>https://image.tmdb.org/t/p/w1280//j1wbHRHoq5u4uILbkov2rkYDyye.jpg</fanart>
</item>
<item>
    <title>Sunshine Cleaning</title>
    <meta>
        <imdb>tt0862846</imdb>
        <content>movie</content>
        <title>Sunshine Cleaning</title>
        <year>2008</year>
    </meta>
    <link>
        <sublink>search</sublink>
        <sublink>searchsd</sublink>
    </link>
    <thumbnail>https://image.tmdb.org/t/p/w1280//9JkxUbOFiomw2Ci8ayTfAT69s0k.jpg</thumbnail>
    <fanart>https://image.tmdb.org/t/p/w1280//o2ZmWvRFnqNURvf9NC5FkrUdSQu.jpg</fanart>
</item>
<item>
    <title>Swimming with Sharks</title>
    <meta>
        <imdb>tt0114594</imdb>
        <content>movie</content>
        <title>Swimming with Sharks</title>
        <year>1994</year>
    </meta>
    <link>
        <sublink>search</sublink>
        <sublink>searchsd</sublink>
    </link>
    <thumbnail>https://image.tmdb.org/t/p/w1280//jqsOhWIGccIJCe8zvHKQuWy5IJL.jpg</thumbnail>
    <fanart>https://image.tmdb.org/t/p/w1280//nN3tbgAGHzBFUEaRfDlsRsffhkC.jpg</fanart>
</item>
<item>
    <title>Two Weeks Notice</title>
    <meta>
        <imdb>tt0313737</imdb>
        <content>movie</content>
        <title>Two Weeks Notice</title>
        <year>2002</year>
    </meta>
    <link>
        <sublink>search</sublink>
        <sublink>searchsd</sublink>
    </link>
    <thumbnail>https://image.tmdb.org/t/p/w1280//nfgAa80L1RCkLBbeob0W3Ydhg8H.jpg</thumbnail>
    <fanart>https://image.tmdb.org/t/p/w1280//hHkS7c18u6sc6CCE1GXi6J6TmHo.jpg</fanart>
</item>
<item>
    <title>Up in the Air</title>
    <meta>
        <imdb>tt1193138</imdb>
        <content>movie</content>
        <title>Up in the Air</title>
        <year>2009</year>
    </meta>
    <link>
        <sublink>search</sublink>
        <sublink>searchsd</sublink>
    </link>
    <thumbnail>https://image.tmdb.org/t/p/w1280//skp6h2el5rsaRmlzBhWZ6ZPyW2i.jpg</thumbnail>
    <fanart>https://image.tmdb.org/t/p/w1280//nlCfq030puwR9P98gBJ4rRK7LUF.jpg</fanart>
</item>
<item>
    <title>Waiting...</title>
    <meta>
        <imdb>tt0348333</imdb>
        <content>movie</content>
        <title>Waiting...</title>
        <year>2005</year>
    </meta>
    <link>
        <sublink>search</sublink>
        <sublink>searchsd</sublink>
    </link>
    <thumbnail>https://image.tmdb.org/t/p/w1280//3cyqShU9PGMtTpQgnV7Um3nEOmk.jpg</thumbnail>
    <fanart>https://image.tmdb.org/t/p/w1280//eBHZQOzXAJCAjtJtX2yiiN6G0Mq.jpg</fanart>
</item>
<item>
    <title>Waitress</title>
    <meta>
        <imdb>tt0473308</imdb>
        <content>movie</content>
        <title>Waitress</title>
        <year>2007</year>
    </meta>
    <link>
        <sublink>search</sublink>
        <sublink>searchsd</sublink>
    </link>
    <thumbnail>https://image.tmdb.org/t/p/w1280//88FWNhsEvnCGELvUgQEpZ1E5nd5.jpg</thumbnail>
    <fanart>https://image.tmdb.org/t/p/w1280//rSjhIAm6reDmaEd9P6fHqrv6qh9.jpg</fanart>
</item>
<dir>
    <title>Working</title>
    <meta>
        <imdb>tt0118517</imdb>
        <content>tvshow</content>
        <tvshowtitle>Working</tvshowtitle>
        <year>1997</year>
    </meta>
    <link>tmdb_tv_show(9833, 1997, Working)</link>
    <thumbnail>https://image.tmdb.org/t/p/w1280//94oh9yHq1zXueEkFHYr6JO9WXDt.jpg</thumbnail>
    <fanart/>
</dir>
<item>
    <title>Working Girl</title>
    <meta>
        <imdb>tt0096463</imdb>
        <content>movie</content>
        <title>Working Girl</title>
        <year>1988</year>
    </meta>
    <link>
        <sublink>search</sublink>
        <sublink>searchsd</sublink>
    </link>
    <thumbnail>https://image.tmdb.org/t/p/w1280//nuI5dlPhKb0H1wyn85fIJirdwpX.jpg</thumbnail>
    <fanart>https://image.tmdb.org/t/p/w1280//5TmSUZKlDPeglPvqRnbfCU05KUQ.jpg</fanart>
</item>
