<item>
    <title>Alice Doesn't Live Here Anymore</title>
    <meta>
        <imdb>tt0071115</imdb>
        <content>movie</content>
        <title>Alice Doesn't Live Here Anymore</title>
        <year>1974</year>
    </meta>
    <link>
        <sublink>search</sublink>
        <sublink>searchsd</sublink>
    </link>
    <thumbnail>https://image.tmdb.org/t/p/w1280//k2D6D2tf1toPjqG4e4RjfG1a0bb.jpg</thumbnail>
    <fanart>https://image.tmdb.org/t/p/w1280//pPnduWEVCdo8usHuKoL4iOdza66.jpg</fanart>
</item>
<item>
    <title>Anywhere But Here</title>
    <meta>
        <imdb>tt0149691</imdb>
        <content>movie</content>
        <title>Anywhere But Here</title>
        <year>1999</year>
    </meta>
    <link>
        <sublink>search</sublink>
        <sublink>searchsd</sublink>
    </link>
    <thumbnail>https://image.tmdb.org/t/p/w1280//j7XtUGwJizEn6SYppWYiNU3oRMB.jpg</thumbnail>
    <fanart>https://image.tmdb.org/t/p/w1280//8kG1a0dmJRTVwyoVHYdATuP0gOq.jpg</fanart>
</item>
<item>
    <title>Bad Moms</title>
    <meta>
        <imdb>tt4651520</imdb>
        <content>movie</content>
        <title>Bad Moms</title>
        <year>2016</year>
    </meta>
    <link>
        <sublink>search</sublink>
        <sublink>searchsd</sublink>
    </link>
    <thumbnail>https://image.tmdb.org/t/p/w1280//8sH6LX06JijKQehWo0iSJtbp446.jpg</thumbnail>
    <fanart>https://image.tmdb.org/t/p/w1280//elPpPBuYB2Zn5wFwz2FSlJlKUjp.jpg</fanart>
</item>
<item>
    <title>Beaches</title>
    <meta>
        <imdb>tt0094715</imdb>
        <content>movie</content>
        <title>Beaches</title>
        <year>1988</year>
    </meta>
    <link>
        <sublink>search</sublink>
        <sublink>searchsd</sublink>
    </link>
    <thumbnail>https://image.tmdb.org/t/p/w1280//4UUHcpwzaY21cl4XWDN3NMfeqc0.jpg</thumbnail>
    <fanart>https://image.tmdb.org/t/p/w1280//caqd6csaWkESZOEc1LVB7znEloD.jpg</fanart>
</item>
<item>
    <title>The Blind Side</title>
    <meta>
        <imdb>tt0878804</imdb>
        <content>movie</content>
        <title>The Blind Side</title>
        <year>2009</year>
    </meta>
    <link>
        <sublink>search</sublink>
        <sublink>searchsd</sublink>
    </link>
    <thumbnail>https://image.tmdb.org/t/p/w1280//wEGFSgPebLk6g1ngKsJ6a46PYLV.jpg</thumbnail>
    <fanart>https://image.tmdb.org/t/p/w1280//qVjKZMB0IdOc2JlwiiGsuKTvTJs.jpg</fanart>
</item>
<item>
    <title>Brave</title>
    <meta>
        <imdb>tt1217209</imdb>
        <content>movie</content>
        <title>Brave</title>
        <year>2012</year>
    </meta>
    <link>
        <sublink>search</sublink>
        <sublink>searchsd</sublink>
    </link>
    <thumbnail>https://image.tmdb.org/t/p/w1280//qhABv2d4NZLhsOOA4iBFM4rfuJC.jpg</thumbnail>
    <fanart>https://image.tmdb.org/t/p/w1280//sfRCA9g3CunpnZO3QurHSIRcsUq.jpg</fanart>
</item>
<item>
    <title>The Burning Bed</title>
    <meta>
        <imdb>tt0087010</imdb>
        <content>movie</content>
        <title>The Burning Bed</title>
        <year>1984</year>
    </meta>
    <link>
        <sublink>search</sublink>
        <sublink>searchsd</sublink>
    </link>
    <thumbnail>https://image.tmdb.org/t/p/w1280//tyv5Yz2xPqEaYAlhVpawld1QH65.jpg</thumbnail>
    <fanart>https://image.tmdb.org/t/p/w1280//gD6mu6LoMC5iaQd5CzaGgqPJ4KO.jpg</fanart>
</item>
<item>
    <title>Cheaper by the Dozen</title>
    <meta>
        <imdb>tt0349205</imdb>
        <content>movie</content>
        <title>Cheaper by the Dozen</title>
        <year>2003</year>
    </meta>
    <link>
        <sublink>search</sublink>
        <sublink>searchsd</sublink>
    </link>
    <thumbnail>https://image.tmdb.org/t/p/w1280//qdbC2M1WCY310tmbraIoxbd32TT.jpg</thumbnail>
    <fanart>https://image.tmdb.org/t/p/w1280//yy97aQyggq23BFFIpddAekgcFpe.jpg</fanart>
</item>
<item>
    <title>Cheaper by the Dozen 2</title>
    <meta>
        <imdb>tt0452598</imdb>
        <content>movie</content>
        <title>Cheaper by the Dozen 2</title>
        <year>2005</year>
    </meta>
    <link>
        <sublink>search</sublink>
        <sublink>searchsd</sublink>
    </link>
    <thumbnail>https://image.tmdb.org/t/p/w1280//ftrEtXOMnYzF5k14tBJiS3MYby2.jpg</thumbnail>
    <fanart>https://image.tmdb.org/t/p/w1280//nNvReK5QSyygLQDLcaxhrXa8eR0.jpg</fanart>
</item>
<item>
    <title>Dolores Claiborne</title>
    <meta>
        <imdb>tt0109642</imdb>
        <content>movie</content>
        <title>Dolores Claiborne</title>
        <year>1995</year>
    </meta>
    <link>
        <sublink>search</sublink>
        <sublink>searchsd</sublink>
    </link>
    <thumbnail>https://image.tmdb.org/t/p/w1280//ewmVWV0TP8LTlYZ4OzCcguwC9d1.jpg</thumbnail>
    <fanart>https://image.tmdb.org/t/p/w1280//ArT1HUDedndeJeT16pOrNiesorQ.jpg</fanart>
</item>
<item>
    <title>Erin Brockovich</title>
    <meta>
        <imdb>tt0195685</imdb>
        <content>movie</content>
        <title>Erin Brockovich</title>
        <year>2000</year>
    </meta>
    <link>
        <sublink>search</sublink>
        <sublink>searchsd</sublink>
    </link>
    <thumbnail>https://image.tmdb.org/t/p/w1280//if90sXZkI4aaxdlhxKejpniT9ff.jpg</thumbnail>
    <fanart>https://image.tmdb.org/t/p/w1280//vfGCgrmvmP4hTEWDRO3uRBcMqlR.jpg</fanart>
</item>
<item>
    <title>Forrest Gump</title>
    <meta>
        <imdb>tt0109830</imdb>
        <content>movie</content>
        <title>Forrest Gump</title>
        <year>1994</year>
    </meta>
    <link>
        <sublink>search</sublink>
        <sublink>searchsd</sublink>
    </link>
    <thumbnail>https://image.tmdb.org/t/p/w1280//yE5d3BUhE8hCnkMUJOo1QDoOGNz.jpg</thumbnail>
    <fanart>https://image.tmdb.org/t/p/w1280//ctOEhQiFIHWkiaYp7b0ibSTe5IL.jpg</fanart>
</item>
<item>
    <title>Freaky Friday</title>
    <meta>
        <imdb>tt0322330</imdb>
        <content>movie</content>
        <title>Freaky Friday</title>
        <year>2003</year>
    </meta>
    <link>
        <sublink>search</sublink>
        <sublink>searchsd</sublink>
    </link>
    <thumbnail>https://image.tmdb.org/t/p/w1280//fBtYKVgpGNoUsmRGy7rLjIQsmpf.jpg</thumbnail>
    <fanart>https://image.tmdb.org/t/p/w1280//w6TR7kTsKmlBYps2i5hzoukBLCn.jpg</fanart>
</item>
<item>
    <title>Fried Green Tomatoes</title>
    <meta>
        <imdb>tt0101921</imdb>
        <content>movie</content>
        <title>Fried Green Tomatoes</title>
        <year>1991</year>
    </meta>
    <link>
        <sublink>search</sublink>
        <sublink>searchsd</sublink>
    </link>
    <thumbnail>https://image.tmdb.org/t/p/w1280//g71l1vbJwyAAYk8zKCkIQQ58qcb.jpg</thumbnail>
    <fanart>https://image.tmdb.org/t/p/w1280//z4Ausah3ytq9kX6ScjAE0jFkPdz.jpg</fanart>
</item>
<item>
    <title>Georgia Rule</title>
    <meta>
        <imdb>tt0791304</imdb>
        <content>movie</content>
        <title>Georgia Rule</title>
        <year>2007</year>
    </meta>
    <link>
        <sublink>search</sublink>
        <sublink>searchsd</sublink>
    </link>
    <thumbnail>https://image.tmdb.org/t/p/w1280//hEf4AlcN0wuVby5ysKf2RuckUgj.jpg</thumbnail>
    <fanart>https://image.tmdb.org/t/p/w1280//An6VWA33EXECZEHQ9A4QGkjX6qf.jpg</fanart>
</item>
<item>
    <title>Gypsy</title>
    <meta>
        <imdb>tt0056048</imdb>
        <content>movie</content>
        <title>Gypsy</title>
        <year>1962</year>
    </meta>
    <link>
        <sublink>search</sublink>
        <sublink>searchsd</sublink>
    </link>
    <thumbnail>https://image.tmdb.org/t/p/w1280//nCKRooUMstAoFWe8LkGfcZTJRUs.jpg</thumbnail>
    <fanart>https://image.tmdb.org/t/p/w1280//9Clhdp6O7Xcl4mUk4S8Ze3r13j6.jpg</fanart>
</item>
<item>
    <title>Hairspray</title>
    <meta>
        <imdb>tt0427327</imdb>
        <content>movie</content>
        <title>Hairspray</title>
        <year>2007</year>
    </meta>
    <link>
        <sublink>search</sublink>
        <sublink>searchsd</sublink>
    </link>
    <thumbnail>https://image.tmdb.org/t/p/w1280//ndOpIx4BXpFCRRIxgMoGHxZxlE9.jpg</thumbnail>
    <fanart>https://image.tmdb.org/t/p/w1280//qOcVMGFaUrJ6npQXUujVXWVS96C.jpg</fanart>
</item>
<item>
    <title>Happy Mother's Day, Love George</title>
    <meta>
        <imdb>tt0070152</imdb>
        <content>movie</content>
        <title>Happy Mother's Day, Love George</title>
        <year>1973</year>
    </meta>
    <link>
        <sublink>search</sublink>
        <sublink>searchsd</sublink>
    </link>
    <thumbnail>https://image.tmdb.org/t/p/w1280//1PTq42yl1b05auoZVj6jQ96fWhX.jpg</thumbnail>
    <fanart/>
</item>
<item>
    <title>Hope Floats</title>
    <meta>
        <imdb>tt0119313</imdb>
        <content>movie</content>
        <title>Hope Floats</title>
        <year>1998</year>
    </meta>
    <link>
        <sublink>search</sublink>
        <sublink>searchsd</sublink>
    </link>
    <thumbnail>https://image.tmdb.org/t/p/w1280//6PRFM09xjGSWpXObW87CT5JELGJ.jpg</thumbnail>
    <fanart>https://image.tmdb.org/t/p/w1280//7khVbvNAcN8hoJ8qeVg7Nra4ZBl.jpg</fanart>
</item>
<item>
    <title>The Joy Luck Club</title>
    <meta>
        <imdb>tt0107282</imdb>
        <content>movie</content>
        <title>The Joy Luck Club</title>
        <year>1993</year>
    </meta>
    <link>
        <sublink>search</sublink>
        <sublink>searchsd</sublink>
    </link>
    <thumbnail>https://image.tmdb.org/t/p/w1280//k2PXjfyGSQ7nMLoofsFv75XQkX7.jpg</thumbnail>
    <fanart>https://image.tmdb.org/t/p/w1280//bo1ReO6PaCN3T5mwU6ZPMwngvFr.jpg</fanart>
</item>
<item>
    <title>Little Women</title>
    <meta>
        <imdb>tt0110367</imdb>
        <content>movie</content>
        <title>Little Women</title>
        <year>1994</year>
    </meta>
    <link>
        <sublink>search</sublink>
        <sublink>searchsd</sublink>
    </link>
    <thumbnail>https://image.tmdb.org/t/p/w1280//tD9YDE8pjtSvvKUpkmooE6YDSm8.jpg</thumbnail>
    <fanart>https://image.tmdb.org/t/p/w1280//iQ1rprz4HCzwhTVxChytbOUtBC5.jpg</fanart>
</item>
<item>
    <title>Lovely & Amazing</title>
    <meta>
        <imdb>tt0258273</imdb>
        <content>movie</content>
        <title>Lovely & Amazing</title>
        <year>2001</year>
    </meta>
    <link>
        <sublink>search</sublink>
        <sublink>searchsd</sublink>
    </link>
    <thumbnail>https://image.tmdb.org/t/p/w1280//52XN6Q3KEddIhmzuNhWzouMiEYc.jpg</thumbnail>
    <fanart>https://image.tmdb.org/t/p/w1280//eW5OcsCNiZwWCWTQDLGNxnldD6K.jpg</fanart>
</item>
<item>
    <title>Mama</title>
    <meta>
        <imdb>tt2023587</imdb>
        <content>movie</content>
        <title>Mama</title>
        <year>2013</year>
    </meta>
    <link>
        <sublink>search</sublink>
        <sublink>searchsd</sublink>
    </link>
    <thumbnail>https://image.tmdb.org/t/p/w1280//lPcwVnhg3T3MQBtTU31Rx4xwEQH.jpg</thumbnail>
    <fanart>https://image.tmdb.org/t/p/w1280//hAuZ9ZIQDbBzKlnmZheNMFQMc1z.jpg</fanart>
</item>
<item>
    <title>Mamma Mia!</title>
    <meta>
        <imdb>tt0795421</imdb>
        <content>movie</content>
        <title>Mamma Mia!</title>
        <year>2008</year>
    </meta>
    <link>
        <sublink>search</sublink>
        <sublink>searchsd</sublink>
    </link>
    <thumbnail>https://image.tmdb.org/t/p/w1280//husdvXT5x3TDrYBx9nTWGAMZKVY.jpg</thumbnail>
    <fanart>https://image.tmdb.org/t/p/w1280//txtRue33MaXv5HQpTiHPOmOcDxE.jpg</fanart>
</item>
<item>
    <title>Mask</title>
    <meta>
        <imdb>tt0089560</imdb>
        <content>movie</content>
        <title>Mask</title>
        <year>1985</year>
    </meta>
    <link>
        <sublink>search</sublink>
        <sublink>searchsd</sublink>
    </link>
    <thumbnail>https://image.tmdb.org/t/p/w1280//gAeyhf3xCcwS339aiWE2DG7rMgA.jpg</thumbnail>
    <fanart>https://image.tmdb.org/t/p/w1280//k41DsdQGImNTW16fVfAkQosxy0g.jpg</fanart>
</item>
<item>
    <title>Mermaids</title>
    <meta>
        <imdb>tt0100140</imdb>
        <content>movie</content>
        <title>Mermaids</title>
        <year>1990</year>
    </meta>
    <link>
        <sublink>search</sublink>
        <sublink>searchsd</sublink>
    </link>
    <thumbnail>https://image.tmdb.org/t/p/w1280//tNsXSCYB9UVeznlKjgFPoLt5eke.jpg</thumbnail>
    <fanart>https://image.tmdb.org/t/p/w1280//nCaQAFG3dLWNx19RzORZoAJ8QFW.jpg</fanart>
</item>
<item>
    <title>Mommie Dearest</title>
    <meta>
        <imdb>tt0082766</imdb>
        <content>movie</content>
        <title>Mommie Dearest</title>
        <year>1981</year>
    </meta>
    <link>
        <sublink>search</sublink>
        <sublink>searchsd</sublink>
    </link>
    <thumbnail>https://image.tmdb.org/t/p/w1280//vPwWgX1SzLRm6Tqhj9102Mg5kkz.jpg</thumbnail>
    <fanart>https://image.tmdb.org/t/p/w1280//yIRqDvCzjJKUl9OgrJdyYKTfj5.jpg</fanart>
</item>
<item>
    <title>Monster-in-Law</title>
    <meta>
        <imdb>tt0369735</imdb>
        <content>movie</content>
        <title>Monster-in-Law</title>
        <year>2005</year>
    </meta>
    <link>
        <sublink>search</sublink>
        <sublink>searchsd</sublink>
    </link>
    <thumbnail>https://image.tmdb.org/t/p/w1280//lspylq4XK2SdR9M9qpupRu9Bcn4.jpg</thumbnail>
    <fanart>https://image.tmdb.org/t/p/w1280//y7fi2vTh5tbEYnmsWdA7Xw2pXlY.jpg</fanart>
</item>
<item>
    <title>Mother India</title>
    <meta>
        <imdb>tt0050188</imdb>
        <content>movie</content>
        <title>Mother India</title>
        <year>1957</year>
    </meta>
    <link>
        <sublink>search</sublink>
        <sublink>searchsd</sublink>
    </link>
    <thumbnail>https://image.tmdb.org/t/p/w1280//jC8JYvpR5LMTu7Qc1E4xURt9Cpq.jpg</thumbnail>
    <fanart>https://image.tmdb.org/t/p/w1280//ad8srl5Cy7OLVn7nclmwc59gh2X.jpg</fanart>
</item>
<item>
    <title>Mother's Day</title>
    <meta>
        <imdb>tt1434435</imdb>
        <content>movie</content>
        <title>Mother's Day</title>
        <year>2010</year>
    </meta>
    <link>
        <sublink>search</sublink>
        <sublink>searchsd</sublink>
    </link>
    <thumbnail>https://image.tmdb.org/t/p/w1280//tqeVlz9OpZslSxusMg4y6e833LI.jpg</thumbnail>
    <fanart>https://image.tmdb.org/t/p/w1280//5z4jOr1KEDt3Sy7evUvnrcj9ood.jpg</fanart>
</item>
<item>
    <title>Mother's Day</title>
    <meta>
        <imdb>tt4824302</imdb>
        <content>movie</content>
        <title>Mother's Day</title>
        <year>2016</year>
    </meta>
    <link>
        <sublink>search</sublink>
        <sublink>searchsd</sublink>
    </link>
    <thumbnail>https://image.tmdb.org/t/p/w1280//7tgBdoplLSkHfaB523tzqLACs1Z.jpg</thumbnail>
    <fanart>https://image.tmdb.org/t/p/w1280//b5MKzozt10WgEXlTfDST5AjCv1P.jpg</fanart>
</item>
<item>
    <title>Mother's Day</title>
    <meta>
        <imdb>tt0081186</imdb>
        <content>movie</content>
        <title>Mother's Day</title>
        <year>1980</year>
    </meta>
    <link>
        <sublink>search</sublink>
        <sublink>searchsd</sublink>
    </link>
    <thumbnail>https://image.tmdb.org/t/p/w1280//j58tLbbow4FXToIxgiKO8uUjW35.jpg</thumbnail>
    <fanart>https://image.tmdb.org/t/p/w1280//tzJBPTWRs9s2xmThzlvYWIpvths.jpg</fanart>
</item>
<item>
    <title>Mother's Day Massacre</title>
    <meta>
        <imdb>tt0847212</imdb>
        <content>movie</content>
        <title>Mother's Day Massacre</title>
        <year>2007</year>
    </meta>
    <link>
        <sublink>search</sublink>
        <sublink>searchsd</sublink>
    </link>
    <thumbnail>https://image.tmdb.org/t/p/w1280//p2qgNbgfJF3m9sPP1sMyOHfSUIC.jpg</thumbnail>
    <fanart>https://image.tmdb.org/t/p/w1280//uC6R0C3rbgdOYi1gPoJYUu3kBoy.jpg</fanart>
</item>
<item>
    <title>The Perfect Man</title>
    <meta>
        <imdb>tt0380623</imdb>
        <content>movie</content>
        <title>The Perfect Man</title>
        <year>2005</year>
    </meta>
    <link>
        <sublink>search</sublink>
        <sublink>searchsd</sublink>
    </link>
    <thumbnail>https://image.tmdb.org/t/p/w1280//vXMqz8oiDTi0Mvz7ah5PKcKxuYW.jpg</thumbnail>
    <fanart>https://image.tmdb.org/t/p/w1280//6TOm5Y2FkEyzM4CruG9db4JtsIc.jpg</fanart>
</item>
<item>
    <title>Places in the Heart</title>
    <meta>
        <imdb>tt0087921</imdb>
        <content>movie</content>
        <title>Places in the Heart</title>
        <year>1984</year>
    </meta>
    <link>
        <sublink>search</sublink>
        <sublink>searchsd</sublink>
    </link>
    <thumbnail>https://image.tmdb.org/t/p/w1280//nlTs2BfNGf6EEqpqC76M0fgTsDQ.jpg</thumbnail>
    <fanart>https://image.tmdb.org/t/p/w1280//pM7oTc3Eq1Dd8QqkJKUc45yUDjG.jpg</fanart>
</item>
<item>
    <title>Pretty in Pink</title>
    <meta>
        <imdb>tt0091790</imdb>
        <content>movie</content>
        <title>Pretty in Pink</title>
        <year>1986</year>
    </meta>
    <link>
        <sublink>search</sublink>
        <sublink>searchsd</sublink>
    </link>
    <thumbnail>https://image.tmdb.org/t/p/w1280//iSSExklJXBcevQuD8Rycq95fD2p.jpg</thumbnail>
    <fanart>https://image.tmdb.org/t/p/w1280//9c72JU6Agv9zPY5YWDsuekGd8kz.jpg</fanart>
</item>
<item>
    <title>Sense and Sensibility</title>
    <meta>
        <imdb>tt0114388</imdb>
        <content>movie</content>
        <title>Sense and Sensibility</title>
        <year>1995</year>
    </meta>
    <link>
        <sublink>search</sublink>
        <sublink>searchsd</sublink>
    </link>
    <thumbnail>https://image.tmdb.org/t/p/w1280//lA9HTy84Bb6ZwNeyoZKobcMdpMc.jpg</thumbnail>
    <fanart>https://image.tmdb.org/t/p/w1280//ocn3pLKJjYmXIP2331pUNC33f5M.jpg</fanart>
</item>
<item>
    <title>Sophie's Choice</title>
    <meta>
        <imdb>tt0084707</imdb>
        <content>movie</content>
        <title>Sophie's Choice</title>
        <year>1982</year>
    </meta>
    <link>
        <sublink>search</sublink>
        <sublink>searchsd</sublink>
    </link>
    <thumbnail>https://image.tmdb.org/t/p/w1280//7kBisRhUVzL09qSdNFeg33XbL1N.jpg</thumbnail>
    <fanart>https://image.tmdb.org/t/p/w1280//7wL6ZXSwP4E84WDykQ6VksI4PxH.jpg</fanart>
</item>
<item>
    <title>The Sound of Music</title>
    <meta>
        <imdb>tt0059742</imdb>
        <content>movie</content>
        <title>The Sound of Music</title>
        <year>1965</year>
    </meta>
    <link>
        <sublink>search</sublink>
        <sublink>searchsd</sublink>
    </link>
    <thumbnail>https://image.tmdb.org/t/p/w1280//459fPVvI4lkEV0piSfcq0irKHi8.jpg</thumbnail>
    <fanart>https://image.tmdb.org/t/p/w1280//weiACHVZa0lQ10cd3BhJm9d8YUF.jpg</fanart>
</item>
<item>
    <title>Steel Magnolias</title>
    <meta>
        <imdb>tt0098384</imdb>
        <content>movie</content>
        <title>Steel Magnolias</title>
        <year>1989</year>
    </meta>
    <link>
        <sublink>search</sublink>
        <sublink>searchsd</sublink>
    </link>
    <thumbnail>https://image.tmdb.org/t/p/w1280//dxuEXH91o2sau7V8auiour1nEvv.jpg</thumbnail>
    <fanart>https://image.tmdb.org/t/p/w1280//5kpOAyvOmU8OE3xA9JPMXmsRLWe.jpg</fanart>
</item>
<item>
    <title>Stella Dallas</title>
    <meta>
        <imdb>tt0029608</imdb>
        <content>movie</content>
        <title>Stella Dallas</title>
        <year>1937</year>
    </meta>
    <link>
        <sublink>search</sublink>
        <sublink>searchsd</sublink>
    </link>
    <thumbnail>https://image.tmdb.org/t/p/w1280//a4HFdMaLxGoacNnJ9slb3saeec0.jpg</thumbnail>
    <fanart>https://image.tmdb.org/t/p/w1280//lg6EBxi9eQvtRelOsCN8ms1TeFP.jpg</fanart>
</item>
<item>
    <title>Stepmom</title>
    <meta>
        <imdb>tt0120686</imdb>
        <content>movie</content>
        <title>Stepmom</title>
        <year>1998</year>
    </meta>
    <link>
        <sublink>search</sublink>
        <sublink>searchsd</sublink>
    </link>
    <thumbnail>https://image.tmdb.org/t/p/w1280//57TqKdh9rnXgxqiuF2U97HNaOh2.jpg</thumbnail>
    <fanart>https://image.tmdb.org/t/p/w1280//nWwZ7kQjCnQDflGBuiaznHiFudV.jpg</fanart>
</item>
<item>
    <title>Stop! Or My Mom Will Shoot</title>
    <meta>
        <imdb>tt0105477</imdb>
        <content>movie</content>
        <title>Stop! Or My Mom Will Shoot</title>
        <year>1992</year>
    </meta>
    <link>
        <sublink>search</sublink>
        <sublink>searchsd</sublink>
    </link>
    <thumbnail>https://image.tmdb.org/t/p/w1280//sQXdlCaX6demEdOgI1FbV9fX8aO.jpg</thumbnail>
    <fanart>https://image.tmdb.org/t/p/w1280//3H6R5JRn5x13UHFHTH8mrDFaAUY.jpg</fanart>
</item>
<item>
    <title>Terms of Endearment</title>
    <meta>
        <imdb>tt0086425</imdb>
        <content>movie</content>
        <title>Terms of Endearment</title>
        <year>1983</year>
    </meta>
    <link>
        <sublink>search</sublink>
        <sublink>searchsd</sublink>
    </link>
    <thumbnail>https://image.tmdb.org/t/p/w1280//6CRrKmRs3SIgHGeCXZKH7P9ol1b.jpg</thumbnail>
    <fanart>https://image.tmdb.org/t/p/w1280//8jOZrHAbHmMtcZOhFeJDtwzylRs.jpg</fanart>
</item>
<item>
    <title>All About My Mother</title>
    <meta>
        <imdb>tt0185125</imdb>
        <content>movie</content>
        <title>All About My Mother</title>
        <year>1999</year>
    </meta>
    <link>
        <sublink>search</sublink>
        <sublink>searchsd</sublink>
    </link>
    <thumbnail>https://image.tmdb.org/t/p/w1280//sQdalmBSUiaU0QCgZKBfy0l2vUR.jpg</thumbnail>
    <fanart>https://image.tmdb.org/t/p/w1280//f9FdbY3pzLCP3sPJB6jqkE9NFs3.jpg</fanart>
</item>
<item>
    <title>Vera Drake</title>
    <meta>
        <imdb>tt0383694</imdb>
        <content>movie</content>
        <title>Vera Drake</title>
        <year>2004</year>
    </meta>
    <link>
        <sublink>search</sublink>
        <sublink>searchsd</sublink>
    </link>
    <thumbnail>https://image.tmdb.org/t/p/w1280//77hjGa27bYYHWjQcW3LRO87cT62.jpg</thumbnail>
    <fanart>https://image.tmdb.org/t/p/w1280//rBdNKAx17LQdGUlk8Kslv3bC8aa.jpg</fanart>
</item>
<item>
    <title>Volver</title>
    <meta>
        <imdb>tt0441909</imdb>
        <content>movie</content>
        <title>Volver</title>
        <year>2006</year>
    </meta>
    <link>
        <sublink>search</sublink>
        <sublink>searchsd</sublink>
    </link>
    <thumbnail>https://image.tmdb.org/t/p/w1280//wjiEyTi7EnkdtC3MhH446esjCLF.jpg</thumbnail>
    <fanart>https://image.tmdb.org/t/p/w1280//2ZqUuollwvBiNvGHdxBVngiP0YG.jpg</fanart>
</item>
<item>
    <title>Where the Heart Is</title>
    <meta>
        <imdb>tt0198021</imdb>
        <content>movie</content>
        <title>Where the Heart Is</title>
        <year>2000</year>
    </meta>
    <link>
        <sublink>search</sublink>
        <sublink>searchsd</sublink>
    </link>
    <thumbnail>https://image.tmdb.org/t/p/w1280//rNP5NSdXzl6y5CuQ6Sh2JmEnvt5.jpg</thumbnail>
    <fanart>https://image.tmdb.org/t/p/w1280//bcIaRLkPsVunpFUdR1FvBcMhKuL.jpg</fanart>
</item>
<item>
    <title>Mother</title>
    <meta>
        <imdb>tt1216496</imdb>
        <content>movie</content>
        <title>Mother</title>
        <year>2009</year>
    </meta>
    <link>
        <sublink>search</sublink>
        <sublink>searchsd</sublink>
    </link>
    <thumbnail>https://image.tmdb.org/t/p/w1280//mHdlmzflukTX2a2w6rwOkCix34v.jpg</thumbnail>
    <fanart>https://image.tmdb.org/t/p/w1280//qCWHkMFWaNjlE1QV3iy3iMaA1fD.jpg</fanart>
</item>
