<item>
    <title>'Til We Meet Again</title>
    <meta>
        <imdb>tt0032176</imdb>
        <content>movie</content>
        <title>'Til We Meet Again</title>
        <year>1940</year>
    </meta>
    <link>
        <sublink>search</sublink>
        <sublink>searchsd</sublink>
    </link>
    <thumbnail>https://image.tmdb.org/t/p/w1280//t44HV2pSNRpX0DLVM0LA607mdvS.jpg</thumbnail>
    <fanart>https://image.tmdb.org/t/p/w1280//qxlVldRe4jXwRFH8LWrLT0Tj9WE.jpg</fanart>
</item>
<item>
    <title>200 Cigarettes</title>
    <meta>
        <imdb>tt0137338</imdb>
        <content>movie</content>
        <title>200 Cigarettes</title>
        <year>1999</year>
    </meta>
    <link>
        <sublink>search</sublink>
        <sublink>searchsd</sublink>
    </link>
    <thumbnail>https://image.tmdb.org/t/p/w1280//dQoRvGDAFYrmzc9gwNJ7gXlL5Xw.jpg</thumbnail>
    <fanart>https://image.tmdb.org/t/p/w1280//sSUpikvhQJtKuFOPOrnZ8NAPUYz.jpg</fanart>
</item>
<item>
    <title>A Long Way Down</title>
    <meta>
        <imdb>tt0458413</imdb>
        <content>movie</content>
        <title>A Long Way Down</title>
        <year>2014</year>
    </meta>
    <link>
        <sublink>search</sublink>
        <sublink>searchsd</sublink>
    </link>
    <thumbnail>https://image.tmdb.org/t/p/w1280//vIa83hicQj1ZFDG2bWfZaoUoa2e.jpg</thumbnail>
    <fanart>https://image.tmdb.org/t/p/w1280//nmlqFLYlRt1VgGS0rC5RDOWKe63.jpg</fanart>
</item>
<item>
    <title>About a Boy</title>
    <meta>
        <imdb>tt0276751</imdb>
        <content>movie</content>
        <title>About a Boy</title>
        <year>2002</year>
    </meta>
    <link>
        <sublink>search</sublink>
        <sublink>searchsd</sublink>
    </link>
    <thumbnail>https://image.tmdb.org/t/p/w1280//4ts3SBMGu0wFmHgddtaxCa5EhO8.jpg</thumbnail>
    <fanart>https://image.tmdb.org/t/p/w1280//7BWTW1qlM2vnUQsb2UgAlrwanz3.jpg</fanart>
</item>
<item>
    <title>After the Thin Man</title>
    <meta>
        <imdb>tt0027260</imdb>
        <content>movie</content>
        <title>After the Thin Man</title>
        <year>1936</year>
    </meta>
    <link>
        <sublink>search</sublink>
        <sublink>searchsd</sublink>
    </link>
    <thumbnail>https://image.tmdb.org/t/p/w1280//9BGKDCN7kk3W5YWy0sGApXDlc3r.jpg</thumbnail>
    <fanart>https://image.tmdb.org/t/p/w1280//nITUyW2wfZtLPOqm1lJ0jIRIupb.jpg</fanart>
</item>
<item>
    <title>Antisocial</title>
    <meta>
        <imdb>tt2772092</imdb>
        <content>movie</content>
        <title>Antisocial</title>
        <year>2013</year>
    </meta>
    <link>
        <sublink>search</sublink>
        <sublink>searchsd</sublink>
    </link>
    <thumbnail>https://image.tmdb.org/t/p/w1280//pf6QvqAW1aQteOMRGwbSyRMtkZp.jpg</thumbnail>
    <fanart>https://image.tmdb.org/t/p/w1280//3YmPXFXjEa4EkhIjMuyYataVXJa.jpg</fanart>
</item>
<item>
    <title>The Apartment</title>
    <meta>
        <imdb>tt0053604</imdb>
        <content>movie</content>
        <title>The Apartment</title>
        <year>1960</year>
    </meta>
    <link>
        <sublink>search</sublink>
        <sublink>searchsd</sublink>
    </link>
    <thumbnail>https://image.tmdb.org/t/p/w1280//8nrQKQjD6z0SJouKHQapXzmjFc6.jpg</thumbnail>
    <fanart>https://image.tmdb.org/t/p/w1280//vF4d4hAKMcrDE4Y6zLwUSijp32g.jpg</fanart>
</item>
<item>
    <title>Are We There Yet?</title>
    <meta>
        <imdb>tt0368578</imdb>
        <content>movie</content>
        <title>Are We There Yet?</title>
        <year>2005</year>
    </meta>
    <link>
        <sublink>search</sublink>
        <sublink>searchsd</sublink>
    </link>
    <thumbnail>https://image.tmdb.org/t/p/w1280//e081B8b8ZCAfeyof5Zm6dNwJOmp.jpg</thumbnail>
    <fanart>https://image.tmdb.org/t/p/w1280//yF74RJ1r87tqXbcPpeYs9AEXYbm.jpg</fanart>
</item>
<item>
    <title>Bachelor Mother</title>
    <meta>
        <imdb>tt0031067</imdb>
        <content>movie</content>
        <title>Bachelor Mother</title>
        <year>1939</year>
    </meta>
    <link>
        <sublink>search</sublink>
        <sublink>searchsd</sublink>
    </link>
    <thumbnail>https://image.tmdb.org/t/p/w1280//cvwKcZN60UhV0xBodS305jkGkTJ.jpg</thumbnail>
    <fanart>https://image.tmdb.org/t/p/w1280//tp3AEoKgCLMoWDoUKko6dZHwuH4.jpg</fanart>
</item>
<item>
    <title>Better Luck Tomorrow</title>
    <meta>
        <imdb>tt0280477</imdb>
        <content>movie</content>
        <title>Better Luck Tomorrow</title>
        <year>2002</year>
    </meta>
    <link>
        <sublink>search</sublink>
        <sublink>searchsd</sublink>
    </link>
    <thumbnail>https://image.tmdb.org/t/p/w1280//wG552OluKvz1BMjCUSlIeicbsI2.jpg</thumbnail>
    <fanart>https://image.tmdb.org/t/p/w1280//kUB5sZmwh2OLtH9IBHiZbQFfSPv.jpg</fanart>
</item>
<item>
    <title>Beyond the Poseidon Adventure</title>
    <meta>
        <imdb>tt0078856</imdb>
        <content>movie</content>
        <title>Beyond the Poseidon Adventure</title>
        <year>1979</year>
    </meta>
    <link>
        <sublink>search</sublink>
        <sublink>searchsd</sublink>
    </link>
    <thumbnail>https://image.tmdb.org/t/p/w1280//tzqtaIk0OuO47eUV2d6xO8kGmm8.jpg</thumbnail>
    <fanart>https://image.tmdb.org/t/p/w1280//ufWflfOKIk1KbMrXXVrV7ZJLbVC.jpg</fanart>
</item>
<item>
    <title>Bitter Moon</title>
    <meta>
        <imdb>tt0104779</imdb>
        <content>movie</content>
        <title>Bitter Moon</title>
        <year>1992</year>
    </meta>
    <link>
        <sublink>search</sublink>
        <sublink>searchsd</sublink>
    </link>
    <thumbnail>https://image.tmdb.org/t/p/w1280//sUiqWj0k5oPcThd1WaXvt9Vymzr.jpg</thumbnail>
    <fanart>https://image.tmdb.org/t/p/w1280//aQEByvmVJHPcGXzdYYFJhSitaGW.jpg</fanart>
</item>
<item>
    <title>Boogie Nights</title>
    <meta>
        <imdb>tt0118749</imdb>
        <content>movie</content>
        <title>Boogie Nights</title>
        <year>1997</year>
    </meta>
    <link>
        <sublink>search</sublink>
        <sublink>searchsd</sublink>
    </link>
    <thumbnail>https://image.tmdb.org/t/p/w1280//gTq6MPt7SeMiJ2miHeMoNEZTz4p.jpg</thumbnail>
    <fanart>https://image.tmdb.org/t/p/w1280//20i28DUqOWGocqer3ANCzOd8MvY.jpg</fanart>
</item>
<item>
    <title>Bridge and Tunnel</title>
    <meta>
        <imdb>tt2593410</imdb>
        <content>movie</content>
        <title>Bridge and Tunnel</title>
        <year>2014</year>
    </meta>
    <link>
        <sublink>search</sublink>
        <sublink>searchsd</sublink>
    </link>
    <thumbnail>https://image.tmdb.org/t/p/w1280//2dVyujWRA5CSGtkMcm7iAgNFCOx.jpg</thumbnail>
    <fanart/>
</item>
<item>
    <title>Bridget Jones's Diary</title>
    <meta>
        <imdb>tt0243155</imdb>
        <content>movie</content>
        <title>Bridget Jones's Diary</title>
        <year>2001</year>
    </meta>
    <link>
        <sublink>search</sublink>
        <sublink>searchsd</sublink>
    </link>
    <thumbnail>https://image.tmdb.org/t/p/w1280//ym6kjFFZg6boC0QHBVw6hqJLbxv.jpg</thumbnail>
    <fanart>https://image.tmdb.org/t/p/w1280//h64zNCm5SrY45c7Z6gxy9tC0xb.jpg</fanart>
</item>
<item>
    <title>Bundle of Joy</title>
    <meta>
        <imdb>tt0049034</imdb>
        <content>movie</content>
        <title>Bundle of Joy</title>
        <year>1956</year>
    </meta>
    <link>
        <sublink>search</sublink>
        <sublink>searchsd</sublink>
    </link>
    <thumbnail>https://image.tmdb.org/t/p/w1280//CyvT0619BU5YjFTLUJoKPbr3De.jpg</thumbnail>
    <fanart>https://image.tmdb.org/t/p/w1280//Y71XI3VNKfcIxONsZiZvNT9z0Z.jpg</fanart>
</item>
<item>
    <title>Cavalcade</title>
    <meta>
        <imdb>tt0023876</imdb>
        <content>movie</content>
        <title>Cavalcade</title>
        <year>1933</year>
    </meta>
    <link>
        <sublink>search</sublink>
        <sublink>searchsd</sublink>
    </link>
    <thumbnail>https://image.tmdb.org/t/p/w1280//uVmkQoxPlF8Vvx2TrLOrF08STNH.jpg</thumbnail>
    <fanart>https://image.tmdb.org/t/p/w1280//adzlio3r2bYO4rSnBhNtWQ0UuhM.jpg</fanart>
</item>
<item>
    <title>The Children</title>
    <meta>
        <imdb>tt1172571</imdb>
        <content>movie</content>
        <title>The Children</title>
        <year>2008</year>
    </meta>
    <link>
        <sublink>search</sublink>
        <sublink>searchsd</sublink>
    </link>
    <thumbnail>https://image.tmdb.org/t/p/w1280//xWfWWbVOFJjOZpZTiK9tTwr67oI.jpg</thumbnail>
    <fanart>https://image.tmdb.org/t/p/w1280//s9T78pgw9cimdSqtqZM3YZQ9kGI.jpg</fanart>
</item>
<item>
    <title>Crazy New Year's Eve</title>
    <meta>
        <imdb>tt4481934</imdb>
        <content>movie</content>
        <title>Crazy New Year's Eve</title>
        <year>2015</year>
    </meta>
    <link>
        <sublink>search</sublink>
        <sublink>searchsd</sublink>
    </link>
    <thumbnail>https://image.tmdb.org/t/p/w1280//tDGlxCOi5S9F4mC0rJMGJtZPUqr.jpg</thumbnail>
    <fanart>https://image.tmdb.org/t/p/w1280//qwK7vabZCWNVVbQ7eHEVAKW1L94.jpg</fanart>
</item>
<item>
    <title>Dinner for One</title>
    <meta>
        <imdb>tt0121210</imdb>
        <content>movie</content>
        <title>Dinner for One</title>
        <year>1963</year>
    </meta>
    <link>
        <sublink>search</sublink>
        <sublink>searchsd</sublink>
    </link>
    <thumbnail>https://image.tmdb.org/t/p/w1280//2uzk4IIwOrRQHn816IsEngYn8mp.jpg</thumbnail>
    <fanart>https://image.tmdb.org/t/p/w1280//5qy4PGnEzZajJNzPZ2jxiqUIBON.jpg</fanart>
</item>
<item>
    <title>The Divorcee</title>
    <meta>
        <imdb>tt0020827</imdb>
        <content>movie</content>
        <title>The Divorcee</title>
        <year>1930</year>
    </meta>
    <link>
        <sublink>search</sublink>
        <sublink>searchsd</sublink>
    </link>
    <thumbnail>https://image.tmdb.org/t/p/w1280//tPBENZrkb2lo1JFZ5WFnXOZquqY.jpg</thumbnail>
    <fanart>https://image.tmdb.org/t/p/w1280//z0UUMZ3VFU3UbeCWuEwv0f1qPlz.jpg</fanart>
</item>
<item>
    <title>End of Days</title>
    <meta>
        <imdb>tt0146675</imdb>
        <content>movie</content>
        <title>End of Days</title>
        <year>1999</year>
    </meta>
    <link>
        <sublink>search</sublink>
        <sublink>searchsd</sublink>
    </link>
    <thumbnail>https://image.tmdb.org/t/p/w1280//bEIjH6GroeWaBkn6o7MVpMNbuyw.jpg</thumbnail>
    <fanart>https://image.tmdb.org/t/p/w1280//96WQCkMENnmC4dm0X1VxN3kGa9S.jpg</fanart>
</item>
<item>
    <title>Four Rooms</title>
    <meta>
        <imdb>tt0113101</imdb>
        <content>movie</content>
        <title>Four Rooms</title>
        <year>1995</year>
    </meta>
    <link>
        <sublink>search</sublink>
        <sublink>searchsd</sublink>
    </link>
    <thumbnail>https://image.tmdb.org/t/p/w1280//eQs5hh9rxrk1m4xHsIz1w11Ngqb.jpg</thumbnail>
    <fanart>https://image.tmdb.org/t/p/w1280//3EqYpbGCE9S5GddU2K4cYzP5UmI.jpg</fanart>
</item>
<item>
    <title>Fruitvale Station</title>
    <meta>
        <imdb>tt2334649</imdb>
        <content>movie</content>
        <title>Fruitvale Station</title>
        <year>2013</year>
    </meta>
    <link>
        <sublink>search</sublink>
        <sublink>searchsd</sublink>
    </link>
    <thumbnail>https://image.tmdb.org/t/p/w1280//zwPYTHFCgWYHRW1OoxE23dxZZRX.jpg</thumbnail>
    <fanart>https://image.tmdb.org/t/p/w1280//v8qyFyJUsvpNVOtizr2ZfQVfJ9C.jpg</fanart>
</item>
<item>
    <title>Get Crazy</title>
    <meta>
        <imdb>tt0085551</imdb>
        <content>movie</content>
        <title>Get Crazy</title>
        <year>1983</year>
    </meta>
    <link>
        <sublink>search</sublink>
        <sublink>searchsd</sublink>
    </link>
    <thumbnail>https://image.tmdb.org/t/p/w1280//4Bfd7j27MEI5ZrjYdOy0ut6XzrG.jpg</thumbnail>
    <fanart>https://image.tmdb.org/t/p/w1280//3y13sj1nlXwIsPBnimrfPNhN4TG.jpg</fanart>
</item>
<item>
    <title>Ghostkeeper</title>
    <meta>
        <imdb>tt0128232</imdb>
        <content>movie</content>
        <title>Ghostkeeper</title>
        <year>1981</year>
    </meta>
    <link>
        <sublink>search</sublink>
        <sublink>searchsd</sublink>
    </link>
    <thumbnail>https://image.tmdb.org/t/p/w1280//3ln4EYaTKwVDCJYpVbwSNWY1Nds.jpg</thumbnail>
    <fanart>https://image.tmdb.org/t/p/w1280//pnnB72jLlFA7Qsprt1gNiOqJIAo.jpg</fanart>
</item>
<item>
    <title>Gideon's Daughter</title>
    <meta>
        <imdb>tt0487907</imdb>
        <content>movie</content>
        <title>Gideon's Daughter</title>
        <year>2005</year>
    </meta>
    <link>
        <sublink>search</sublink>
        <sublink>searchsd</sublink>
    </link>
    <thumbnail>https://image.tmdb.org/t/p/w1280//xZm51IGuxpIdt222rtWZ1HtXMUN.jpg</thumbnail>
    <fanart>https://image.tmdb.org/t/p/w1280//iYzeI1DxZliyYv4Xab06MIaDwLf.jpg</fanart>
</item>
<item>
    <title>The Godfather: Part II</title>
    <meta>
        <imdb>tt0071562</imdb>
        <content>movie</content>
        <title>The Godfather: Part II</title>
        <year>1974</year>
    </meta>
    <link>
        <sublink>search</sublink>
        <sublink>searchsd</sublink>
    </link>
    <thumbnail>https://image.tmdb.org/t/p/w1280//tHbMIIF51rguMNSastqoQwR0sBs.jpg</thumbnail>
    <fanart>https://image.tmdb.org/t/p/w1280//gLbBRyS7MBrmVUNce91Hmx9vzqI.jpg</fanart>
</item>
<item>
    <title>The Gold Rush</title>
    <meta>
        <imdb>tt0015864</imdb>
        <content>movie</content>
        <title>The Gold Rush</title>
        <year>1925</year>
    </meta>
    <link>
        <sublink>search</sublink>
        <sublink>searchsd</sublink>
    </link>
    <thumbnail>https://image.tmdb.org/t/p/w1280//eQRFo1qwRREYwj47Yoe1PisgOle.jpg</thumbnail>
    <fanart>https://image.tmdb.org/t/p/w1280//q29p6YAp7QMmH3fKyxaVRluyW7Q.jpg</fanart>
</item>
<item>
    <title>Ground Control</title>
    <meta>
        <imdb>tt0137799</imdb>
        <content>movie</content>
        <title>Ground Control</title>
        <year>1998</year>
    </meta>
    <link>
        <sublink>search</sublink>
        <sublink>searchsd</sublink>
    </link>
    <thumbnail>https://image.tmdb.org/t/p/w1280//mIUtbuymd0EjOJ1zixHyMaSCoWB.jpg</thumbnail>
    <fanart>https://image.tmdb.org/t/p/w1280//2sQOHGtvcOf2yYCK32pxb2lOUxG.jpg</fanart>
</item>
<dir>
    <title>Happy New Year, Charlie Brown!</title>
    <meta>
        <imdb>None</imdb>
        <content>tvshow</content>
        <tvshowtitle>Happy New Year, Charlie Brown!</tvshowtitle>
        <year/>
    </meta>
    <link>tmdb_tv_show(20116, , Happy New Year, Charlie Brown!)</link>
    <thumbnail>https://image.tmdb.org/t/p/w1280//v1SQvJ0qaHVA5rSf2xVuBbZ7ivz.jpg</thumbnail>
    <fanart/>
</dir>
<item>
    <title>Holiday</title>
    <meta>
        <imdb>tt0030241</imdb>
        <content>movie</content>
        <title>Holiday</title>
        <year>1938</year>
    </meta>
    <link>
        <sublink>search</sublink>
        <sublink>searchsd</sublink>
    </link>
    <thumbnail>https://image.tmdb.org/t/p/w1280//9wCy8egDLggfAXTQgksJxYGUbXW.jpg</thumbnail>
    <fanart>https://image.tmdb.org/t/p/w1280//fHc6YDTUPoC0rKdAA1AFExs35R2.jpg</fanart>
</item>
<item>
    <title>Holiday Inn</title>
    <meta>
        <imdb>tt0034862</imdb>
        <content>movie</content>
        <title>Holiday Inn</title>
        <year>1942</year>
    </meta>
    <link>
        <sublink>search</sublink>
        <sublink>searchsd</sublink>
    </link>
    <thumbnail>https://image.tmdb.org/t/p/w1280//9Hxrm3wtxcjQ6QvOpXFH74ekpRs.jpg</thumbnail>
    <fanart>https://image.tmdb.org/t/p/w1280//j9hOAo4BTCcUJ3lyEuOVWzlYDWR.jpg</fanart>
</item>
<item>
    <title>The Hudsucker Proxy</title>
    <meta>
        <imdb>tt0110074</imdb>
        <content>movie</content>
        <title>The Hudsucker Proxy</title>
        <year>1994</year>
    </meta>
    <link>
        <sublink>search</sublink>
        <sublink>searchsd</sublink>
    </link>
    <thumbnail>https://image.tmdb.org/t/p/w1280//olViHNQHPy18SOJvbAI1bXUjHXI.jpg</thumbnail>
    <fanart>https://image.tmdb.org/t/p/w1280//nydgY2PtjJ9lA0U94A54ittsXJG.jpg</fanart>
</item>
<item>
    <title>I'll Be Seeing You</title>
    <meta>
        <imdb>tt0036940</imdb>
        <content>movie</content>
        <title>I'll Be Seeing You</title>
        <year>1944</year>
    </meta>
    <link>
        <sublink>search</sublink>
        <sublink>searchsd</sublink>
    </link>
    <thumbnail>https://image.tmdb.org/t/p/w1280//x8PK1RatakzSkypN1S3NBCNHiAf.jpg</thumbnail>
    <fanart>https://image.tmdb.org/t/p/w1280//dLVrJv676ZV0VTlgQYDAVmAS8nN.jpg</fanart>
</item>
<item>
    <title>The Phantom Carriage</title>
    <meta>
        <imdb>tt0012364</imdb>
        <content>movie</content>
        <title>The Phantom Carriage</title>
        <year>1921</year>
    </meta>
    <link>
        <sublink>search</sublink>
        <sublink>searchsd</sublink>
    </link>
    <thumbnail>https://image.tmdb.org/t/p/w1280//wjFmT2cIWBOYBSEOJvKGTFrqu2H.jpg</thumbnail>
    <fanart>https://image.tmdb.org/t/p/w1280//42w0CS4PKBJIdY4zSzvSZuZH5kM.jpg</fanart>
</item>
<item>
    <title>The Phantom Carriage</title>
    <meta>
        <imdb>tt0051836</imdb>
        <content>movie</content>
        <title>The Phantom Carriage</title>
        <year>1958</year>
    </meta>
    <link>
        <sublink>search</sublink>
        <sublink>searchsd</sublink>
    </link>
    <thumbnail>https://image.tmdb.org/t/p/w1280//sFKskf2wqEpD5haQ2TkNjuUw8x.jpg</thumbnail>
    <fanart/>
</item>
<item>
    <title>Little Caesar</title>
    <meta>
        <imdb>tt0021079</imdb>
        <content>movie</content>
        <title>Little Caesar</title>
        <year>1931</year>
    </meta>
    <link>
        <sublink>search</sublink>
        <sublink>searchsd</sublink>
    </link>
    <thumbnail>https://image.tmdb.org/t/p/w1280//pk313GaluiVstxTvnVwtAInUUo.jpg</thumbnail>
    <fanart>https://image.tmdb.org/t/p/w1280//vi8VBNiSKlxJe0dKXznq3uvawqe.jpg</fanart>
</item>
<item>
    <title>Looking for Mr. Goodbar</title>
    <meta>
        <imdb>tt0076327</imdb>
        <content>movie</content>
        <title>Looking for Mr. Goodbar</title>
        <year>1977</year>
    </meta>
    <link>
        <sublink>search</sublink>
        <sublink>searchsd</sublink>
    </link>
    <thumbnail>https://image.tmdb.org/t/p/w1280//9s4ZTveYadZ2xBXPHJqgr6xKVj0.jpg</thumbnail>
    <fanart>https://image.tmdb.org/t/p/w1280//aCXqn0t7M3cJMlVLsiIE1hDWszQ.jpg</fanart>
</item>
<item>
    <title>The Mephisto Waltz</title>
    <meta>
        <imdb>tt0067419</imdb>
        <content>movie</content>
        <title>The Mephisto Waltz</title>
        <year>1971</year>
    </meta>
    <link>
        <sublink>search</sublink>
        <sublink>searchsd</sublink>
    </link>
    <thumbnail>https://image.tmdb.org/t/p/w1280//zyYYeXvT3cwSY48nonsQW2h4oqi.jpg</thumbnail>
    <fanart>https://image.tmdb.org/t/p/w1280//6Lqg3mq2qSdAS806LryixLjnz8A.jpg</fanart>
</item>
<item>
    <title>Mermaids</title>
    <meta>
        <imdb>tt0100140</imdb>
        <content>movie</content>
        <title>Mermaids</title>
        <year>1990</year>
    </meta>
    <link>
        <sublink>search</sublink>
        <sublink>searchsd</sublink>
    </link>
    <thumbnail>https://image.tmdb.org/t/p/w1280//tNsXSCYB9UVeznlKjgFPoLt5eke.jpg</thumbnail>
    <fanart>https://image.tmdb.org/t/p/w1280//nCaQAFG3dLWNx19RzORZoAJ8QFW.jpg</fanart>
</item>
<item>
    <title>Middle of the Night</title>
    <meta>
        <imdb>tt0053065</imdb>
        <content>movie</content>
        <title>Middle of the Night</title>
        <year>1959</year>
    </meta>
    <link>
        <sublink>search</sublink>
        <sublink>searchsd</sublink>
    </link>
    <thumbnail>https://image.tmdb.org/t/p/w1280//jVYy4Qtfbjj4wxXNLAMebH0kKh1.jpg</thumbnail>
    <fanart>https://image.tmdb.org/t/p/w1280//qcQJXCFcqU2VWYseJLjC4WlnKhX.jpg</fanart>
</item>
<item>
    <title>Midnight in Paris</title>
    <meta>
        <imdb>tt1605783</imdb>
        <content>movie</content>
        <title>Midnight in Paris</title>
        <year>2011</year>
    </meta>
    <link>
        <sublink>search</sublink>
        <sublink>searchsd</sublink>
    </link>
    <thumbnail>https://image.tmdb.org/t/p/w1280//xxSopLYATHXSepXcEaBh9Gazv6p.jpg</thumbnail>
    <fanart>https://image.tmdb.org/t/p/w1280//7sIDEHnw51k7Him2fEtA70I1OBw.jpg</fanart>
</item>
<item>
    <title>Money Train</title>
    <meta>
        <imdb>tt0113845</imdb>
        <content>movie</content>
        <title>Money Train</title>
        <year>1995</year>
    </meta>
    <link>
        <sublink>search</sublink>
        <sublink>searchsd</sublink>
    </link>
    <thumbnail>https://image.tmdb.org/t/p/w1280//jSozzzVOR2kfXgTUuGnbgG2yRFi.jpg</thumbnail>
    <fanart>https://image.tmdb.org/t/p/w1280//dBavxNhbNZ8uJU9avHrqCCEKuii.jpg</fanart>
</item>
<item>
    <title>More American Graffiti</title>
    <meta>
        <imdb>tt0079576</imdb>
        <content>movie</content>
        <title>More American Graffiti</title>
        <year>1979</year>
    </meta>
    <link>
        <sublink>search</sublink>
        <sublink>searchsd</sublink>
    </link>
    <thumbnail>https://image.tmdb.org/t/p/w1280//12CnvoAZ5erer9xXfguaXZo0BSS.jpg</thumbnail>
    <fanart>https://image.tmdb.org/t/p/w1280//fK8uSaGhfXrjLER8obkd4810Lqk.jpg</fanart>
</item>
<item>
    <title>My Reputation</title>
    <meta>
        <imdb>tt0038765</imdb>
        <content>movie</content>
        <title>My Reputation</title>
        <year>1946</year>
    </meta>
    <link>
        <sublink>search</sublink>
        <sublink>searchsd</sublink>
    </link>
    <thumbnail>https://image.tmdb.org/t/p/w1280//i5k8SEkbqaYtnGNabIAeQfyzwOh.jpg</thumbnail>
    <fanart>https://image.tmdb.org/t/p/w1280//kWy3rQoGSJxnOkmkUwr0zsM9s8n.jpg</fanart>
</item>
<item>
    <title>Mystery of the Wax Museum</title>
    <meta>
        <imdb>tt0024368</imdb>
        <content>movie</content>
        <title>Mystery of the Wax Museum</title>
        <year>1933</year>
    </meta>
    <link>
        <sublink>search</sublink>
        <sublink>searchsd</sublink>
    </link>
    <thumbnail>https://image.tmdb.org/t/p/w1280//ae0z0sGHmeUI10Q35xtSnmz1rM7.jpg</thumbnail>
    <fanart>https://image.tmdb.org/t/p/w1280//rXXriO6bQps3rIkvazvQWU96kL7.jpg</fanart>
</item>
<item>
    <title>The New Year</title>
    <meta>
        <imdb>tt1560720</imdb>
        <content>movie</content>
        <title>The New Year</title>
        <year>2010</year>
    </meta>
    <link>
        <sublink>search</sublink>
        <sublink>searchsd</sublink>
    </link>
    <thumbnail>https://image.tmdb.org/t/p/w1280//jEHHM0gK2KrpQv4ba2rKP7GxfG8.jpg</thumbnail>
    <fanart>https://image.tmdb.org/t/p/w1280//68izfoSZHabyyWzBXwj2Qw601nA.jpg</fanart>
</item>
<item>
    <title>The New Year Parade</title>
    <meta>
        <imdb>tt1189350</imdb>
        <content>movie</content>
        <title>The New Year Parade</title>
        <year>2008</year>
    </meta>
    <link>
        <sublink>search</sublink>
        <sublink>searchsd</sublink>
    </link>
    <thumbnail>https://image.tmdb.org/t/p/w1280//dhalEdOYVjEF6182nV1E4sl0hhx.jpg</thumbnail>
    <fanart>https://image.tmdb.org/t/p/w1280//sFJsr7avvMoW2uJxxsufZpftUxN.jpg</fanart>
</item>
<item>
    <title>New Year's Day</title>
    <meta>
        <imdb>tt0097964</imdb>
        <content>movie</content>
        <title>New Year's Day</title>
        <year>1990</year>
    </meta>
    <link>
        <sublink>search</sublink>
        <sublink>searchsd</sublink>
    </link>
    <thumbnail>https://image.tmdb.org/t/p/w1280//c0oB2pXO2ntlMLRuT7QHSlvGjDx.jpg</thumbnail>
    <fanart>https://image.tmdb.org/t/p/w1280//raQ0pnFjfA1548tZqX9jljk9DUQ.jpg</fanart>
</item>
<item>
    <title>New Year's Day</title>
    <meta>
        <imdb>tt0185542</imdb>
        <content>movie</content>
        <title>New Year's Day</title>
        <year>2001</year>
    </meta>
    <link>
        <sublink>search</sublink>
        <sublink>searchsd</sublink>
    </link>
    <thumbnail>https://image.tmdb.org/t/p/w1280//lnI8O1ouoONKadH15xj7LXMH9ZB.jpg</thumbnail>
    <fanart/>
</item>
<item>
    <title>New Year's Eve</title>
    <meta>
        <imdb>tt1598822</imdb>
        <content>movie</content>
        <title>New Year's Eve</title>
        <year>2011</year>
    </meta>
    <link>
        <sublink>search</sublink>
        <sublink>searchsd</sublink>
    </link>
    <thumbnail>https://image.tmdb.org/t/p/w1280//el1pKVogVwmE1dpbeAO1Ol6y1Vl.jpg</thumbnail>
    <fanart>https://image.tmdb.org/t/p/w1280//zpoWepchcTiG49cMiMDzttjaI1V.jpg</fanart>
</item>
<item>
    <title>New Year's Evil</title>
    <meta>
        <imdb>tt0082806</imdb>
        <content>movie</content>
        <title>New Year's Evil</title>
        <year>1980</year>
    </meta>
    <link>
        <sublink>search</sublink>
        <sublink>searchsd</sublink>
    </link>
    <thumbnail>https://image.tmdb.org/t/p/w1280//oeaQKMCgH1HpKEb7xgZBgZjJAxb.jpg</thumbnail>
    <fanart>https://image.tmdb.org/t/p/w1280//zaZ3vJSatxeodjaeR7pv9bIm4CC.jpg</fanart>
</item>
<item>
    <title>Night Train to Paris</title>
    <meta>
        <imdb>tt0058402</imdb>
        <content>movie</content>
        <title>Night Train to Paris</title>
        <year>1964</year>
    </meta>
    <link>
        <sublink>search</sublink>
        <sublink>searchsd</sublink>
    </link>
    <thumbnail>https://image.tmdb.org/t/p/w1280//qEhAR0IxCvTFynsTVM4U7CFzxJg.jpg</thumbnail>
    <fanart>https://image.tmdb.org/t/p/w1280//iIOpJDDheuRQAmHHlrs90mdWzmS.jpg</fanart>
</item>
<item>
    <title>Ocean's Eleven</title>
    <meta>
        <imdb>tt0054135</imdb>
        <content>movie</content>
        <title>Ocean's Eleven</title>
        <year>1960</year>
    </meta>
    <link>
        <sublink>search</sublink>
        <sublink>searchsd</sublink>
    </link>
    <thumbnail>https://image.tmdb.org/t/p/w1280//lSPXGEp4EpFOPIUg9FKIKF72m50.jpg</thumbnail>
    <fanart>https://image.tmdb.org/t/p/w1280//rdNyacMoHvOyzv2NYaiwVAqgepp.jpg</fanart>
</item>
<item>
    <title>One Way Passage</title>
    <meta>
        <imdb>tt0023305</imdb>
        <content>movie</content>
        <title>One Way Passage</title>
        <year>1932</year>
    </meta>
    <link>
        <sublink>search</sublink>
        <sublink>searchsd</sublink>
    </link>
    <thumbnail>https://image.tmdb.org/t/p/w1280//plsygTiJK5tdbZkP57sQJOJZNZ1.jpg</thumbnail>
    <fanart>https://image.tmdb.org/t/p/w1280//gMVRWw7DHk3FUAUjllNqQCEJAZg.jpg</fanart>
</item>
<item>
    <title>Penny Serenade</title>
    <meta>
        <imdb>tt0034012</imdb>
        <content>movie</content>
        <title>Penny Serenade</title>
        <year>1941</year>
    </meta>
    <link>
        <sublink>search</sublink>
        <sublink>searchsd</sublink>
    </link>
    <thumbnail>https://image.tmdb.org/t/p/w1280//ksL4CNT4HVrYsKVz1AmUyatAM6A.jpg</thumbnail>
    <fanart>https://image.tmdb.org/t/p/w1280//xD7ArtghcrUAvWWPMm2kjnQ8xwn.jpg</fanart>
</item>
<item>
    <title>Peter's Friends</title>
    <meta>
        <imdb>tt0105130</imdb>
        <content>movie</content>
        <title>Peter's Friends</title>
        <year>1992</year>
    </meta>
    <link>
        <sublink>search</sublink>
        <sublink>searchsd</sublink>
    </link>
    <thumbnail>https://image.tmdb.org/t/p/w1280//rmtLaQCQihbKIsuriek8qbjWbSu.jpg</thumbnail>
    <fanart>https://image.tmdb.org/t/p/w1280//jzKm77hlqTQeq7Dl3EgUer6NUet.jpg</fanart>
</item>
<item>
    <title>Poseidon</title>
    <meta>
        <imdb>tt0409182</imdb>
        <content>movie</content>
        <title>Poseidon</title>
        <year>2006</year>
    </meta>
    <link>
        <sublink>search</sublink>
        <sublink>searchsd</sublink>
    </link>
    <thumbnail>https://image.tmdb.org/t/p/w1280//yeiCuwMSHLmf7NoYzxiEAjkJHkg.jpg</thumbnail>
    <fanart>https://image.tmdb.org/t/p/w1280//tUGSLoMcxNWZ0OIRSqDaB2jNbdE.jpg</fanart>
</item>
<item>
    <title>The Poseidon Adventure</title>
    <meta>
        <imdb>tt0069113</imdb>
        <content>movie</content>
        <title>The Poseidon Adventure</title>
        <year>1972</year>
    </meta>
    <link>
        <sublink>search</sublink>
        <sublink>searchsd</sublink>
    </link>
    <thumbnail>https://image.tmdb.org/t/p/w1280//o7mRqnYg3YJNXxHUWa0TeSzR84d.jpg</thumbnail>
    <fanart>https://image.tmdb.org/t/p/w1280//xwEtJVliloiuICXoyqjyTZM9qRc.jpg</fanart>
</item>
<item>
    <title>The Poseidon Adventure</title>
    <meta>
        <imdb>tt0419358</imdb>
        <content>movie</content>
        <title>The Poseidon Adventure</title>
        <year>2005</year>
    </meta>
    <link>
        <sublink>search</sublink>
        <sublink>searchsd</sublink>
    </link>
    <thumbnail>https://image.tmdb.org/t/p/w1280//A0D2rFaSrAKiAO7OGww2DgmrDYz.jpg</thumbnail>
    <fanart>https://image.tmdb.org/t/p/w1280//gsO4x77viOTIDMXkgLirZ0GnhOL.jpg</fanart>
</item>
<item>
    <title>Radio Days</title>
    <meta>
        <imdb>tt0093818</imdb>
        <content>movie</content>
        <title>Radio Days</title>
        <year>1987</year>
    </meta>
    <link>
        <sublink>search</sublink>
        <sublink>searchsd</sublink>
    </link>
    <thumbnail>https://image.tmdb.org/t/p/w1280//mrLXdWckkIYpAUZPRXNiDGnIrO2.jpg</thumbnail>
    <fanart>https://image.tmdb.org/t/p/w1280//wGqoTaC94JnXUYfnzbcwWtgLtAP.jpg</fanart>
</item>
<item>
    <title>Remember the Night</title>
    <meta>
        <imdb>tt0032981</imdb>
        <content>movie</content>
        <title>Remember the Night</title>
        <year>1940</year>
    </meta>
    <link>
        <sublink>search</sublink>
        <sublink>searchsd</sublink>
    </link>
    <thumbnail>https://image.tmdb.org/t/p/w1280//ifANG363fWjxcCooADa0lYqS6ul.jpg</thumbnail>
    <fanart>https://image.tmdb.org/t/p/w1280//m0B3JfLhw7bIcFUh3OGlJfJdf7l.jpg</fanart>
</item>
<item>
    <title>Rosemary's Baby</title>
    <meta>
        <imdb>tt0063522</imdb>
        <content>movie</content>
        <title>Rosemary's Baby</title>
        <year>1968</year>
    </meta>
    <link>
        <sublink>search</sublink>
        <sublink>searchsd</sublink>
    </link>
    <thumbnail>https://image.tmdb.org/t/p/w1280//kqA1pt9ovovArgJZi2Lu4Unf6He.jpg</thumbnail>
    <fanart>https://image.tmdb.org/t/p/w1280//3THF7D3uPqhV6k7iKsr2EyjqVPK.jpg</fanart>
</item>
<item>
    <title>Rudolph's Shiny New Year</title>
    <meta>
        <imdb>tt0073640</imdb>
        <content>movie</content>
        <title>Rudolph's Shiny New Year</title>
        <year>1976</year>
    </meta>
    <link>
        <sublink>search</sublink>
        <sublink>searchsd</sublink>
    </link>
    <thumbnail>https://image.tmdb.org/t/p/w1280//1pO3jLgicpUWKxykJ72WCzeZg47.jpg</thumbnail>
    <fanart>https://image.tmdb.org/t/p/w1280//AsDJqxTq99jikRgkoesglCY0YlT.jpg</fanart>
</item>
<item>
    <title>Scully's New Year's Eve</title>
    <meta>
        <imdb/>
        <content>movie</content>
        <title>Scully's New Year's Eve</title>
        <year>1978</year>
    </meta>
    <link>
        <sublink>search</sublink>
        <sublink>searchsd</sublink>
    </link>
    <thumbnail>https://image.tmdb.org/t/p/w1280//7Ckgo739x16Ttz9qgaMJ9uc6ijK.jpg</thumbnail>
    <fanart/>
</item>
<item>
    <title>Sex and the City</title>
    <meta>
        <imdb>tt1000774</imdb>
        <content>movie</content>
        <title>Sex and the City</title>
        <year>2008</year>
    </meta>
    <link>
        <sublink>search</sublink>
        <sublink>searchsd</sublink>
    </link>
    <thumbnail>https://image.tmdb.org/t/p/w1280//5fuWykynmiJ07fKA84BVxxuiGHx.jpg</thumbnail>
    <fanart>https://image.tmdb.org/t/p/w1280//hclFyTsKRBnP5pl4IjsxHduQXMj.jpg</fanart>
</item>
<item>
    <title>Sleepless in Seattle</title>
    <meta>
        <imdb>tt0108160</imdb>
        <content>movie</content>
        <title>Sleepless in Seattle</title>
        <year>1993</year>
    </meta>
    <link>
        <sublink>search</sublink>
        <sublink>searchsd</sublink>
    </link>
    <thumbnail>https://image.tmdb.org/t/p/w1280//afkYP15OeUOD0tFEmj6VvejuOcz.jpg</thumbnail>
    <fanart>https://image.tmdb.org/t/p/w1280//8lMeewfbgkNX8dBtqmyl4SvqIiP.jpg</fanart>
</item>
<item>
    <title>Snowpiercer</title>
    <meta>
        <imdb>tt1706620</imdb>
        <content>movie</content>
        <title>Snowpiercer</title>
        <year>2013</year>
    </meta>
    <link>
        <sublink>search</sublink>
        <sublink>searchsd</sublink>
    </link>
    <thumbnail>https://image.tmdb.org/t/p/w1280//oP0ZWr6MsaQ1TV7xvnZJMKSfz0H.jpg</thumbnail>
    <fanart>https://image.tmdb.org/t/p/w1280//GY6RVLqDjaDMnT06DL61MVlbgS.jpg</fanart>
</item>
<item>
    <title>Someone Like You...</title>
    <meta>
        <imdb>tt0244970</imdb>
        <content>movie</content>
        <title>Someone Like You...</title>
        <year>2001</year>
    </meta>
    <link>
        <sublink>search</sublink>
        <sublink>searchsd</sublink>
    </link>
    <thumbnail>https://image.tmdb.org/t/p/w1280//usr1q0DDMR23jsTZoIe3NtRRz3r.jpg</thumbnail>
    <fanart>https://image.tmdb.org/t/p/w1280//14X98gMcNEnnQjZ5wNF63Gsa3VO.jpg</fanart>
</item>
<item>
    <title>Strange Days</title>
    <meta>
        <imdb>tt0114558</imdb>
        <content>movie</content>
        <title>Strange Days</title>
        <year>1995</year>
    </meta>
    <link>
        <sublink>search</sublink>
        <sublink>searchsd</sublink>
    </link>
    <thumbnail>https://image.tmdb.org/t/p/w1280//rXvy5hG9OeVmgnv9w4IhQxhqEKD.jpg</thumbnail>
    <fanart>https://image.tmdb.org/t/p/w1280//scRw6gAoO3CfgQnZjHCh2ZgU4Z1.jpg</fanart>
</item>
<item>
    <title>Sunset Boulevard</title>
    <meta>
        <imdb>tt0043014</imdb>
        <content>movie</content>
        <title>Sunset Boulevard</title>
        <year>1950</year>
    </meta>
    <link>
        <sublink>search</sublink>
        <sublink>searchsd</sublink>
    </link>
    <thumbnail>https://image.tmdb.org/t/p/w1280//oFwzvRgfxJc0FUr2mwYTi10dk3G.jpg</thumbnail>
    <fanart>https://image.tmdb.org/t/p/w1280//49OTCCPYlARRe2JS1PAhPJmFkIW.jpg</fanart>
</item>
<item>
    <title>Survivor</title>
    <meta>
        <imdb>tt3247714</imdb>
        <content>movie</content>
        <title>Survivor</title>
        <year>2015</year>
    </meta>
    <link>
        <sublink>search</sublink>
        <sublink>searchsd</sublink>
    </link>
    <thumbnail>https://image.tmdb.org/t/p/w1280//XtvR1aSph7X3wqrE2PY66IPzVi.jpg</thumbnail>
    <fanart>https://image.tmdb.org/t/p/w1280//tGxBYYSKSmBUpjSHDpRelsbNeBy.jpg</fanart>
</item>
<item>
    <title>Sweet Hearts Dance</title>
    <meta>
        <imdb>tt0096200</imdb>
        <content>movie</content>
        <title>Sweet Hearts Dance</title>
        <year>1988</year>
    </meta>
    <link>
        <sublink>search</sublink>
        <sublink>searchsd</sublink>
    </link>
    <thumbnail>https://image.tmdb.org/t/p/w1280//gFX9ggRoqPIDZqQSqtXWgJmoMQT.jpg</thumbnail>
    <fanart/>
</item>
<item>
    <title>New Year's Eve</title>
    <meta>
        <imdb>tt0014524</imdb>
        <content>movie</content>
        <title>New Year's Eve</title>
        <year>1924</year>
    </meta>
    <link>
        <sublink>search</sublink>
        <sublink>searchsd</sublink>
    </link>
    <thumbnail>https://image.tmdb.org/t/p/w1280//m40lMyYnd7k26SoVGeUZjohfx1F.jpg</thumbnail>
    <fanart/>
</item>
<item>
    <title>Taboo</title>
    <meta>
        <imdb>tt0288243</imdb>
        <content>movie</content>
        <title>Taboo</title>
        <year>2002</year>
    </meta>
    <link>
        <sublink>search</sublink>
        <sublink>searchsd</sublink>
    </link>
    <thumbnail>https://image.tmdb.org/t/p/w1280//e3GXlEQRscARneLcBNWVekdpbMg.jpg</thumbnail>
    <fanart>https://image.tmdb.org/t/p/w1280//5OzFpCPy7wOj3s096blYMzT11Nn.jpg</fanart>
</item>
<item>
    <title>Terror Train</title>
    <meta>
        <imdb>tt0081617</imdb>
        <content>movie</content>
        <title>Terror Train</title>
        <year>1980</year>
    </meta>
    <link>
        <sublink>search</sublink>
        <sublink>searchsd</sublink>
    </link>
    <thumbnail>https://image.tmdb.org/t/p/w1280//lBfEvRUsP8WqoS075i3mlTEmBHH.jpg</thumbnail>
    <fanart>https://image.tmdb.org/t/p/w1280//myzTzctRnRHjJx9w1zBJsLGvHL6.jpg</fanart>
</item>
<item>
    <title>This Is the End</title>
    <meta>
        <imdb>tt1245492</imdb>
        <content>movie</content>
        <title>This Is the End</title>
        <year>2013</year>
    </meta>
    <link>
        <sublink>search</sublink>
        <sublink>searchsd</sublink>
    </link>
    <thumbnail>https://image.tmdb.org/t/p/w1280//bmdv8Fshq0ZUt1jfyVusJGz8wAf.jpg</thumbnail>
    <fanart>https://image.tmdb.org/t/p/w1280//s7p708Zf4a3CxXZeqEJN0YoU3x.jpg</fanart>
</item>
<item>
    <title>The Time Machine</title>
    <meta>
        <imdb>tt0054387</imdb>
        <content>movie</content>
        <title>The Time Machine</title>
        <year>1960</year>
    </meta>
    <link>
        <sublink>search</sublink>
        <sublink>searchsd</sublink>
    </link>
    <thumbnail>https://image.tmdb.org/t/p/w1280//cjmluKjmaqLfZmwMEwjki6tvLnS.jpg</thumbnail>
    <fanart>https://image.tmdb.org/t/p/w1280//EVaEyQvzu13g6FPnzb4IlbbrGM.jpg</fanart>
</item>
<item>
    <title>Trading Places</title>
    <meta>
        <imdb>tt0086465</imdb>
        <content>movie</content>
        <title>Trading Places</title>
        <year>1983</year>
    </meta>
    <link>
        <sublink>search</sublink>
        <sublink>searchsd</sublink>
    </link>
    <thumbnail>https://image.tmdb.org/t/p/w1280//zXX8EEAFoe0EKySuZ00Ku55iefh.jpg</thumbnail>
    <fanart>https://image.tmdb.org/t/p/w1280//yV7ty8IThfkQ5hzNwZH1krj86PR.jpg</fanart>
</item>
<item>
    <title>Two Lovers</title>
    <meta>
        <imdb>tt1103275</imdb>
        <content>movie</content>
        <title>Two Lovers</title>
        <year>2008</year>
    </meta>
    <link>
        <sublink>search</sublink>
        <sublink>searchsd</sublink>
    </link>
    <thumbnail>https://image.tmdb.org/t/p/w1280//9HfZ1JyrGZAglrNHdRFc8196Ina.jpg</thumbnail>
    <fanart>https://image.tmdb.org/t/p/w1280//bbbJfu5R3TKwfvy4UGWV6LCPAge.jpg</fanart>
</item>
<item>
    <title>Under Suspicion</title>
    <meta>
        <imdb>tt0164212</imdb>
        <content>movie</content>
        <title>Under Suspicion</title>
        <year>2000</year>
    </meta>
    <link>
        <sublink>search</sublink>
        <sublink>searchsd</sublink>
    </link>
    <thumbnail>https://image.tmdb.org/t/p/w1280//9TQUS5zpiBSMkSYIG3uAfLHTopH.jpg</thumbnail>
    <fanart>https://image.tmdb.org/t/p/w1280//awcQ4COUWIgiD4ZNeEYbjaosWeU.jpg</fanart>
</item>
<item>
    <title>Untamed Heart</title>
    <meta>
        <imdb>tt0108451</imdb>
        <content>movie</content>
        <title>Untamed Heart</title>
        <year>1993</year>
    </meta>
    <link>
        <sublink>search</sublink>
        <sublink>searchsd</sublink>
    </link>
    <thumbnail>https://image.tmdb.org/t/p/w1280//nqwjTYu6Zt1kCG2B1PuDSK782AS.jpg</thumbnail>
    <fanart>https://image.tmdb.org/t/p/w1280//puV2n3MGnRoizpnOin2L0cd1H6P.jpg</fanart>
</item>
<item>
    <title>Waiting to Exhale</title>
    <meta>
        <imdb>tt0114885</imdb>
        <content>movie</content>
        <title>Waiting to Exhale</title>
        <year>1995</year>
    </meta>
    <link>
        <sublink>search</sublink>
        <sublink>searchsd</sublink>
    </link>
    <thumbnail>https://image.tmdb.org/t/p/w1280//16XOMpEaLWkrcPqSQqhTmeJuqQl.jpg</thumbnail>
    <fanart>https://image.tmdb.org/t/p/w1280//u0hQzp4xfag3ZhsKKBBdgyIVvCl.jpg</fanart>
</item>
<item>
    <title>When Harry Met Sally...</title>
    <meta>
        <imdb>tt0098635</imdb>
        <content>movie</content>
        <title>When Harry Met Sally...</title>
        <year>1989</year>
    </meta>
    <link>
        <sublink>search</sublink>
        <sublink>searchsd</sublink>
    </link>
    <thumbnail>https://image.tmdb.org/t/p/w1280//anYI1fzx90PgjO9PY3JStJZJmQT.jpg</thumbnail>
    <fanart>https://image.tmdb.org/t/p/w1280//npPW0YbZIYTwYuixpNqXZADgwkW.jpg</fanart>
</item>
<item>
    <title>While You Were Sleeping</title>
    <meta>
        <imdb>tt0114924</imdb>
        <content>movie</content>
        <title>While You Were Sleeping</title>
        <year>1995</year>
    </meta>
    <link>
        <sublink>search</sublink>
        <sublink>searchsd</sublink>
    </link>
    <thumbnail>https://image.tmdb.org/t/p/w1280//9StV7DX4ZtRZGJs9VcVEPvxIKL6.jpg</thumbnail>
    <fanart>https://image.tmdb.org/t/p/w1280//p0VpzQG1PWnICbgQMyrQJGAhwEW.jpg</fanart>
</item>
<item>
    <title>Winnie the Pooh: A Very Merry Pooh Year</title>
    <meta>
        <imdb>tt0324572</imdb>
        <content>movie</content>
        <title>Winnie the Pooh: A Very Merry Pooh Year</title>
        <year>2002</year>
    </meta>
    <link>
        <sublink>search</sublink>
        <sublink>searchsd</sublink>
    </link>
    <thumbnail>https://image.tmdb.org/t/p/w1280//3xuM4G7fUecAXCgSxddht0rD9w1.jpg</thumbnail>
    <fanart>https://image.tmdb.org/t/p/w1280//bow7Bvllz9xBLk8iCgGwK96tH9m.jpg</fanart>
</item>
<item>
    <title>Yanks</title>
    <meta>
        <imdb>tt0080157</imdb>
        <content>movie</content>
        <title>Yanks</title>
        <year>1979</year>
    </meta>
    <link>
        <sublink>search</sublink>
        <sublink>searchsd</sublink>
    </link>
    <thumbnail>https://image.tmdb.org/t/p/w1280//1J5vzYsYlB6BmUOsrDfAu86359d.jpg</thumbnail>
    <fanart>https://image.tmdb.org/t/p/w1280//uA4i9h6raKqzWdk0lMNmwYGTfDC.jpg</fanart>
</item>
<item>
    <title>Day Watch</title>
    <meta>
        <imdb>tt0409904</imdb>
        <content>movie</content>
        <title>Day Watch</title>
        <year>2006</year>
    </meta>
    <link>
        <sublink>search</sublink>
        <sublink>searchsd</sublink>
    </link>
    <thumbnail>https://image.tmdb.org/t/p/w1280//9TBOWJUa4igq9FkDWhZRK72K4vQ.jpg</thumbnail>
    <fanart>https://image.tmdb.org/t/p/w1280//18S7W0fuefsW4VA9b5lSjNgXR67.jpg</fanart>
</item>
<item>
    <title>Come Look at Me</title>
    <meta>
        <imdb>tt0261184</imdb>
        <content>movie</content>
        <title>Come Look at Me</title>
        <year>2000</year>
    </meta>
    <link>
        <sublink>search</sublink>
        <sublink>searchsd</sublink>
    </link>
    <thumbnail>https://image.tmdb.org/t/p/w1280//fJ9rnV7PWP8aJjim0jmtqRPSnOB.jpg</thumbnail>
    <fanart>https://image.tmdb.org/t/p/w1280//2MIev6GudrM5y6fSJRnizsyL7Jh.jpg</fanart>
</item>
<item>
    <title>Happy New Year</title>
    <meta>
        <imdb>tt2461132</imdb>
        <content>movie</content>
        <title>Happy New Year</title>
        <year>2014</year>
    </meta>
    <link>
        <sublink>search</sublink>
        <sublink>searchsd</sublink>
    </link>
    <thumbnail>https://image.tmdb.org/t/p/w1280//1wHbuMUjjfoGrTo7YMNjhkgWksg.jpg</thumbnail>
    <fanart>https://image.tmdb.org/t/p/w1280//7qt9TOS8UNRiVlAvs5kkSPMUeRf.jpg</fanart>
</item>
<item>
    <title>Neon Genesis Evangelion: The End of Evangelion</title>
    <meta>
        <imdb>tt0169858</imdb>
        <content>movie</content>
        <title>Neon Genesis Evangelion: The End of Evangelion</title>
        <year>1997</year>
    </meta>
    <link>
        <sublink>search</sublink>
        <sublink>searchsd</sublink>
    </link>
    <thumbnail>https://image.tmdb.org/t/p/w1280//5JYzfyKBwReaQ41WFhqXgOZnPWV.jpg</thumbnail>
    <fanart>https://image.tmdb.org/t/p/w1280//zCsHUIws5dy7xbwTntRnOQqaMTh.jpg</fanart>
</item>
<item>
    <title>New Year Sacrifice</title>
    <meta>
        <imdb>tt0049979</imdb>
        <content>movie</content>
        <title>New Year Sacrifice</title>
        <year>1956</year>
    </meta>
    <link>
        <sublink>search</sublink>
        <sublink>searchsd</sublink>
    </link>
    <thumbnail>https://image.tmdb.org/t/p/w1280//gVjOzv2lnDE6IiC5FogxfRP54eS.jpg</thumbnail>
    <fanart/>
</item>
