<item>
    <title>Black Mass</title>
    <meta>
        <imdb>tt1355683</imdb>
        <content>movie</content>
        <title>Black Mass</title>
        <year>2015</year>
    </meta>
    <link>
        <sublink>search</sublink>
        <sublink>searchsd</sublink>
    </link>
    <thumbnail>https://image.tmdb.org/t/p/w1280//yIVnNriiyl522hk3LFLJrrMovhP.jpg</thumbnail>
    <fanart>https://image.tmdb.org/t/p/w1280//fop31RWFi9sVL0xK5hAJGh7Fwkz.jpg</fanart>
</item>
<item>
    <title>Bronson</title>
    <meta>
        <imdb>tt1172570</imdb>
        <content>movie</content>
        <title>Bronson</title>
        <year>2008</year>
    </meta>
    <link>
        <sublink>search</sublink>
        <sublink>searchsd</sublink>
    </link>
    <thumbnail>https://image.tmdb.org/t/p/w1280//dnNR1IpEboT6zmWdo4lw7LTzVEm.jpg</thumbnail>
    <fanart>https://image.tmdb.org/t/p/w1280//pkcSa3xIi1rNrivl5MRwtRgbEYI.jpg</fanart>
</item>
<item>
    <title>Child 44</title>
    <meta>
        <imdb>tt1014763</imdb>
        <content>movie</content>
        <title>Child 44</title>
        <year>2015</year>
    </meta>
    <link>
        <sublink>search</sublink>
        <sublink>searchsd</sublink>
    </link>
    <thumbnail>https://image.tmdb.org/t/p/w1280//nzXwfnBcsmREzHlem6fkStN1RUH.jpg</thumbnail>
    <fanart>https://image.tmdb.org/t/p/w1280//A2WK7mdiKHaxgE4hRyKuDIM4KGg.jpg</fanart>
</item>
<item>
    <title>The Drop</title>
    <meta>
        <imdb>tt1600196</imdb>
        <content>movie</content>
        <title>The Drop</title>
        <year>2014</year>
    </meta>
    <link>
        <sublink>search</sublink>
        <sublink>searchsd</sublink>
    </link>
    <thumbnail>https://image.tmdb.org/t/p/w1280//lj8AMCjWx0jU93XajzUEOUUNKZF.jpg</thumbnail>
    <fanart>https://image.tmdb.org/t/p/w1280//lI7TD9Z9TsASnc3GxkLbBBpXCac.jpg</fanart>
</item>
<item>
    <title>Gangster Land</title>
    <meta>
        <imdb>tt7241654</imdb>
        <content>movie</content>
        <title>Gangster Land</title>
        <year>2017</year>
    </meta>
    <link>
        <sublink>search</sublink>
        <sublink>searchsd</sublink>
    </link>
    <thumbnail>https://image.tmdb.org/t/p/w1280//npteMVPwuNqt9lAqDC67Ld4NESf.jpg</thumbnail>
    <fanart>https://image.tmdb.org/t/p/w1280//edYClLc1MiRGtw0jJVpr3KgM3N3.jpg</fanart>
</item>
<item>
    <title>I Love You, Man</title>
    <meta>
        <imdb>tt1155056</imdb>
        <content>movie</content>
        <title>I Love You, Man</title>
        <year>2009</year>
    </meta>
    <link>
        <sublink>search</sublink>
        <sublink>searchsd</sublink>
    </link>
    <thumbnail>https://image.tmdb.org/t/p/w1280//gFL5cazCOhgsoO2mQuYPMdFekfE.jpg</thumbnail>
    <fanart>https://image.tmdb.org/t/p/w1280//A3D37AUJvB2wFGFtAxJlwUsoIgz.jpg</fanart>
</item>
<item>
    <title>Inception</title>
    <meta>
        <imdb>tt1375666</imdb>
        <content>movie</content>
        <title>Inception</title>
        <year>2010</year>
    </meta>
    <link>
        <sublink>search</sublink>
        <sublink>searchsd</sublink>
    </link>
    <thumbnail>https://image.tmdb.org/t/p/w1280//qmDpIHrmpJINaRKAfWQfftjCdyi.jpg</thumbnail>
    <fanart>https://image.tmdb.org/t/p/w1280//s2bT29y0ngXxxu2IA8AOzzXTRhd.jpg</fanart>
</item>
<item>
    <title>Just Friends</title>
    <meta>
        <imdb>tt0433400</imdb>
        <content>movie</content>
        <title>Just Friends</title>
        <year>2005</year>
    </meta>
    <link>
        <sublink>search</sublink>
        <sublink>searchsd</sublink>
    </link>
    <thumbnail>https://image.tmdb.org/t/p/w1280//cyih5NtdEXF0uSGWJFWgiIEQknb.jpg</thumbnail>
    <fanart>https://image.tmdb.org/t/p/w1280//d9Qqu2gOnCyf5J6p2ybUyICNGXX.jpg</fanart>
</item>
<item>
    <title>Lawless</title>
    <meta>
        <imdb>tt1212450</imdb>
        <content>movie</content>
        <title>Lawless</title>
        <year>2012</year>
    </meta>
    <link>
        <sublink>search</sublink>
        <sublink>searchsd</sublink>
    </link>
    <thumbnail>https://image.tmdb.org/t/p/w1280//uViCpDSOo0Pexx1KWX7NXQaS9BH.jpg</thumbnail>
    <fanart>https://image.tmdb.org/t/p/w1280//qNXTnWdDura71AHfSu1Cf3VXupA.jpg</fanart>
</item>
<item>
    <title>Legend</title>
    <meta>
        <imdb>tt3569230</imdb>
        <content>movie</content>
        <title>Legend</title>
        <year>2015</year>
    </meta>
    <link>
        <sublink>search</sublink>
        <sublink>searchsd</sublink>
    </link>
    <thumbnail>https://image.tmdb.org/t/p/w1280//nXXI1MCJ0ugMetJ5Qn7ofDXANxf.jpg</thumbnail>
    <fanart>https://image.tmdb.org/t/p/w1280//zAZdEjBlQSywUjY2TQKso1aNvwN.jpg</fanart>
</item>
<item>
    <title>Locke</title>
    <meta>
        <imdb>tt2692904</imdb>
        <content>movie</content>
        <title>Locke</title>
        <year>2014</year>
    </meta>
    <link>
        <sublink>search</sublink>
        <sublink>searchsd</sublink>
    </link>
    <thumbnail>https://image.tmdb.org/t/p/w1280//2Prgt4JXhwiwkgotknBO4scXR8S.jpg</thumbnail>
    <fanart>https://image.tmdb.org/t/p/w1280//ijP0Bmn2m1U3DYFWsm2SFnNAXoT.jpg</fanart>
</item>
<item>
    <title>Mad Max: Fury Road</title>
    <meta>
        <imdb>tt1392190</imdb>
        <content>movie</content>
        <title>Mad Max: Fury Road</title>
        <year>2015</year>
    </meta>
    <link>
        <sublink>search</sublink>
        <sublink>searchsd</sublink>
    </link>
    <thumbnail>https://image.tmdb.org/t/p/w1280//kqjL17yufvn9OVLyXYpvtyrFfak.jpg</thumbnail>
    <fanart>https://image.tmdb.org/t/p/w1280//phszHPFVhPHhMZgo0fWTKBDQsJA.jpg</fanart>
</item>
<item>
    <title>Mad Max: The Wasteland</title>
    <meta>
        <imdb>tt4575512</imdb>
        <content>movie</content>
        <title>Mad Max: The Wasteland</title>
        <year/>
    </meta>
    <link>
        <sublink>search</sublink>
        <sublink>searchsd</sublink>
    </link>
    <thumbnail/>
    <fanart/>
</item>
<item>
    <title>Mr. Church</title>
    <meta>
        <imdb>tt4196848</imdb>
        <content>movie</content>
        <title>Mr. Church</title>
        <year>2016</year>
    </meta>
    <link>
        <sublink>search</sublink>
        <sublink>searchsd</sublink>
    </link>
    <thumbnail>https://image.tmdb.org/t/p/w1280//6qewDsh3LudwGRtGtoHgFJ2woxL.jpg</thumbnail>
    <fanart>https://image.tmdb.org/t/p/w1280//ipWoCersdNWHm9jo3sQa3Xgu2yg.jpg</fanart>
</item>
<dir>
    <title>The Office</title>
    <meta>
        <imdb>tt0386676</imdb>
        <content>tvshow</content>
        <tvshowtitle>The Office</tvshowtitle>
        <year>2005</year>
    </meta>
    <link>tmdb_tv_show(2316, 2005, The Office)</link>
    <thumbnail>https://image.tmdb.org/t/p/w1280//iP0uuzWOR5uornNpkkZiemVonMi.jpg</thumbnail>
    <fanart>https://image.tmdb.org/t/p/w1280//eLiqATmcigKP8K2BhjLdELmEqsy.jpg</fanart>
</dir>
<dir>
    <title>Parks and Recreation</title>
    <meta>
        <imdb>tt1266020</imdb>
        <content>tvshow</content>
        <tvshowtitle>Parks and Recreation</tvshowtitle>
        <year>2009</year>
    </meta>
    <link>tmdb_tv_show(8592, 2009, Parks and Recreation)</link>
    <thumbnail>https://image.tmdb.org/t/p/w1280//9kWSJ9c8NlBY2WgfvOZZ71kafSx.jpg</thumbnail>
    <fanart>https://image.tmdb.org/t/p/w1280//2T40B6Kdp8V72AdIk1yEokKAalr.jpg</fanart>
</dir>
<dir>
    <title>Peaky Blinders</title>
    <meta>
        <imdb>tt2442560</imdb>
        <content>tvshow</content>
        <tvshowtitle>Peaky Blinders</tvshowtitle>
        <year>2013</year>
    </meta>
    <link>tmdb_tv_show(60574, 2013, Peaky Blinders)</link>
    <thumbnail>https://image.tmdb.org/t/p/w1280//jeWoeUQyHdxGFNZCrzbOUP78FiZ.jpg</thumbnail>
    <fanart>https://image.tmdb.org/t/p/w1280//inPxrxF5qBQ2H5dyjcMzibX5JA6.jpg</fanart>
</dir>
<item>
    <title>Public Enemies</title>
    <meta>
        <imdb>tt1152836</imdb>
        <content>movie</content>
        <title>Public Enemies</title>
        <year>2009</year>
    </meta>
    <link>
        <sublink>search</sublink>
        <sublink>searchsd</sublink>
    </link>
    <thumbnail>https://image.tmdb.org/t/p/w1280//qisfF7ENdmGI8fpQJoCxIIU1QhH.jpg</thumbnail>
    <fanart>https://image.tmdb.org/t/p/w1280//1egC8NH3RLbebr3XPjdYVXGugpD.jpg</fanart>
</item>
<item>
    <title>The Revenant</title>
    <meta>
        <imdb>tt1663202</imdb>
        <content>movie</content>
        <title>The Revenant</title>
        <year>2015</year>
    </meta>
    <link>
        <sublink>search</sublink>
        <sublink>searchsd</sublink>
    </link>
    <thumbnail>https://image.tmdb.org/t/p/w1280//oXUWEc5i3wYyFnL1Ycu8ppxxPvs.jpg</thumbnail>
    <fanart>https://image.tmdb.org/t/p/w1280//8jNiQwGgAL5R2xwAcJTGWOZn3Mm.jpg</fanart>
</item>
<dir>
    <title>Taboo</title>
    <meta>
        <imdb>tt3647998</imdb>
        <content>tvshow</content>
        <tvshowtitle>Taboo</tvshowtitle>
        <year>2017</year>
    </meta>
    <link>tmdb_tv_show(65708, 2017, Taboo)</link>
    <thumbnail>https://image.tmdb.org/t/p/w1280//hNEC8dcLXeQllaP8JfCHJSPOMhk.jpg</thumbnail>
    <fanart>https://image.tmdb.org/t/p/w1280//9qyqo9KsvYHkWREAKU9KoCG53IL.jpg</fanart>
</dir>
<item>
    <title>This Means War</title>
    <meta>
        <imdb>tt1596350</imdb>
        <content>movie</content>
        <title>This Means War</title>
        <year>2012</year>
    </meta>
    <link>
        <sublink>search</sublink>
        <sublink>searchsd</sublink>
    </link>
    <thumbnail>https://image.tmdb.org/t/p/w1280//8eqEw3NGdqAfGtHyCTiuoMb4RrM.jpg</thumbnail>
    <fanart>https://image.tmdb.org/t/p/w1280//aJh5rFH6jQRqvZyd0HR8BMiHhRn.jpg</fanart>
</item>
<item>
    <title>Venom</title>
    <meta>
        <imdb>tt1270797</imdb>
        <content>movie</content>
        <title>Venom</title>
        <year>2018</year>
    </meta>
    <link>
        <sublink>search</sublink>
        <sublink>searchsd</sublink>
    </link>
    <thumbnail>https://image.tmdb.org/t/p/w1280//d4qVNJmaFGwctFjkS4RnZ6WPjwp.jpg</thumbnail>
    <fanart>https://image.tmdb.org/t/p/w1280//roi6bzTBk1eK8ZoJrUio4GuQ2E7.jpg</fanart>
</item>
<item>
    <title>Warrior</title>
    <meta>
        <imdb>tt1291584</imdb>
        <content>movie</content>
        <title>Warrior</title>
        <year>2011</year>
    </meta>
    <link>
        <sublink>search</sublink>
        <sublink>searchsd</sublink>
    </link>
    <thumbnail>https://image.tmdb.org/t/p/w1280//qzeShckQ34eJJFQ24dTx9QI8kcS.jpg</thumbnail>
    <fanart>https://image.tmdb.org/t/p/w1280//t3Y0rPTraupA90fo8o5g64FiuCC.jpg</fanart>
</item>
