<item>
    <title>10 Things I Hate About You</title>
    <meta>
        <imdb>tt0147800</imdb>
        <content>movie</content>
        <title>10 Things I Hate About You</title>
        <year>1999</year>
    </meta>
    <link>
        <sublink>search</sublink>
        <sublink>searchsd</sublink>
    </link>
    <thumbnail>https://image.tmdb.org/t/p/w1280//paS5plbzKz3PYddxky6svYYz3hS.jpg</thumbnail>
    <fanart>https://image.tmdb.org/t/p/w1280//oi5EvMTKxhUngCveced3dwx1ctF.jpg</fanart>
</item>
<item>
    <title>An Unmarried Woman</title>
    <meta>
        <imdb>tt0078444</imdb>
        <content>movie</content>
        <title>An Unmarried Woman</title>
        <year>1978</year>
    </meta>
    <link>
        <sublink>search</sublink>
        <sublink>searchsd</sublink>
    </link>
    <thumbnail>https://image.tmdb.org/t/p/w1280//3HBWipP8b3joa4zjCeiwBT2F1IW.jpg</thumbnail>
    <fanart>https://image.tmdb.org/t/p/w1280//x4zRiNlYcKkja5L7PktRVf9BuyO.jpg</fanart>
</item>
<item>
    <title>Beaches</title>
    <meta>
        <imdb>tt0094715</imdb>
        <content>movie</content>
        <title>Beaches</title>
        <year>1988</year>
    </meta>
    <link>
        <sublink>search</sublink>
        <sublink>searchsd</sublink>
    </link>
    <thumbnail>https://image.tmdb.org/t/p/w1280//4UUHcpwzaY21cl4XWDN3NMfeqc0.jpg</thumbnail>
    <fanart>https://image.tmdb.org/t/p/w1280//caqd6csaWkESZOEc1LVB7znEloD.jpg</fanart>
</item>
<item>
    <title>Bend It Like Beckham</title>
    <meta>
        <imdb>tt0286499</imdb>
        <content>movie</content>
        <title>Bend It Like Beckham</title>
        <year>2002</year>
    </meta>
    <link>
        <sublink>search</sublink>
        <sublink>searchsd</sublink>
    </link>
    <thumbnail>https://image.tmdb.org/t/p/w1280//aaLAIPw9vJSVyQLy390TJrntEwF.jpg</thumbnail>
    <fanart>https://image.tmdb.org/t/p/w1280//inxjxDR0Afy5FlRmN61ROUJA54k.jpg</fanart>
</item>
<item>
    <title>Better Off Dead...</title>
    <meta>
        <imdb>tt0088794</imdb>
        <content>movie</content>
        <title>Better Off Dead...</title>
        <year>1985</year>
    </meta>
    <link>
        <sublink>search</sublink>
        <sublink>searchsd</sublink>
    </link>
    <thumbnail>https://image.tmdb.org/t/p/w1280//urpEd0gVcDa6Enl6T2HO9BxjeKI.jpg</thumbnail>
    <fanart>https://image.tmdb.org/t/p/w1280//A9FCmb5Qz2HTfsNzXaASsl5GIjf.jpg</fanart>
</item>
<item>
    <title>The Birdcage</title>
    <meta>
        <imdb>tt0115685</imdb>
        <content>movie</content>
        <title>The Birdcage</title>
        <year>1996</year>
    </meta>
    <link>
        <sublink>search</sublink>
        <sublink>searchsd</sublink>
    </link>
    <thumbnail>https://image.tmdb.org/t/p/w1280//wRTkvqRTB05gcGInsnGqVgLkb3t.jpg</thumbnail>
    <fanart>https://image.tmdb.org/t/p/w1280//hU7YAbnf49QLnvxs30aCgGgSb9T.jpg</fanart>
</item>
<item>
    <title>The Break-Up</title>
    <meta>
        <imdb>tt0452594</imdb>
        <content>movie</content>
        <title>The Break-Up</title>
        <year>2006</year>
    </meta>
    <link>
        <sublink>search</sublink>
        <sublink>searchsd</sublink>
    </link>
    <thumbnail>https://image.tmdb.org/t/p/w1280//wjbKWg1Zcu70mNWo5SzqMkQlQQe.jpg</thumbnail>
    <fanart>https://image.tmdb.org/t/p/w1280//ttdIBocxJOLaDHlibyp8tVfXnLH.jpg</fanart>
</item>
<item>
    <title>Bridesmaids</title>
    <meta>
        <imdb>tt1478338</imdb>
        <content>movie</content>
        <title>Bridesmaids</title>
        <year>2011</year>
    </meta>
    <link>
        <sublink>search</sublink>
        <sublink>searchsd</sublink>
    </link>
    <thumbnail>https://image.tmdb.org/t/p/w1280//x5ucaJZ4FP589Gn3I8l3ZFV3Nl8.jpg</thumbnail>
    <fanart>https://image.tmdb.org/t/p/w1280//1J6s0TW6nhfjwoffzDL98Synw5H.jpg</fanart>
</item>
<item>
    <title>Celeste & Jesse Forever</title>
    <meta>
        <imdb>tt1405365</imdb>
        <content>movie</content>
        <title>Celeste & Jesse Forever</title>
        <year>2012</year>
    </meta>
    <link>
        <sublink>search</sublink>
        <sublink>searchsd</sublink>
    </link>
    <thumbnail>https://image.tmdb.org/t/p/w1280//nYR7GrheXMfLg7OMgkhv2aHw2Fb.jpg</thumbnail>
    <fanart>https://image.tmdb.org/t/p/w1280//82MhdPqdneqfJllibiDAXJ0UQqQ.jpg</fanart>
</item>
<item>
    <title>Clueless</title>
    <meta>
        <imdb>tt0112697</imdb>
        <content>movie</content>
        <title>Clueless</title>
        <year>1995</year>
    </meta>
    <link>
        <sublink>search</sublink>
        <sublink>searchsd</sublink>
    </link>
    <thumbnail>https://image.tmdb.org/t/p/w1280//i8gEHh2sszB6YWLC0jl559sxAeN.jpg</thumbnail>
    <fanart>https://image.tmdb.org/t/p/w1280//kcjy02lvDIvqQsce0NSnDAr4zve.jpg</fanart>
</item>
<item>
    <title>Death Becomes Her</title>
    <meta>
        <imdb>tt0104070</imdb>
        <content>movie</content>
        <title>Death Becomes Her</title>
        <year>1992</year>
    </meta>
    <link>
        <sublink>search</sublink>
        <sublink>searchsd</sublink>
    </link>
    <thumbnail>https://image.tmdb.org/t/p/w1280//qNIkecw9i44ljTJaMfkdeyLc4vB.jpg</thumbnail>
    <fanart>https://image.tmdb.org/t/p/w1280//8djDTR7aOFHiHGDD5YN2RwYg4dK.jpg</fanart>
</item>
<item>
    <title>Dirty Love</title>
    <meta>
        <imdb>tt0327643</imdb>
        <content>movie</content>
        <title>Dirty Love</title>
        <year>2005</year>
    </meta>
    <link>
        <sublink>search</sublink>
        <sublink>searchsd</sublink>
    </link>
    <thumbnail>https://image.tmdb.org/t/p/w1280//sIL9KdV48dTzgGiLDRbJXSPbQ3R.jpg</thumbnail>
    <fanart>https://image.tmdb.org/t/p/w1280//AbvEFKG3TP4yqsiQFr4gEOSc4HE.jpg</fanart>
</item>
<item>
    <title>Divine Secrets of the Ya-Ya Sisterhood</title>
    <meta>
        <imdb>tt0279778</imdb>
        <content>movie</content>
        <title>Divine Secrets of the Ya-Ya Sisterhood</title>
        <year>2002</year>
    </meta>
    <link>
        <sublink>search</sublink>
        <sublink>searchsd</sublink>
    </link>
    <thumbnail>https://image.tmdb.org/t/p/w1280//4mxcgSYyPwrgS9VVUIH1Uit0kj4.jpg</thumbnail>
    <fanart>https://image.tmdb.org/t/p/w1280//v0H8Pbquwx1Zn0uOtUW3leZVqod.jpg</fanart>
</item>
<item>
    <title>The First Wives Club</title>
    <meta>
        <imdb>tt0116313</imdb>
        <content>movie</content>
        <title>The First Wives Club</title>
        <year>1996</year>
    </meta>
    <link>
        <sublink>search</sublink>
        <sublink>searchsd</sublink>
    </link>
    <thumbnail>https://image.tmdb.org/t/p/w1280//k4gb8CcRgvYM0XB0SBEiWzBhe3f.jpg</thumbnail>
    <fanart>https://image.tmdb.org/t/p/w1280//sncdX7g3a1tyiX2Vcvx3b4rRPHv.jpg</fanart>
</item>
<item>
    <title>For a Good Time, Call...</title>
    <meta>
        <imdb>tt1996264</imdb>
        <content>movie</content>
        <title>For a Good Time, Call...</title>
        <year>2012</year>
    </meta>
    <link>
        <sublink>search</sublink>
        <sublink>searchsd</sublink>
    </link>
    <thumbnail>https://image.tmdb.org/t/p/w1280//vkdwzGV0IPK3i6qVV24PnkKP7Ej.jpg</thumbnail>
    <fanart>https://image.tmdb.org/t/p/w1280//4umgP6ax4gP05hVHIeW1L360bAH.jpg</fanart>
</item>
<item>
    <title>Fort Tilden</title>
    <meta>
        <imdb>tt3457734</imdb>
        <content>movie</content>
        <title>Fort Tilden</title>
        <year>2014</year>
    </meta>
    <link>
        <sublink>search</sublink>
        <sublink>searchsd</sublink>
    </link>
    <thumbnail>https://image.tmdb.org/t/p/w1280//9gJlnzmfpjZyPrb5cwkwE7OfzS.jpg</thumbnail>
    <fanart>https://image.tmdb.org/t/p/w1280//ttZeIbwoQCS377TO7cWObMWiEhl.jpg</fanart>
</item>
<item>
    <title>Frances Ha</title>
    <meta>
        <imdb>tt2347569</imdb>
        <content>movie</content>
        <title>Frances Ha</title>
        <year>2013</year>
    </meta>
    <link>
        <sublink>search</sublink>
        <sublink>searchsd</sublink>
    </link>
    <thumbnail>https://image.tmdb.org/t/p/w1280//mG8gvA3lxxzcJFIAnmMqir6DiWQ.jpg</thumbnail>
    <fanart>https://image.tmdb.org/t/p/w1280//t8kuj3PVCE9OSqCN1tNsoHDGXQt.jpg</fanart>
</item>
<item>
    <title>Girls Just Want to Have Fun</title>
    <meta>
        <imdb>tt0089208</imdb>
        <content>movie</content>
        <title>Girls Just Want to Have Fun</title>
        <year>1985</year>
    </meta>
    <link>
        <sublink>search</sublink>
        <sublink>searchsd</sublink>
    </link>
    <thumbnail>https://image.tmdb.org/t/p/w1280//wvCmvDfhIeTj13ki7g1CKHZ1lMf.jpg</thumbnail>
    <fanart>https://image.tmdb.org/t/p/w1280//h7ahBjwgjevmg6KmXnFVKcwvZxT.jpg</fanart>
</item>
<item>
    <title>Head Over Heels</title>
    <meta>
        <imdb>tt0192111</imdb>
        <content>movie</content>
        <title>Head Over Heels</title>
        <year>2001</year>
    </meta>
    <link>
        <sublink>search</sublink>
        <sublink>searchsd</sublink>
    </link>
    <thumbnail>https://image.tmdb.org/t/p/w1280//wM6Lnc2qYzyh3WjwZ3Hu3TM9qNl.jpg</thumbnail>
    <fanart>https://image.tmdb.org/t/p/w1280//9yaXyBlXSxr6oxUongcyNfOE8TF.jpg</fanart>
</item>
<item>
    <title>The Heat</title>
    <meta>
        <imdb>tt2404463</imdb>
        <content>movie</content>
        <title>The Heat</title>
        <year>2013</year>
    </meta>
    <link>
        <sublink>search</sublink>
        <sublink>searchsd</sublink>
    </link>
    <thumbnail>https://image.tmdb.org/t/p/w1280//tM3hDt8JcU8Y8i6vzTcbnocM2bx.jpg</thumbnail>
    <fanart>https://image.tmdb.org/t/p/w1280//2wKw8M6g7wj0RNz9zAeqU9s1BKl.jpg</fanart>
</item>
<item>
    <title>Heathers</title>
    <meta>
        <imdb>tt0097493</imdb>
        <content>movie</content>
        <title>Heathers</title>
        <year>1988</year>
    </meta>
    <link>
        <sublink>search</sublink>
        <sublink>searchsd</sublink>
    </link>
    <thumbnail>https://image.tmdb.org/t/p/w1280//38DHopfWHrWqYjphcBeAxOomled.jpg</thumbnail>
    <fanart>https://image.tmdb.org/t/p/w1280//dw2v5NyQz8ehijKAA0Z1Mzj5CCh.jpg</fanart>
</item>
<item>
    <title>Hidden Figures</title>
    <meta>
        <imdb>tt4846340</imdb>
        <content>movie</content>
        <title>Hidden Figures</title>
        <year>2016</year>
    </meta>
    <link>
        <sublink>search</sublink>
        <sublink>searchsd</sublink>
    </link>
    <thumbnail>https://image.tmdb.org/t/p/w1280//6cbIDZLfwUTmttXTmNi8Mp3Rnmg.jpg</thumbnail>
    <fanart>https://image.tmdb.org/t/p/w1280//aRP8QAOhnthglsTUzeLWwoPVV1T.jpg</fanart>
</item>
<item>
    <title>High Fidelity</title>
    <meta>
        <imdb>tt0146882</imdb>
        <content>movie</content>
        <title>High Fidelity</title>
        <year>2000</year>
    </meta>
    <link>
        <sublink>search</sublink>
        <sublink>searchsd</sublink>
    </link>
    <thumbnail>https://image.tmdb.org/t/p/w1280//sEZKCUFU6Ozf7hZ3UuaKWUqHLTZ.jpg</thumbnail>
    <fanart>https://image.tmdb.org/t/p/w1280//7DbIcmNxYgivKq5R4xgje3xSuqp.jpg</fanart>
</item>
<item>
    <title>How to Be Single</title>
    <meta>
        <imdb>tt1292566</imdb>
        <content>movie</content>
        <title>How to Be Single</title>
        <year>2016</year>
    </meta>
    <link>
        <sublink>search</sublink>
        <sublink>searchsd</sublink>
    </link>
    <thumbnail>https://image.tmdb.org/t/p/w1280//jAhFr4OKTq8c5YYi8Xe5raYMU8O.jpg</thumbnail>
    <fanart>https://image.tmdb.org/t/p/w1280//h3gw1GPvfoJoAsDF5aqzIpwytV6.jpg</fanart>
</item>
<item>
    <title>John Tucker Must Die</title>
    <meta>
        <imdb>tt0455967</imdb>
        <content>movie</content>
        <title>John Tucker Must Die</title>
        <year>2006</year>
    </meta>
    <link>
        <sublink>search</sublink>
        <sublink>searchsd</sublink>
    </link>
    <thumbnail>https://image.tmdb.org/t/p/w1280//qIVlqRILy5vtNylsVsZk7aUb0c9.jpg</thumbnail>
    <fanart>https://image.tmdb.org/t/p/w1280//r4gHoGDrgUkIhEJj5PrC19JJanb.jpg</fanart>
</item>
<item>
    <title>Life Partners</title>
    <meta>
        <imdb>tt2870808</imdb>
        <content>movie</content>
        <title>Life Partners</title>
        <year>2014</year>
    </meta>
    <link>
        <sublink>search</sublink>
        <sublink>searchsd</sublink>
    </link>
    <thumbnail>https://image.tmdb.org/t/p/w1280//i0HIFCSIGB3RibSqwV9JojubOSS.jpg</thumbnail>
    <fanart>https://image.tmdb.org/t/p/w1280//eYa82W9msWQBoEkhNezLdV5X056.jpg</fanart>
</item>
<item>
    <title>Magic Mike</title>
    <meta>
        <imdb>tt1915581</imdb>
        <content>movie</content>
        <title>Magic Mike</title>
        <year>2012</year>
    </meta>
    <link>
        <sublink>search</sublink>
        <sublink>searchsd</sublink>
    </link>
    <thumbnail>https://image.tmdb.org/t/p/w1280//lEtUcdnGdtZzMUUMdrVVmJNIl6T.jpg</thumbnail>
    <fanart>https://image.tmdb.org/t/p/w1280//uaHEBPugW19sneaJNNeuOtZiSxB.jpg</fanart>
</item>
<item>
    <title>Mean Girls</title>
    <meta>
        <imdb>tt0377092</imdb>
        <content>movie</content>
        <title>Mean Girls</title>
        <year>2004</year>
    </meta>
    <link>
        <sublink>search</sublink>
        <sublink>searchsd</sublink>
    </link>
    <thumbnail>https://image.tmdb.org/t/p/w1280//lDlGPZS0UJYKxVlpyff3BMyPc2H.jpg</thumbnail>
    <fanart>https://image.tmdb.org/t/p/w1280//ynzlwnEx4sTb1LlsYxK6HlOMEBC.jpg</fanart>
</item>
<item>
    <title>Mean Girls 2</title>
    <meta>
        <imdb>tt1679235</imdb>
        <content>movie</content>
        <title>Mean Girls 2</title>
        <year>2011</year>
    </meta>
    <link>
        <sublink>search</sublink>
        <sublink>searchsd</sublink>
    </link>
    <thumbnail>https://image.tmdb.org/t/p/w1280//7bRbtrTsXA0pwuxR880aJpp14dF.jpg</thumbnail>
    <fanart>https://image.tmdb.org/t/p/w1280//dCR3oXfoX5C5jwYLSsDlwbYBll9.jpg</fanart>
</item>
<dir>
    <title>Mob Wives</title>
    <meta>
        <imdb>tt1827163</imdb>
        <content>tvshow</content>
        <tvshowtitle>Mob Wives</tvshowtitle>
        <year>2011</year>
    </meta>
    <link>tmdb_tv_show(39513, 2011, Mob Wives)</link>
    <thumbnail>https://image.tmdb.org/t/p/w1280//j3XC5dJq0GsWqES449tyZvniYWh.jpg</thumbnail>
    <fanart>https://image.tmdb.org/t/p/w1280//lNBphxXC8VClv6gBADpXT2zQYli.jpg</fanart>
</dir>
<dir>
    <title>Mob Wives Chicago</title>
    <meta>
        <imdb>tt2303803</imdb>
        <content>tvshow</content>
        <tvshowtitle>Mob Wives Chicago</tvshowtitle>
        <year>2012</year>
    </meta>
    <link>tmdb_tv_show(42056, 2012, Mob Wives Chicago)</link>
    <thumbnail>https://image.tmdb.org/t/p/w1280//aUOARQConWhfdFVdghS1OBpbV5x.jpg</thumbnail>
    <fanart>https://image.tmdb.org/t/p/w1280//xCHEGIbFO9SBYaNMbuYWPGkE51R.jpg</fanart>
</dir>
<item>
    <title>Mona Lisa Smile</title>
    <meta>
        <imdb>tt0304415</imdb>
        <content>movie</content>
        <title>Mona Lisa Smile</title>
        <year>2003</year>
    </meta>
    <link>
        <sublink>search</sublink>
        <sublink>searchsd</sublink>
    </link>
    <thumbnail>https://image.tmdb.org/t/p/w1280//zLn6dKedtaR3rnCRohxIxjfqmxV.jpg</thumbnail>
    <fanart>https://image.tmdb.org/t/p/w1280//lkvnT8SShNsdqM2AR1Lyp15PFrk.jpg</fanart>
</item>
<item>
    <title>My Super Ex-Girlfriend</title>
    <meta>
        <imdb>tt0465624</imdb>
        <content>movie</content>
        <title>My Super Ex-Girlfriend</title>
        <year>2006</year>
    </meta>
    <link>
        <sublink>search</sublink>
        <sublink>searchsd</sublink>
    </link>
    <thumbnail>https://image.tmdb.org/t/p/w1280//aP7lAuOywcuUVk9kVMdj2FNDQy7.jpg</thumbnail>
    <fanart>https://image.tmdb.org/t/p/w1280//jr4LERW2A5MjWi7wJyvVq1NHfRX.jpg</fanart>
</item>
<item>
    <title>Mystic Pizza</title>
    <meta>
        <imdb>tt0095690</imdb>
        <content>movie</content>
        <title>Mystic Pizza</title>
        <year>1988</year>
    </meta>
    <link>
        <sublink>search</sublink>
        <sublink>searchsd</sublink>
    </link>
    <thumbnail>https://image.tmdb.org/t/p/w1280//1HBsrVam34RKnwkYpm84mRv9dwE.jpg</thumbnail>
    <fanart>https://image.tmdb.org/t/p/w1280//ay3wcPIWoSVgqmLtGUVv599Z0TA.jpg</fanart>
</item>
<item>
    <title>Now and Then</title>
    <meta>
        <imdb>tt0114011</imdb>
        <content>movie</content>
        <title>Now and Then</title>
        <year>1995</year>
    </meta>
    <link>
        <sublink>search</sublink>
        <sublink>searchsd</sublink>
    </link>
    <thumbnail>https://image.tmdb.org/t/p/w1280//wD6rLdD2Ix3u9YLgE3Do8GyCHoz.jpg</thumbnail>
    <fanart>https://image.tmdb.org/t/p/w1280//dthtFNHGLgo360zpRKhKOWgZrRe.jpg</fanart>
</item>
<item>
    <title>Pitch Perfect</title>
    <meta>
        <imdb>tt1981677</imdb>
        <content>movie</content>
        <title>Pitch Perfect</title>
        <year>2012</year>
    </meta>
    <link>
        <sublink>search</sublink>
        <sublink>searchsd</sublink>
    </link>
    <thumbnail>https://image.tmdb.org/t/p/w1280//cLUMPdwCV0Dxd3P1ZkCXe7bVImI.jpg</thumbnail>
    <fanart>https://image.tmdb.org/t/p/w1280//ePqwTIoJeKJwShMABMst5duBcw9.jpg</fanart>
</item>
<item>
    <title>Practical Magic</title>
    <meta>
        <imdb>tt0120791</imdb>
        <content>movie</content>
        <title>Practical Magic</title>
        <year>1998</year>
    </meta>
    <link>
        <sublink>search</sublink>
        <sublink>searchsd</sublink>
    </link>
    <thumbnail>https://image.tmdb.org/t/p/w1280//AwmToSgf2IL3aHv0QRVsR5KvChv.jpg</thumbnail>
    <fanart>https://image.tmdb.org/t/p/w1280//5sH0E0F7n08mFnm71uPqRkTUo96.jpg</fanart>
</item>
<item>
    <title>Romy and Michele's High School Reunion</title>
    <meta>
        <imdb>tt0120032</imdb>
        <content>movie</content>
        <title>Romy and Michele's High School Reunion</title>
        <year>1997</year>
    </meta>
    <link>
        <sublink>search</sublink>
        <sublink>searchsd</sublink>
    </link>
    <thumbnail>https://image.tmdb.org/t/p/w1280//fvgLTx3vM3dUQqytaWCRaTdAdrs.jpg</thumbnail>
    <fanart>https://image.tmdb.org/t/p/w1280//3A5tRj07cK0D5hsWeU5hOUo6iOr.jpg</fanart>
</item>
<item>
    <title>Romy and Michele: In the Beginning</title>
    <meta>
        <imdb>tt0337114</imdb>
        <content>movie</content>
        <title>Romy and Michele: In the Beginning</title>
        <year>2005</year>
    </meta>
    <link>
        <sublink>search</sublink>
        <sublink>searchsd</sublink>
    </link>
    <thumbnail>https://image.tmdb.org/t/p/w1280//2n6CB6BUJC336aWqn1oBiEcw50h.jpg</thumbnail>
    <fanart>https://image.tmdb.org/t/p/w1280//dZctrBl0wiI0kgXpeH5b7DZ529f.jpg</fanart>
</item>
<item>
    <title>The Sapphires</title>
    <meta>
        <imdb>tt1673697</imdb>
        <content>movie</content>
        <title>The Sapphires</title>
        <year>2012</year>
    </meta>
    <link>
        <sublink>search</sublink>
        <sublink>searchsd</sublink>
    </link>
    <thumbnail>https://image.tmdb.org/t/p/w1280//h7zn7Sf0Jl6mFZjGj4TCHjSJj6T.jpg</thumbnail>
    <fanart>https://image.tmdb.org/t/p/w1280//bRcuJQsrY8iuRKUeGN4MsSqp5pb.jpg</fanart>
</item>
<item>
    <title>Set It Off</title>
    <meta>
        <imdb>tt0117603</imdb>
        <content>movie</content>
        <title>Set It Off</title>
        <year>1996</year>
    </meta>
    <link>
        <sublink>search</sublink>
        <sublink>searchsd</sublink>
    </link>
    <thumbnail>https://image.tmdb.org/t/p/w1280//lfMk5h35Fccl5gOsBaeYvMnBUPb.jpg</thumbnail>
    <fanart>https://image.tmdb.org/t/p/w1280//xSRMGAs6zbgrIDlDlmfH8OtaOIf.jpg</fanart>
</item>
<item>
    <title>Sex and the City</title>
    <meta>
        <imdb>tt1000774</imdb>
        <content>movie</content>
        <title>Sex and the City</title>
        <year>2008</year>
    </meta>
    <link>
        <sublink>search</sublink>
        <sublink>searchsd</sublink>
    </link>
    <thumbnail>https://image.tmdb.org/t/p/w1280//5fuWykynmiJ07fKA84BVxxuiGHx.jpg</thumbnail>
    <fanart>https://image.tmdb.org/t/p/w1280//hclFyTsKRBnP5pl4IjsxHduQXMj.jpg</fanart>
</item>
<dir>
    <title>Sex and the City</title>
    <meta>
        <imdb>tt0159206</imdb>
        <content>tvshow</content>
        <tvshowtitle>Sex and the City</tvshowtitle>
        <year>1998</year>
    </meta>
    <link>tmdb_tv_show(105, 1998, Sex and the City)</link>
    <thumbnail>https://image.tmdb.org/t/p/w1280//y6TTvFWEW1mkOBlgoqVN4WFkP0Z.jpg</thumbnail>
    <fanart>https://image.tmdb.org/t/p/w1280//eTqhyet6Et1VPscpeFMozrfkKOD.jpg</fanart>
</dir>
<item>
    <title>The Sisterhood of the Traveling Pants</title>
    <meta>
        <imdb>tt0403508</imdb>
        <content>movie</content>
        <title>The Sisterhood of the Traveling Pants</title>
        <year>2005</year>
    </meta>
    <link>
        <sublink>search</sublink>
        <sublink>searchsd</sublink>
    </link>
    <thumbnail>https://image.tmdb.org/t/p/w1280//dRNSxq5OqxaBLdQwarG4xMmDLAr.jpg</thumbnail>
    <fanart>https://image.tmdb.org/t/p/w1280//oI5OlPwuhxxHLYgM0y5tMpLf9N0.jpg</fanart>
</item>
<item>
    <title>The Sisterhood of the Traveling Pants 2</title>
    <meta>
        <imdb>tt1018785</imdb>
        <content>movie</content>
        <title>The Sisterhood of the Traveling Pants 2</title>
        <year>2008</year>
    </meta>
    <link>
        <sublink>search</sublink>
        <sublink>searchsd</sublink>
    </link>
    <thumbnail>https://image.tmdb.org/t/p/w1280//ryo25cJml7YKPemZ9IeArPezbES.jpg</thumbnail>
    <fanart>https://image.tmdb.org/t/p/w1280//46des5ED7ppRBSTOCug2SbYX7mS.jpg</fanart>
</item>
<item>
    <title>Steel Magnolias</title>
    <meta>
        <imdb>tt0098384</imdb>
        <content>movie</content>
        <title>Steel Magnolias</title>
        <year>1989</year>
    </meta>
    <link>
        <sublink>search</sublink>
        <sublink>searchsd</sublink>
    </link>
    <thumbnail>https://image.tmdb.org/t/p/w1280//dxuEXH91o2sau7V8auiour1nEvv.jpg</thumbnail>
    <fanart>https://image.tmdb.org/t/p/w1280//5kpOAyvOmU8OE3xA9JPMXmsRLWe.jpg</fanart>
</item>
<item>
    <title>Thelma & Louise</title>
    <meta>
        <imdb>tt0103074</imdb>
        <content>movie</content>
        <title>Thelma & Louise</title>
        <year>1991</year>
    </meta>
    <link>
        <sublink>search</sublink>
        <sublink>searchsd</sublink>
    </link>
    <thumbnail>https://image.tmdb.org/t/p/w1280//pnzuLoE52EiTfjfqRex2uTkH7LB.jpg</thumbnail>
    <fanart>https://image.tmdb.org/t/p/w1280//zfP8YjI0ODMX8v0ZHHIFxCTJBCm.jpg</fanart>
</item>
<item>
    <title>To Wong Foo, Thanks for Everything! Julie Newmar</title>
    <meta>
        <imdb>tt0114682</imdb>
        <content>movie</content>
        <title>To Wong Foo, Thanks for Everything! Julie Newmar</title>
        <year>1995</year>
    </meta>
    <link>
        <sublink>search</sublink>
        <sublink>searchsd</sublink>
    </link>
    <thumbnail>https://image.tmdb.org/t/p/w1280//xIDEoG9FQGmMCh5XsbkvSuD8WrW.jpg</thumbnail>
    <fanart>https://image.tmdb.org/t/p/w1280//q4yr3hrf8G9uhE3L4sDcTwvN6cL.jpg</fanart>
</item>
