<item>
    <title>Above and Beyond</title>
    <meta>
        <imdb>tt2704752</imdb>
        <content>movie</content>
        <title>Above and Beyond</title>
        <year>2015</year>
    </meta>
    <link>
        <sublink>search</sublink>
        <sublink>searchsd</sublink>
    </link>
    <thumbnail>https://image.tmdb.org/t/p/w1280//bajT3SbsVNgfqkxnjRjwiWtIdDT.jpg</thumbnail>
    <fanart>https://image.tmdb.org/t/p/w1280//wttgew0pg4wutexXfsVP0MnwszS.jpg</fanart>
</item>
<item>
    <title>Adolf Hitler: The Greatest Story Never Told</title>
    <meta>
        <imdb>tt3526810</imdb>
        <content>movie</content>
        <title>Adolf Hitler: The Greatest Story Never Told</title>
        <year>2013</year>
    </meta>
    <link>
        <sublink>search</sublink>
        <sublink>searchsd</sublink>
    </link>
    <thumbnail>https://image.tmdb.org/t/p/w1280//7ePDCY9RANdqNA1256N5WJ2ZyxW.jpg</thumbnail>
    <fanart>https://image.tmdb.org/t/p/w1280//97fleTbE8P0obfD1J6zKHtfn9zB.jpg</fanart>
</item>
<item>
    <title>Almost Sunrise</title>
    <meta>
        <imdb>tt5118024</imdb>
        <content>movie</content>
        <title>Almost Sunrise</title>
        <year>2017</year>
    </meta>
    <link>
        <sublink>search</sublink>
        <sublink>searchsd</sublink>
    </link>
    <thumbnail>https://image.tmdb.org/t/p/w1280//iUKoerkAPohz7tTiGUBJ45uxZp7.jpg</thumbnail>
    <fanart/>
</item>
<dir>
    <title>Apocalypse: The Second World War</title>
    <meta>
        <imdb>tt1508238</imdb>
        <content>tvshow</content>
        <tvshowtitle>Apocalypse: The Second World War</tvshowtitle>
        <year>2009</year>
    </meta>
    <link>tmdb_tv_show(33189, 2009, Apocalypse: The Second World War)</link>
    <thumbnail>https://image.tmdb.org/t/p/w1280//uxm1QU5yC2BNLRqUB1yKSQByD5h.jpg</thumbnail>
    <fanart>https://image.tmdb.org/t/p/w1280//9d6I0dTU5AByridrcaGZfS5RAtm.jpg</fanart>
</dir>
<dir>
    <title>Apocalypse: World War I</title>
    <meta>
        <imdb>tt3638584</imdb>
        <content>tvshow</content>
        <tvshowtitle>Apocalypse: World War I</tvshowtitle>
        <year>2014</year>
    </meta>
    <link>tmdb_tv_show(61314, 2014, Apocalypse: World War I)</link>
    <thumbnail>https://image.tmdb.org/t/p/w1280//9s2ZsnsDEdOaFAX3kQwxfGrz0vA.jpg</thumbnail>
    <fanart>https://image.tmdb.org/t/p/w1280//iysQCk6HzhanbmlbPp03VZg0XbP.jpg</fanart>
</dir>
<item>
    <title>Armadillo</title>
    <meta>
        <imdb>tt1640680</imdb>
        <content>movie</content>
        <title>Armadillo</title>
        <year>2010</year>
    </meta>
    <link>
        <sublink>search</sublink>
        <sublink>searchsd</sublink>
    </link>
    <thumbnail>https://image.tmdb.org/t/p/w1280//jgbRkE2DGbT2Vw0VcmXEKauNa3B.jpg</thumbnail>
    <fanart>https://image.tmdb.org/t/p/w1280//40PsV8k1Xb65zntdMZltiMTuPev.jpg</fanart>
</item>
<dir>
    <title>BBC History of World War II</title>
    <meta>
        <imdb>None</imdb>
        <content>tvshow</content>
        <tvshowtitle>BBC History of World War II</tvshowtitle>
        <year>1997</year>
    </meta>
    <link>tmdb_tv_show(18704, 1997, BBC History of World War II)</link>
    <thumbnail>https://image.tmdb.org/t/p/w1280//84qHifg1pztkQmGer7xCuReT0Gt.jpg</thumbnail>
    <fanart>https://image.tmdb.org/t/p/w1280//xlJCThq1JTDsHRkdxz5mCLvp6Iv.jpg</fanart>
</dir>
<item>
    <title>Beneath the Helmet</title>
    <meta>
        <imdb>tt4221060</imdb>
        <content>movie</content>
        <title>Beneath the Helmet</title>
        <year>2014</year>
    </meta>
    <link>
        <sublink>search</sublink>
        <sublink>searchsd</sublink>
    </link>
    <thumbnail>https://image.tmdb.org/t/p/w1280//ckENjdf7FdlAtoNlilqN4ifVI0D.jpg</thumbnail>
    <fanart/>
</item>
<dir>
    <title>Black Ops</title>
    <meta>
        <imdb>tt2709224</imdb>
        <content>tvshow</content>
        <tvshowtitle>Black Ops</tvshowtitle>
        <year>2012</year>
    </meta>
    <link>tmdb_tv_show(61473, 2012, Black Ops)</link>
    <thumbnail>https://image.tmdb.org/t/p/w1280//72Ljy4lEFAXiksG2EVJnYz1eXoq.jpg</thumbnail>
    <fanart/>
</dir>
<item>
    <title>Body of War</title>
    <meta>
        <imdb>tt1068634</imdb>
        <content>movie</content>
        <title>Body of War</title>
        <year>2007</year>
    </meta>
    <link>
        <sublink>search</sublink>
        <sublink>searchsd</sublink>
    </link>
    <thumbnail>https://image.tmdb.org/t/p/w1280//efGBWtWSUX9ex7lJAuGKLy0KWcb.jpg</thumbnail>
    <fanart>https://image.tmdb.org/t/p/w1280//24I27GTXDGwRYZvR9SZ09tysa1y.jpg</fanart>
</item>
<item>
    <title>Bombshell: The Hedy Lamarr Story</title>
    <meta>
        <imdb>tt6752848</imdb>
        <content>movie</content>
        <title>Bombshell: The Hedy Lamarr Story</title>
        <year>2017</year>
    </meta>
    <link>
        <sublink>search</sublink>
        <sublink>searchsd</sublink>
    </link>
    <thumbnail>https://image.tmdb.org/t/p/w1280//iPwo2CRfZzTQxWemoEh6NYR1ZfX.jpg</thumbnail>
    <fanart>https://image.tmdb.org/t/p/w1280//mAXf3qtPr862mc198J2oRWPPA13.jpg</fanart>
</item>
<item>
    <title>Brothers at War</title>
    <meta>
        <imdb>tt1239427</imdb>
        <content>movie</content>
        <title>Brothers at War</title>
        <year>2009</year>
    </meta>
    <link>
        <sublink>search</sublink>
        <sublink>searchsd</sublink>
    </link>
    <thumbnail>https://image.tmdb.org/t/p/w1280//uZ2Lea61Lvp6o0f1J8g1az3fc45.jpg</thumbnail>
    <fanart>https://image.tmdb.org/t/p/w1280//l5jmVfoFVA2KfXxSBZagCvmeE0K.jpg</fanart>
</item>
<item>
    <title>Brothers in War</title>
    <meta>
        <imdb>tt3595312</imdb>
        <content>movie</content>
        <title>Brothers in War</title>
        <year>2014</year>
    </meta>
    <link>
        <sublink>search</sublink>
        <sublink>searchsd</sublink>
    </link>
    <thumbnail>https://image.tmdb.org/t/p/w1280//vp5E23W8OW3eqGTNMAPDUtBySfI.jpg</thumbnail>
    <fanart>https://image.tmdb.org/t/p/w1280//lyE36TRlev8AFhGy43fz0ygYrsw.jpg</fanart>
</item>
<item>
    <title>City 40</title>
    <meta>
        <imdb>tt2721744</imdb>
        <content>movie</content>
        <title>City 40</title>
        <year>2016</year>
    </meta>
    <link>
        <sublink>search</sublink>
        <sublink>searchsd</sublink>
    </link>
    <thumbnail>https://image.tmdb.org/t/p/w1280//w0ek8rNarWTZy7ABKOJr2m1GDD.jpg</thumbnail>
    <fanart/>
</item>
<item>
    <title>City of Ghosts</title>
    <meta>
        <imdb>tt6333056</imdb>
        <content>movie</content>
        <title>City of Ghosts</title>
        <year>2017</year>
    </meta>
    <link>
        <sublink>search</sublink>
        <sublink>searchsd</sublink>
    </link>
    <thumbnail>https://image.tmdb.org/t/p/w1280//c1RxAfjPsSWV1PxuxnJM9BXMTFP.jpg</thumbnail>
    <fanart>https://image.tmdb.org/t/p/w1280//h3OIAsdCIBAiTifvtZtrWPoGhlX.jpg</fanart>
</item>
<dir>
    <title>The Civil War</title>
    <meta>
        <imdb>tt0206634</imdb>
        <content>tvshow</content>
        <tvshowtitle>The Civil War</tvshowtitle>
        <year>1990</year>
    </meta>
    <link>tmdb_tv_show(9693, 1990, The Civil War)</link>
    <thumbnail>https://image.tmdb.org/t/p/w1280//qs6J3T0mfAlmoOOUt0B2d4zd6je.jpg</thumbnail>
    <fanart>https://image.tmdb.org/t/p/w1280//lOtqhEeng0lBjsYU2AJ1t6GssV3.jpg</fanart>
</dir>
<item>
    <title>Control Room</title>
    <meta>
        <imdb>tt0391024</imdb>
        <content>movie</content>
        <title>Control Room</title>
        <year>2004</year>
    </meta>
    <link>
        <sublink>search</sublink>
        <sublink>searchsd</sublink>
    </link>
    <thumbnail>https://image.tmdb.org/t/p/w1280//83BV8fGy5p9i8RwE9oj76tZ1Ikp.jpg</thumbnail>
    <fanart>https://image.tmdb.org/t/p/w1280//cRnWU3QgY8GVd9MhMWKAACmlAXQ.jpg</fanart>
</item>
<item>
    <title>Day of the Kamikaze</title>
    <meta>
        <imdb>tt1686801</imdb>
        <content>movie</content>
        <title>Day of the Kamikaze</title>
        <year>2007</year>
    </meta>
    <link>
        <sublink>search</sublink>
        <sublink>searchsd</sublink>
    </link>
    <thumbnail>https://image.tmdb.org/t/p/w1280//2ePKKeZLScpaUCdWkarqX9E674O.jpg</thumbnail>
    <fanart/>
</item>
<item>
    <title>Dear America: Letters Home from Vietnam</title>
    <meta>
        <imdb>tt0092851</imdb>
        <content>movie</content>
        <title>Dear America: Letters Home from Vietnam</title>
        <year>1987</year>
    </meta>
    <link>
        <sublink>search</sublink>
        <sublink>searchsd</sublink>
    </link>
    <thumbnail>https://image.tmdb.org/t/p/w1280//uVmdtkE5uZKzcOQP2yqnf8D1bs0.jpg</thumbnail>
    <fanart/>
</item>
<item>
    <title>Defying the Nazis: The Sharps' War</title>
    <meta>
        <imdb>tt1339660</imdb>
        <content>movie</content>
        <title>Defying the Nazis: The Sharps' War</title>
        <year>2016</year>
    </meta>
    <link>
        <sublink>search</sublink>
        <sublink>searchsd</sublink>
    </link>
    <thumbnail>https://image.tmdb.org/t/p/w1280//d2neHs3bcCPweRDjvXlzggBOoYZ.jpg</thumbnail>
    <fanart>https://image.tmdb.org/t/p/w1280//uPoph61y4yU4Tq5JUykvR02rkS2.jpg</fanart>
</item>
<item>
    <title>Destination Unknown</title>
    <meta>
        <imdb>tt5749978</imdb>
        <content>movie</content>
        <title>Destination Unknown</title>
        <year>2016</year>
    </meta>
    <link>
        <sublink>search</sublink>
        <sublink>searchsd</sublink>
    </link>
    <thumbnail>https://image.tmdb.org/t/p/w1280//y5y5eXHEgPAzXeJo3gSmMQjPlaH.jpg</thumbnail>
    <fanart/>
</item>
<item>
    <title>Dirty Wars</title>
    <meta>
        <imdb>tt2532528</imdb>
        <content>movie</content>
        <title>Dirty Wars</title>
        <year>2013</year>
    </meta>
    <link>
        <sublink>search</sublink>
        <sublink>searchsd</sublink>
    </link>
    <thumbnail>https://image.tmdb.org/t/p/w1280//dWl1YzSOSKWK8rK8BGPvdiitPfS.jpg</thumbnail>
    <fanart>https://image.tmdb.org/t/p/w1280//8h2bRVc5wwVStfsiJ1i33uXYoUn.jpg</fanart>
</item>
<dir>
    <title>Dunkirk</title>
    <meta>
        <imdb>tt0400391</imdb>
        <content>tvshow</content>
        <tvshowtitle>Dunkirk</tvshowtitle>
        <year>2004</year>
    </meta>
    <link>tmdb_tv_show(7516, 2004, Dunkirk)</link>
    <thumbnail>https://image.tmdb.org/t/p/w1280//oOsoLHBluoRiFn3cgQ69lpRzTZY.jpg</thumbnail>
    <fanart>https://image.tmdb.org/t/p/w1280//xan4sEwykhB4yVl9aAK6yVzTyqJ.jpg</fanart>
</dir>
<item>
    <title>The First World War From Above</title>
    <meta>
        <imdb>tt1772381</imdb>
        <content>movie</content>
        <title>The First World War From Above</title>
        <year>2010</year>
    </meta>
    <link>
        <sublink>search</sublink>
        <sublink>searchsd</sublink>
    </link>
    <thumbnail>https://image.tmdb.org/t/p/w1280//7hPm94jFyrnzmEhrkuyXi3Xvwff.jpg</thumbnail>
    <fanart>https://image.tmdb.org/t/p/w1280//hgJqQ4I7yLORY51ronZdVCF94L3.jpg</fanart>
</item>
<item>
    <title>Five Broken Cameras</title>
    <meta>
        <imdb>tt2125423</imdb>
        <content>movie</content>
        <title>Five Broken Cameras</title>
        <year>2011</year>
    </meta>
    <link>
        <sublink>search</sublink>
        <sublink>searchsd</sublink>
    </link>
    <thumbnail>https://image.tmdb.org/t/p/w1280//v8anSPTQtDLo16HkWuITNgbYtQC.jpg</thumbnail>
    <fanart>https://image.tmdb.org/t/p/w1280//6cN5lXM6RHRY74MiNi0gJYPeJ3X.jpg</fanart>
</item>
<item>
    <title>The Fog of War</title>
    <meta>
        <imdb>tt0317910</imdb>
        <content>movie</content>
        <title>The Fog of War</title>
        <year>2003</year>
    </meta>
    <link>
        <sublink>search</sublink>
        <sublink>searchsd</sublink>
    </link>
    <thumbnail>https://image.tmdb.org/t/p/w1280//lvC97woqbzFbL6nS8v19LU8zfxh.jpg</thumbnail>
    <fanart>https://image.tmdb.org/t/p/w1280//5Jsgx8bQ5430kshplPqhX7CYqmc.jpg</fanart>
</item>
<dir>
    <title>Frontline</title>
    <meta>
        <imdb>tt0133302</imdb>
        <content>tvshow</content>
        <tvshowtitle>Frontline</tvshowtitle>
        <year>1983</year>
    </meta>
    <link>tmdb_tv_show(4384, 1983, Frontline)</link>
    <thumbnail>https://image.tmdb.org/t/p/w1280//xCjru9a0Rt8Dw8vVSn4BSgVZe9g.jpg</thumbnail>
    <fanart>https://image.tmdb.org/t/p/w1280//dDoO1nKuBUB3rjrR54grbQ5CvEG.jpg</fanart>
</dir>
<item>
    <title>The Gatekeepers</title>
    <meta>
        <imdb>tt2309788</imdb>
        <content>movie</content>
        <title>The Gatekeepers</title>
        <year>2012</year>
    </meta>
    <link>
        <sublink>search</sublink>
        <sublink>searchsd</sublink>
    </link>
    <thumbnail>https://image.tmdb.org/t/p/w1280//junetElXhICj6usprfPZ5TmwzIV.jpg</thumbnail>
    <fanart>https://image.tmdb.org/t/p/w1280//3nQc1RY2nwxp8ZHJdQSDxlzDPHi.jpg</fanart>
</item>
<item>
    <title>The Ground Truth</title>
    <meta>
        <imdb>tt0446345</imdb>
        <content>movie</content>
        <title>The Ground Truth</title>
        <year>2006</year>
    </meta>
    <link>
        <sublink>search</sublink>
        <sublink>searchsd</sublink>
    </link>
    <thumbnail>https://image.tmdb.org/t/p/w1280//t7PrQdZDKB5zgW5gG38N8RecEea.jpg</thumbnail>
    <fanart>https://image.tmdb.org/t/p/w1280//dwsWlzH9cDAFnsPLYMZq6UVkr9J.jpg</fanart>
</item>
<item>
    <title>Gunner Palace</title>
    <meta>
        <imdb>tt0424129</imdb>
        <content>movie</content>
        <title>Gunner Palace</title>
        <year>2004</year>
    </meta>
    <link>
        <sublink>search</sublink>
        <sublink>searchsd</sublink>
    </link>
    <thumbnail>https://image.tmdb.org/t/p/w1280//dV86DM9Hnq9esFzFbI2a6w2hcJD.jpg</thumbnail>
    <fanart>https://image.tmdb.org/t/p/w1280//esMV0bfl2FeCx5NLOJOqjZdCzMj.jpg</fanart>
</item>
<item>
    <title>Hearts and Minds</title>
    <meta>
        <imdb>tt0071604</imdb>
        <content>movie</content>
        <title>Hearts and Minds</title>
        <year>1974</year>
    </meta>
    <link>
        <sublink>search</sublink>
        <sublink>searchsd</sublink>
    </link>
    <thumbnail>https://image.tmdb.org/t/p/w1280//uOEqgM1Rw71QByBZoxOSwuAJTeO.jpg</thumbnail>
    <fanart>https://image.tmdb.org/t/p/w1280//yyCl2cQsMXo0TIXtnNuzleI5niN.jpg</fanart>
</item>
<item>
    <title>Hell and Back Again</title>
    <meta>
        <imdb>tt1748043</imdb>
        <content>movie</content>
        <title>Hell and Back Again</title>
        <year>2011</year>
    </meta>
    <link>
        <sublink>search</sublink>
        <sublink>searchsd</sublink>
    </link>
    <thumbnail>https://image.tmdb.org/t/p/w1280//9vQwdQWG1MGZyLuXOsndVy0AaCH.jpg</thumbnail>
    <fanart>https://image.tmdb.org/t/p/w1280//3270U9Ka9rmEFOGtRPXvi3QzXcD.jpg</fanart>
</item>
<item>
    <title>Hondros</title>
    <meta>
        <imdb>tt3468316</imdb>
        <content>movie</content>
        <title>Hondros</title>
        <year>2017</year>
    </meta>
    <link>
        <sublink>search</sublink>
        <sublink>searchsd</sublink>
    </link>
    <thumbnail>https://image.tmdb.org/t/p/w1280//iRFWJspf2ooorR8Jno9ymycpCw8.jpg</thumbnail>
    <fanart>https://image.tmdb.org/t/p/w1280//7xqX7w755eob2EKHSzLh6iZUjPz.jpg</fanart>
</item>
<item>
    <title>Honor Flight</title>
    <meta>
        <imdb>tt2329758</imdb>
        <content>movie</content>
        <title>Honor Flight</title>
        <year>2012</year>
    </meta>
    <link>
        <sublink>search</sublink>
        <sublink>searchsd</sublink>
    </link>
    <thumbnail>https://image.tmdb.org/t/p/w1280//89TJELWQROHkDJa5arNV5vLxV5S.jpg</thumbnail>
    <fanart/>
</item>
<item>
    <title>The Hornet's Nest</title>
    <meta>
        <imdb>tt2611026</imdb>
        <content>movie</content>
        <title>The Hornet's Nest</title>
        <year>2014</year>
    </meta>
    <link>
        <sublink>search</sublink>
        <sublink>searchsd</sublink>
    </link>
    <thumbnail>https://image.tmdb.org/t/p/w1280//dP3cgGgTBMUKiCG2931VxERAsWy.jpg</thumbnail>
    <fanart>https://image.tmdb.org/t/p/w1280//3apkQ4EsibVtQhmR7l47NHdQRC1.jpg</fanart>
</item>
<item>
    <title>The Hunt For Bin Laden</title>
    <meta>
        <imdb>tt2359365</imdb>
        <content>movie</content>
        <title>The Hunt For Bin Laden</title>
        <year/>
    </meta>
    <link>
        <sublink>search</sublink>
        <sublink>searchsd</sublink>
    </link>
    <thumbnail>https://image.tmdb.org/t/p/w1280//bHShmrMOXfpogUSEb760gnBboxw.jpg</thumbnail>
    <fanart/>
</item>
<item>
    <title>In the Year of the Pig</title>
    <meta>
        <imdb>tt0064482</imdb>
        <content>movie</content>
        <title>In the Year of the Pig</title>
        <year>1969</year>
    </meta>
    <link>
        <sublink>search</sublink>
        <sublink>searchsd</sublink>
    </link>
    <thumbnail>https://image.tmdb.org/t/p/w1280//p7EOYrcYft30UW9GXWK24tqkg0T.jpg</thumbnail>
    <fanart>https://image.tmdb.org/t/p/w1280//aqjOunI6qAe1Y6hffVI3DpTuTcg.jpg</fanart>
</item>
<dir>
    <title>Inside World War II</title>
    <meta>
        <imdb>None</imdb>
        <content>tvshow</content>
        <tvshowtitle>Inside World War II</tvshowtitle>
        <year>2015</year>
    </meta>
    <link>tmdb_tv_show(65370, 2015, Inside World War II)</link>
    <thumbnail>https://image.tmdb.org/t/p/w1280//2MptyJnkpjtxMhufoAjpUENfeSz.jpg</thumbnail>
    <fanart/>
</dir>
<item>
    <title>The Invisible War</title>
    <meta>
        <imdb>tt2120152</imdb>
        <content>movie</content>
        <title>The Invisible War</title>
        <year>2012</year>
    </meta>
    <link>
        <sublink>search</sublink>
        <sublink>searchsd</sublink>
    </link>
    <thumbnail>https://image.tmdb.org/t/p/w1280//ph9Lo3pMNmTXFQa9wZVdCKL2tRe.jpg</thumbnail>
    <fanart>https://image.tmdb.org/t/p/w1280//2GnYQgDfCI2uRb7Nytwnkayi6s7.jpg</fanart>
</item>
<item>
    <title>Iran Is Not the Problem</title>
    <meta>
        <imdb>tt1378702</imdb>
        <content>movie</content>
        <title>Iran Is Not the Problem</title>
        <year>2008</year>
    </meta>
    <link>
        <sublink>search</sublink>
        <sublink>searchsd</sublink>
    </link>
    <thumbnail>https://image.tmdb.org/t/p/w1280//u9npCJKTnpRxqOsJvYE94n3qIFz.jpg</thumbnail>
    <fanart>https://image.tmdb.org/t/p/w1280//3eS3RJHg2f7RR1RQjLcnWKwJNOy.jpg</fanart>
</item>
<item>
    <title>Iraq for Sale: The War Profiteers</title>
    <meta>
        <imdb>tt0815181</imdb>
        <content>movie</content>
        <title>Iraq for Sale: The War Profiteers</title>
        <year>2006</year>
    </meta>
    <link>
        <sublink>search</sublink>
        <sublink>searchsd</sublink>
    </link>
    <thumbnail>https://image.tmdb.org/t/p/w1280//t4gyeCWnBsTimm1ZzeWrQxK2MlA.jpg</thumbnail>
    <fanart>https://image.tmdb.org/t/p/w1280//uvDYzjLIJmajTCRuepo3W6fXoFj.jpg</fanart>
</item>
<item>
    <title>Japan's War In Colour</title>
    <meta>
        <imdb>tt0939626</imdb>
        <content>movie</content>
        <title>Japan's War In Colour</title>
        <year>2003</year>
    </meta>
    <link>
        <sublink>search</sublink>
        <sublink>searchsd</sublink>
    </link>
    <thumbnail>https://image.tmdb.org/t/p/w1280//lhQKhomgT2Pjuay2AmcK1OIzMzF.jpg</thumbnail>
    <fanart>https://image.tmdb.org/t/p/w1280//rUO7TJ4RsmSEfEnlv3AJmt6M2rn.jpg</fanart>
</item>
<item>
    <title>Korengal</title>
    <meta>
        <imdb>tt3578504</imdb>
        <content>movie</content>
        <title>Korengal</title>
        <year>2014</year>
    </meta>
    <link>
        <sublink>search</sublink>
        <sublink>searchsd</sublink>
    </link>
    <thumbnail>https://image.tmdb.org/t/p/w1280//2lIrVpHwx1xFttX3GOdiLm8HXkj.jpg</thumbnail>
    <fanart>https://image.tmdb.org/t/p/w1280//7I62hyHJlDEq0csseZR4ySw6TLx.jpg</fanart>
</item>
<item>
    <title>Last Days in Vietnam</title>
    <meta>
        <imdb>tt3279124</imdb>
        <content>movie</content>
        <title>Last Days in Vietnam</title>
        <year>2014</year>
    </meta>
    <link>
        <sublink>search</sublink>
        <sublink>searchsd</sublink>
    </link>
    <thumbnail>https://image.tmdb.org/t/p/w1280//vy6LGHpwOVULVOqTLnJyZIbiDDi.jpg</thumbnail>
    <fanart>https://image.tmdb.org/t/p/w1280//ocpHsAvYKioVyrS29DNjV5hqVa0.jpg</fanart>
</item>
<item>
    <title>Last Men in Aleppo</title>
    <meta>
        <imdb>tt6333074</imdb>
        <content>movie</content>
        <title>Last Men in Aleppo</title>
        <year>2017</year>
    </meta>
    <link>
        <sublink>search</sublink>
        <sublink>searchsd</sublink>
    </link>
    <thumbnail>https://image.tmdb.org/t/p/w1280//xOo2lJ3HjpTDeJXhXkbZQH3yScD.jpg</thumbnail>
    <fanart>https://image.tmdb.org/t/p/w1280//m0OJ1YFFa7vQboG9rZbfbH8UhD7.jpg</fanart>
</item>
<item>
    <title>Legion of Brothers</title>
    <meta>
        <imdb>tt6333088</imdb>
        <content>movie</content>
        <title>Legion of Brothers</title>
        <year>2017</year>
    </meta>
    <link>
        <sublink>search</sublink>
        <sublink>searchsd</sublink>
    </link>
    <thumbnail>https://image.tmdb.org/t/p/w1280//lL0eRfKzUhOnEVMRS7APPNAcsfD.jpg</thumbnail>
    <fanart>https://image.tmdb.org/t/p/w1280//3g9qyPIqStFn9VOADZk0ekE95FA.jpg</fanart>
</item>
<item>
    <title>Lessons of Darkness</title>
    <meta>
        <imdb>tt0104706</imdb>
        <content>movie</content>
        <title>Lessons of Darkness</title>
        <year>1992</year>
    </meta>
    <link>
        <sublink>search</sublink>
        <sublink>searchsd</sublink>
    </link>
    <thumbnail>https://image.tmdb.org/t/p/w1280//koRhiqRBR8yqfr0vATc6UGWDb3q.jpg</thumbnail>
    <fanart>https://image.tmdb.org/t/p/w1280//9zLmvxx06KSKiUzhyXcgAVOAAs2.jpg</fanart>
</item>
<item>
    <title>Let There Be Light</title>
    <meta>
        <imdb>tt0038687</imdb>
        <content>movie</content>
        <title>Let There Be Light</title>
        <year>1946</year>
    </meta>
    <link>
        <sublink>search</sublink>
        <sublink>searchsd</sublink>
    </link>
    <thumbnail>https://image.tmdb.org/t/p/w1280//wgcAMb5BLKFANzTDfKwnxeH1kYA.jpg</thumbnail>
    <fanart>https://image.tmdb.org/t/p/w1280//dJxxKv6eGBNRGVGlMEuO3J8EoNC.jpg</fanart>
</item>
<item>
    <title>Little Dieter Needs to Fly</title>
    <meta>
        <imdb>tt0145046</imdb>
        <content>movie</content>
        <title>Little Dieter Needs to Fly</title>
        <year>1997</year>
    </meta>
    <link>
        <sublink>search</sublink>
        <sublink>searchsd</sublink>
    </link>
    <thumbnail>https://image.tmdb.org/t/p/w1280//2sLpyYytu0Dbymzs3skxOCRHKkl.jpg</thumbnail>
    <fanart>https://image.tmdb.org/t/p/w1280//3AoRqACwhEA8If6SyYoMBfsPs8W.jpg</fanart>
</item>
<item>
    <title>Far from Vietnam</title>
    <meta>
        <imdb>tt0061913</imdb>
        <content>movie</content>
        <title>Far from Vietnam</title>
        <year>1967</year>
    </meta>
    <link>
        <sublink>search</sublink>
        <sublink>searchsd</sublink>
    </link>
    <thumbnail>https://image.tmdb.org/t/p/w1280//fwMPDjZKim3BQFomQfPcywwEwOp.jpg</thumbnail>
    <fanart/>
</item>
<item>
    <title>Loose Change 9/11: An American Coup</title>
    <meta>
        <imdb>tt1394268</imdb>
        <content>movie</content>
        <title>Loose Change 9/11: An American Coup</title>
        <year>2009</year>
    </meta>
    <link>
        <sublink>search</sublink>
        <sublink>searchsd</sublink>
    </link>
    <thumbnail>https://image.tmdb.org/t/p/w1280//iFkPFxOhCnOJvyf2Y83Um3LlPrX.jpg</thumbnail>
    <fanart>https://image.tmdb.org/t/p/w1280//9B8kY7RmHC1NUKLGCuGYNZhy7lt.jpg</fanart>
</item>
<item>
    <title>McCullin</title>
    <meta>
        <imdb>tt2354205</imdb>
        <content>movie</content>
        <title>McCullin</title>
        <year>2012</year>
    </meta>
    <link>
        <sublink>search</sublink>
        <sublink>searchsd</sublink>
    </link>
    <thumbnail>https://image.tmdb.org/t/p/w1280//nVAQBhmkJuXpbgsE7KWwJ7dAAA3.jpg</thumbnail>
    <fanart>https://image.tmdb.org/t/p/w1280//aDv8SSlJ56zN5FREi5nt4VSaTsx.jpg</fanart>
</item>
<item>
    <title>The Memphis Belle: A Story of a Flying Fortress</title>
    <meta>
        <imdb>tt0036152</imdb>
        <content>movie</content>
        <title>The Memphis Belle: A Story of a Flying Fortress</title>
        <year>1944</year>
    </meta>
    <link>
        <sublink>search</sublink>
        <sublink>searchsd</sublink>
    </link>
    <thumbnail>https://image.tmdb.org/t/p/w1280//tR3PnmXh8UrSdCPIWYIO1uce54Y.jpg</thumbnail>
    <fanart>https://image.tmdb.org/t/p/w1280//idoJ813RQzuRtGPidC0ZhTs8h3f.jpg</fanart>
</item>
<item>
    <title>Navy SEALs: Their Untold Story</title>
    <meta>
        <imdb>tt4195336</imdb>
        <content>movie</content>
        <title>Navy SEALs: Their Untold Story</title>
        <year>2014</year>
    </meta>
    <link>
        <sublink>search</sublink>
        <sublink>searchsd</sublink>
    </link>
    <thumbnail>https://image.tmdb.org/t/p/w1280//oB5k9rmx52XefQ0BT0QGP5OxU73.jpg</thumbnail>
    <fanart>https://image.tmdb.org/t/p/w1280//uwwh9VYWj40mJhrYaqLrZkLEjMe.jpg</fanart>
</item>
<item>
    <title>Night Will Fall</title>
    <meta>
        <imdb>tt3455822</imdb>
        <content>movie</content>
        <title>Night Will Fall</title>
        <year>2014</year>
    </meta>
    <link>
        <sublink>search</sublink>
        <sublink>searchsd</sublink>
    </link>
    <thumbnail>https://image.tmdb.org/t/p/w1280//2RMyh4qOQJEZKaPaywoWn4pnbCg.jpg</thumbnail>
    <fanart>https://image.tmdb.org/t/p/w1280//moaYWzGwVX03ybAsAP6a5pPmpNH.jpg</fanart>
</item>
<item>
    <title>No End in Sight</title>
    <meta>
        <imdb>tt0912593</imdb>
        <content>movie</content>
        <title>No End in Sight</title>
        <year>2007</year>
    </meta>
    <link>
        <sublink>search</sublink>
        <sublink>searchsd</sublink>
    </link>
    <thumbnail>https://image.tmdb.org/t/p/w1280//bLUDAyc3VyK2tKYaJHfN8BjJI1H.jpg</thumbnail>
    <fanart>https://image.tmdb.org/t/p/w1280//pCTqUaQE0OFnhwAARXzMcQHHkB5.jpg</fanart>
</item>
<item>
    <title>Not a War Story</title>
    <meta>
        <imdb>tt5472614</imdb>
        <content>movie</content>
        <title>Not a War Story</title>
        <year>2017</year>
    </meta>
    <link>
        <sublink>search</sublink>
        <sublink>searchsd</sublink>
    </link>
    <thumbnail>https://image.tmdb.org/t/p/w1280//4TmMnXH3zTt8tvb7W5c0H4DdnNi.jpg</thumbnail>
    <fanart/>
</item>
<item>
    <title>Night and Fog</title>
    <meta>
        <imdb>tt0048434</imdb>
        <content>movie</content>
        <title>Night and Fog</title>
        <year>1955</year>
    </meta>
    <link>
        <sublink>search</sublink>
        <sublink>searchsd</sublink>
    </link>
    <thumbnail>https://image.tmdb.org/t/p/w1280//xJc21xCemQirc1rHOJ8QLpUj1jA.jpg</thumbnail>
    <fanart>https://image.tmdb.org/t/p/w1280//plINQ1WJvnhjlxS5GUGCGKqZrMz.jpg</fanart>
</item>
<item>
    <title>Occupation 101</title>
    <meta>
        <imdb>tt0807956</imdb>
        <content>movie</content>
        <title>Occupation 101</title>
        <year>2006</year>
    </meta>
    <link>
        <sublink>search</sublink>
        <sublink>searchsd</sublink>
    </link>
    <thumbnail>https://image.tmdb.org/t/p/w1280//qGtamNzyC5f5pGMvJWnTmPaU5ez.jpg</thumbnail>
    <fanart>https://image.tmdb.org/t/p/w1280//i8JSCHOEg03TY6IfekNVsXgfGF.jpg</fanart>
</item>
<item>
    <title>Occupation: Dreamland</title>
    <meta>
        <imdb>tt0452659</imdb>
        <content>movie</content>
        <title>Occupation: Dreamland</title>
        <year>2005</year>
    </meta>
    <link>
        <sublink>search</sublink>
        <sublink>searchsd</sublink>
    </link>
    <thumbnail>https://image.tmdb.org/t/p/w1280//hvV3JwpSQEtnKXDCxIt2bKHg45n.jpg</thumbnail>
    <fanart>https://image.tmdb.org/t/p/w1280//vPu5cl4BibVJSHxUidbbr9hEGRE.jpg</fanart>
</item>
<item>
    <title>The Oil Factor: Behind the War on Terror</title>
    <meta>
        <imdb>tt0435710</imdb>
        <content>movie</content>
        <title>The Oil Factor: Behind the War on Terror</title>
        <year>2005</year>
    </meta>
    <link>
        <sublink>search</sublink>
        <sublink>searchsd</sublink>
    </link>
    <thumbnail>https://image.tmdb.org/t/p/w1280//htVE0LGQcB3hgnchMlo6zULpT47.jpg</thumbnail>
    <fanart>https://image.tmdb.org/t/p/w1280//qmCpsPv3o0ceVXPwjxgFo4VjJhK.jpg</fanart>
</item>
<item>
    <title>Only the Dead See The End of War</title>
    <meta>
        <imdb>tt3587396</imdb>
        <content>movie</content>
        <title>Only the Dead See The End of War</title>
        <year>2015</year>
    </meta>
    <link>
        <sublink>search</sublink>
        <sublink>searchsd</sublink>
    </link>
    <thumbnail>https://image.tmdb.org/t/p/w1280//ozqfofwYfzjh5AneTArpr68yuX4.jpg</thumbnail>
    <fanart>https://image.tmdb.org/t/p/w1280//r836zd6UeByOmbz2LGlBmqX6ulf.jpg</fanart>
</item>
<dir>
    <title>Our War</title>
    <meta>
        <imdb>tt2002096</imdb>
        <content>tvshow</content>
        <tvshowtitle>Our War</tvshowtitle>
        <year>2011</year>
    </meta>
    <link>tmdb_tv_show(47365, 2011, Our War)</link>
    <thumbnail>https://image.tmdb.org/t/p/w1280//yYExrkfIIZdstgPzmc5Wk0fOtbc.jpg</thumbnail>
    <fanart>https://image.tmdb.org/t/p/w1280//21lKw0rj6aFJ53KNJxaRcl0NPdV.jpg</fanart>
</dir>
<item>
    <title>Peace, Propaganda & the Promised Land</title>
    <meta>
        <imdb>tt0428959</imdb>
        <content>movie</content>
        <title>Peace, Propaganda & the Promised Land</title>
        <year>2005</year>
    </meta>
    <link>
        <sublink>search</sublink>
        <sublink>searchsd</sublink>
    </link>
    <thumbnail>https://image.tmdb.org/t/p/w1280//uLOBetBfaJ6zZSAnbQt13a2sGyr.jpg</thumbnail>
    <fanart>https://image.tmdb.org/t/p/w1280//fTIYrhNF7G3RIwxhhDqG9wd3twY.jpg</fanart>
</item>
<item>
    <title>Radio Bikini</title>
    <meta>
        <imdb>tt0093817</imdb>
        <content>movie</content>
        <title>Radio Bikini</title>
        <year>1988</year>
    </meta>
    <link>
        <sublink>search</sublink>
        <sublink>searchsd</sublink>
    </link>
    <thumbnail>https://image.tmdb.org/t/p/w1280//vYGBY5ynZn7vlsVcTKds4zGfdR9.jpg</thumbnail>
    <fanart/>
</item>
<item>
    <title>The Rape of Europa</title>
    <meta>
        <imdb>tt0997088</imdb>
        <content>movie</content>
        <title>The Rape of Europa</title>
        <year>2006</year>
    </meta>
    <link>
        <sublink>search</sublink>
        <sublink>searchsd</sublink>
    </link>
    <thumbnail>https://image.tmdb.org/t/p/w1280//8fzUE7GieCSwBvJFZdFQElLJGx7.jpg</thumbnail>
    <fanart>https://image.tmdb.org/t/p/w1280//nMI1k81TcRW6g9iVKaSWMSIbQim.jpg</fanart>
</item>
<item>
    <title>Religulous</title>
    <meta>
        <imdb>tt0815241</imdb>
        <content>movie</content>
        <title>Religulous</title>
        <year>2008</year>
    </meta>
    <link>
        <sublink>search</sublink>
        <sublink>searchsd</sublink>
    </link>
    <thumbnail>https://image.tmdb.org/t/p/w1280//go7QqWheQdcJVzfFIEkxcecW0BQ.jpg</thumbnail>
    <fanart>https://image.tmdb.org/t/p/w1280//j9gn5IfNvI6EoIx0r9OXjSleru2.jpg</fanart>
</item>
<item>
    <title>Restrepo</title>
    <meta>
        <imdb>tt1559549</imdb>
        <content>movie</content>
        <title>Restrepo</title>
        <year>2010</year>
    </meta>
    <link>
        <sublink>search</sublink>
        <sublink>searchsd</sublink>
    </link>
    <thumbnail>https://image.tmdb.org/t/p/w1280//870h3Ja0XlPGYmvNMrUD260RwbJ.jpg</thumbnail>
    <fanart>https://image.tmdb.org/t/p/w1280//tED08RIEfQBC2g8xGhpaYwIkQXM.jpg</fanart>
</item>
<item>
    <title>The Road to Guantanamo</title>
    <meta>
        <imdb>tt0468094</imdb>
        <content>movie</content>
        <title>The Road to Guantanamo</title>
        <year>2006</year>
    </meta>
    <link>
        <sublink>search</sublink>
        <sublink>searchsd</sublink>
    </link>
    <thumbnail>https://image.tmdb.org/t/p/w1280//2ttqAXqS1kUGMLg7itTQ1jVCU6M.jpg</thumbnail>
    <fanart>https://image.tmdb.org/t/p/w1280//304KXB2LUxy0nZGHtLWGRDxvQO9.jpg</fanart>
</item>
<item>
    <title>The Russian Woodpecker</title>
    <meta>
        <imdb>tt4082596</imdb>
        <content>movie</content>
        <title>The Russian Woodpecker</title>
        <year>2015</year>
    </meta>
    <link>
        <sublink>search</sublink>
        <sublink>searchsd</sublink>
    </link>
    <thumbnail>https://image.tmdb.org/t/p/w1280//wtL2L7NDijFUZBLVjUIynHbRZtq.jpg</thumbnail>
    <fanart>https://image.tmdb.org/t/p/w1280//tM38ZjMhsa2JpNTnhHdWmdtqenj.jpg</fanart>
</item>
<item>
    <title>Severe Clear</title>
    <meta>
        <imdb>tt0494826</imdb>
        <content>movie</content>
        <title>Severe Clear</title>
        <year>2010</year>
    </meta>
    <link>
        <sublink>search</sublink>
        <sublink>searchsd</sublink>
    </link>
    <thumbnail>https://image.tmdb.org/t/p/w1280//n46pT6KpWhSomhYJvht1ybq2i8S.jpg</thumbnail>
    <fanart>https://image.tmdb.org/t/p/w1280//oaeVSBOioM1ICQsGkKGWHZLz60D.jpg</fanart>
</item>
<item>
    <title>Shadow Company</title>
    <meta>
        <imdb>tt0762133</imdb>
        <content>movie</content>
        <title>Shadow Company</title>
        <year>2006</year>
    </meta>
    <link>
        <sublink>search</sublink>
        <sublink>searchsd</sublink>
    </link>
    <thumbnail>https://image.tmdb.org/t/p/w1280//t3axHHb3ouG0hrRMa6NfUqgLvdX.jpg</thumbnail>
    <fanart>https://image.tmdb.org/t/p/w1280//vIhStERIRER4ox0mDjHw61iMqRX.jpg</fanart>
</item>
<item>
    <title>Shoah</title>
    <meta>
        <imdb>tt0090015</imdb>
        <content>movie</content>
        <title>Shoah</title>
        <year>1985</year>
    </meta>
    <link>
        <sublink>search</sublink>
        <sublink>searchsd</sublink>
    </link>
    <thumbnail>https://image.tmdb.org/t/p/w1280//hWlNBFnhvAx2nu1xmRrjLLsa2JW.jpg</thumbnail>
    <fanart>https://image.tmdb.org/t/p/w1280//weHp8DdMLw8vSJgafGfOLdD5mtw.jpg</fanart>
</item>
<item>
    <title>Shooting War</title>
    <meta>
        <imdb>tt0250730</imdb>
        <content>movie</content>
        <title>Shooting War</title>
        <year>2000</year>
    </meta>
    <link>
        <sublink>search</sublink>
        <sublink>searchsd</sublink>
    </link>
    <thumbnail>https://image.tmdb.org/t/p/w1280//4CwBCwswRShW8IeeFd8etV5h2IC.jpg</thumbnail>
    <fanart/>
</item>
<item>
    <title>Sir! No Sir!</title>
    <meta>
        <imdb>tt0469589</imdb>
        <content>movie</content>
        <title>Sir! No Sir!</title>
        <year>2005</year>
    </meta>
    <link>
        <sublink>search</sublink>
        <sublink>searchsd</sublink>
    </link>
    <thumbnail>https://image.tmdb.org/t/p/w1280//qm9xRtdpNDYlnT1W1cq7OEEVAZI.jpg</thumbnail>
    <fanart>https://image.tmdb.org/t/p/w1280//u6o1LBFWGjX7rapySBh2lSsgeKB.jpg</fanart>
</item>
<item>
    <title>Stalingrad</title>
    <meta>
        <imdb>tt0108211</imdb>
        <content>movie</content>
        <title>Stalingrad</title>
        <year>1993</year>
    </meta>
    <link>
        <sublink>search</sublink>
        <sublink>searchsd</sublink>
    </link>
    <thumbnail>https://image.tmdb.org/t/p/w1280//hmk6RDLpScF7lpHYRuJvwRSug18.jpg</thumbnail>
    <fanart>https://image.tmdb.org/t/p/w1280//aR7CYaB6h6rioF9SdBOsU4jDr7G.jpg</fanart>
</item>
<item>
    <title>Standard Operating Procedure</title>
    <meta>
        <imdb>tt0896866</imdb>
        <content>movie</content>
        <title>Standard Operating Procedure</title>
        <year>2008</year>
    </meta>
    <link>
        <sublink>search</sublink>
        <sublink>searchsd</sublink>
    </link>
    <thumbnail>https://image.tmdb.org/t/p/w1280//A8uczFmLlaGIRuzK6GyNi92gZEH.jpg</thumbnail>
    <fanart>https://image.tmdb.org/t/p/w1280//a3J0GvuCf9LZAxzxZ6dLVmS8pIN.jpg</fanart>
</item>
<item>
    <title>Taxi to the Dark Side</title>
    <meta>
        <imdb>tt0854678</imdb>
        <content>movie</content>
        <title>Taxi to the Dark Side</title>
        <year>2007</year>
    </meta>
    <link>
        <sublink>search</sublink>
        <sublink>searchsd</sublink>
    </link>
    <thumbnail>https://image.tmdb.org/t/p/w1280//eLQFYlqsabcnjpviSAj4YkGYNEb.jpg</thumbnail>
    <fanart>https://image.tmdb.org/t/p/w1280//nZkgoHfPSYptEi4muS0oCHvLtsC.jpg</fanart>
</item>
<item>
    <title>Tell Spring Not to Come This Year</title>
    <meta>
        <imdb>tt4176750</imdb>
        <content>movie</content>
        <title>Tell Spring Not to Come This Year</title>
        <year>2015</year>
    </meta>
    <link>
        <sublink>search</sublink>
        <sublink>searchsd</sublink>
    </link>
    <thumbnail>https://image.tmdb.org/t/p/w1280//k04kHvBw6QaYVjB4wylTPmiLHqz.jpg</thumbnail>
    <fanart>https://image.tmdb.org/t/p/w1280//wMLe7rOtc0qVe90MB2jbGCFvhMa.jpg</fanart>
</item>
<item>
    <title>The Tillman Story</title>
    <meta>
        <imdb>tt1568334</imdb>
        <content>movie</content>
        <title>The Tillman Story</title>
        <year>2010</year>
    </meta>
    <link>
        <sublink>search</sublink>
        <sublink>searchsd</sublink>
    </link>
    <thumbnail>https://image.tmdb.org/t/p/w1280//lHJOUFlDSeLSZxIPy4kMReddbfC.jpg</thumbnail>
    <fanart>https://image.tmdb.org/t/p/w1280//u3D9v9yXYYeV9aVt6zBKG3kWuPA.jpg</fanart>
</item>
<item>
    <title>Triumph of the Will</title>
    <meta>
        <imdb>tt0025913</imdb>
        <content>movie</content>
        <title>Triumph of the Will</title>
        <year>1935</year>
    </meta>
    <link>
        <sublink>search</sublink>
        <sublink>searchsd</sublink>
    </link>
    <thumbnail>https://image.tmdb.org/t/p/w1280//uoOTQLnW6NRzjC2efJQRr6WMbum.jpg</thumbnail>
    <fanart>https://image.tmdb.org/t/p/w1280//dTULztzAzaRLsvlxgbvLLekh43M.jpg</fanart>
</item>
<item>
    <title>The True Story of Black Hawk Down</title>
    <meta>
        <imdb>tt0372579</imdb>
        <content>movie</content>
        <title>The True Story of Black Hawk Down</title>
        <year>2003</year>
    </meta>
    <link>
        <sublink>search</sublink>
        <sublink>searchsd</sublink>
    </link>
    <thumbnail>https://image.tmdb.org/t/p/w1280//1lYBwHZgHuJvHWnWnVzExDEC0a.jpg</thumbnail>
    <fanart>https://image.tmdb.org/t/p/w1280//eOr8SZqlrkpAdFhb7gyFqfnkbwt.jpg</fanart>
</item>
<item>
    <title>Two Days in October</title>
    <meta>
        <imdb>tt0769832</imdb>
        <content>movie</content>
        <title>Two Days in October</title>
        <year>2005</year>
    </meta>
    <link>
        <sublink>search</sublink>
        <sublink>searchsd</sublink>
    </link>
    <thumbnail>https://image.tmdb.org/t/p/w1280//1bbXL6ooNyDWufbdDQYslG1eB74.jpg</thumbnail>
    <fanart/>
</item>
<item>
    <title>Uncovered: The War on Iraq</title>
    <meta>
        <imdb>tt0420286</imdb>
        <content>movie</content>
        <title>Uncovered: The War on Iraq</title>
        <year>2004</year>
    </meta>
    <link>
        <sublink>search</sublink>
        <sublink>searchsd</sublink>
    </link>
    <thumbnail>https://image.tmdb.org/t/p/w1280//62jbGu6M6aVe2MH10jItfBjABV0.jpg</thumbnail>
    <fanart>https://image.tmdb.org/t/p/w1280//iVTEIBT5i2JZj60szjqb55XHCvF.jpg</fanart>
</item>
<item>
    <title>Underfire: The Untold Story of Pfc. Tony Vaccaro</title>
    <meta>
        <imdb>tt5254612</imdb>
        <content>movie</content>
        <title>Underfire: The Untold Story of Pfc. Tony Vaccaro</title>
        <year>2016</year>
    </meta>
    <link>
        <sublink>search</sublink>
        <sublink>searchsd</sublink>
    </link>
    <thumbnail>https://image.tmdb.org/t/p/w1280//ddWJVPNKtfnrAVJsJgFnBMgbY6V.jpg</thumbnail>
    <fanart/>
</item>
<item>
    <title>The Unknown Known</title>
    <meta>
        <imdb>tt2390962</imdb>
        <content>movie</content>
        <title>The Unknown Known</title>
        <year>2013</year>
    </meta>
    <link>
        <sublink>search</sublink>
        <sublink>searchsd</sublink>
    </link>
    <thumbnail>https://image.tmdb.org/t/p/w1280//rWp4cvZpzgerjLJ2jlx26WG5Jkv.jpg</thumbnail>
    <fanart>https://image.tmdb.org/t/p/w1280//zWxycZnX8qaCJIoEQ21mTfJELp9.jpg</fanart>
</item>
<item>
    <title>Unsung Heroes: The Story of America's Female Patriots</title>
    <meta>
        <imdb>tt2905386</imdb>
        <content>movie</content>
        <title>Unsung Heroes: The Story of America's Female Patriots</title>
        <year>2014</year>
    </meta>
    <link>
        <sublink>search</sublink>
        <sublink>searchsd</sublink>
    </link>
    <thumbnail>https://image.tmdb.org/t/p/w1280//rPnJ5YSJ6ztTrxjfpT5XSypcxd5.jpg</thumbnail>
    <fanart>https://image.tmdb.org/t/p/w1280//l0VcDIHK5EdVzLTIY4zx6XZeGUP.jpg</fanart>
</item>
<dir>
    <title>The Vietnam War</title>
    <meta>
        <imdb>tt1877514</imdb>
        <content>tvshow</content>
        <tvshowtitle>The Vietnam War</tvshowtitle>
        <year>2017</year>
    </meta>
    <link>tmdb_tv_show(46434, 2017, The Vietnam War)</link>
    <thumbnail>https://image.tmdb.org/t/p/w1280//tKt4lYTA4YmfBUH5Vtd7qqgqGBW.jpg</thumbnail>
    <fanart>https://image.tmdb.org/t/p/w1280//xxxcjcIoK4OuVjchnnpUuSSE8Ks.jpg</fanart>
</dir>
<dir>
    <title>Vietnam in HD</title>
    <meta>
        <imdb>None</imdb>
        <content>tvshow</content>
        <tvshowtitle>Vietnam in HD</tvshowtitle>
        <year>2011</year>
    </meta>
    <link>tmdb_tv_show(42799, 2011, Vietnam in HD)</link>
    <thumbnail>https://image.tmdb.org/t/p/w1280//ylJH8Jx9aXBbmfw5IVPzDsTwz19.jpg</thumbnail>
    <fanart>https://image.tmdb.org/t/p/w1280//yOT13krrZ5cfINVbLUroMcfwz7C.jpg</fanart>
</dir>
<item>
    <title>Vietnam: A Television History</title>
    <meta>
        <imdb>tt0185129</imdb>
        <content>movie</content>
        <title>Vietnam: A Television History</title>
        <year>1983</year>
    </meta>
    <link>
        <sublink>search</sublink>
        <sublink>searchsd</sublink>
    </link>
    <thumbnail>https://image.tmdb.org/t/p/w1280//zJfy2DYVTrZVaW1MgwpTqjm6tG9.jpg</thumbnail>
    <fanart/>
</item>
<item>
    <title>Vietnam: American Holocaust</title>
    <meta>
        <imdb>tt1393024</imdb>
        <content>movie</content>
        <title>Vietnam: American Holocaust</title>
        <year>2008</year>
    </meta>
    <link>
        <sublink>search</sublink>
        <sublink>searchsd</sublink>
    </link>
    <thumbnail>https://image.tmdb.org/t/p/w1280//s336UusKKfSwpXsbGnKtVotwPTv.jpg</thumbnail>
    <fanart/>
</item>
<dir>
    <title>Vietnam: The Ten Thousand Day War</title>
    <meta>
        <imdb>tt0174323</imdb>
        <content>tvshow</content>
        <tvshowtitle>Vietnam: The Ten Thousand Day War</tvshowtitle>
        <year>1980</year>
    </meta>
    <link>tmdb_tv_show(14644, 1980, Vietnam: The Ten Thousand Day War)</link>
    <thumbnail>https://image.tmdb.org/t/p/w1280//4DerPYTNdR89vkso8sXj0zOPu3q.jpg</thumbnail>
    <fanart>https://image.tmdb.org/t/p/w1280//mjC6j9C4Vg1XfYzLdgtFdQCuIiF.jpg</fanart>
</dir>
<item>
    <title>Virunga</title>
    <meta>
        <imdb>tt3455224</imdb>
        <content>movie</content>
        <title>Virunga</title>
        <year>2014</year>
    </meta>
    <link>
        <sublink>search</sublink>
        <sublink>searchsd</sublink>
    </link>
    <thumbnail>https://image.tmdb.org/t/p/w1280//z07PstlTwlKawpqSYME2sIIzqVq.jpg</thumbnail>
    <fanart>https://image.tmdb.org/t/p/w1280//p8Gx1ZHPp3PjFnX48MjQgdvwYPv.jpg</fanart>
</item>
<dir>
    <title>WWII in HD</title>
    <meta>
        <imdb>tt1489097</imdb>
        <content>tvshow</content>
        <tvshowtitle>WWII in HD</tvshowtitle>
        <year>2009</year>
    </meta>
    <link>tmdb_tv_show(32236, 2009, WWII in HD)</link>
    <thumbnail>https://image.tmdb.org/t/p/w1280//2kPdpFEF3YEw3AteIXLgJInu4QE.jpg</thumbnail>
    <fanart>https://image.tmdb.org/t/p/w1280//eE3mNvH0xaajzYPIHd0DL0nKWeh.jpg</fanart>
</dir>
<item>
    <title>The War Game</title>
    <meta>
        <imdb>tt0059894</imdb>
        <content>movie</content>
        <title>The War Game</title>
        <year>1965</year>
    </meta>
    <link>
        <sublink>search</sublink>
        <sublink>searchsd</sublink>
    </link>
    <thumbnail>https://image.tmdb.org/t/p/w1280//pjDA4DDG9YB2Pu8kxuD5jdUyO62.jpg</thumbnail>
    <fanart>https://image.tmdb.org/t/p/w1280//bBo044P074JgDozq1tGoM7j25cC.jpg</fanart>
</item>
<item>
    <title>War Made Easy: How Presidents & Pundits Keep Spinning Us to Death</title>
    <meta>
        <imdb>tt1015246</imdb>
        <content>movie</content>
        <title>War Made Easy: How Presidents & Pundits Keep Spinning Us to Death</title>
        <year>2007</year>
    </meta>
    <link>
        <sublink>search</sublink>
        <sublink>searchsd</sublink>
    </link>
    <thumbnail>https://image.tmdb.org/t/p/w1280//pGy3fp6s5dWpxycQHtUbwWGcQ4k.jpg</thumbnail>
    <fanart>https://image.tmdb.org/t/p/w1280//agJZPleSORBOUNK9AyjB2EEQ5Xb.jpg</fanart>
</item>
<item>
    <title>The War Tapes</title>
    <meta>
        <imdb>tt0775566</imdb>
        <content>movie</content>
        <title>The War Tapes</title>
        <year>2006</year>
    </meta>
    <link>
        <sublink>search</sublink>
        <sublink>searchsd</sublink>
    </link>
    <thumbnail>https://image.tmdb.org/t/p/w1280//o5oL7vRP3X2LLKI8HArzQez0V7k.jpg</thumbnail>
    <fanart>https://image.tmdb.org/t/p/w1280//jnL752p40fyc8JWrRxNa24cbebp.jpg</fanart>
</item>
<item>
    <title>The War You Don't See</title>
    <meta>
        <imdb>tt1809387</imdb>
        <content>movie</content>
        <title>The War You Don't See</title>
        <year>2010</year>
    </meta>
    <link>
        <sublink>search</sublink>
        <sublink>searchsd</sublink>
    </link>
    <thumbnail>https://image.tmdb.org/t/p/w1280//kU3umylnPBML6oy2OH31ppwHQV2.jpg</thumbnail>
    <fanart>https://image.tmdb.org/t/p/w1280//sFb7rxg1E8cV3M29DUx2B8fLnI1.jpg</fanart>
</item>
<item>
    <title>Wartorn: 1861-2010</title>
    <meta>
        <imdb>tt1754858</imdb>
        <content>movie</content>
        <title>Wartorn: 1861-2010</title>
        <year>2010</year>
    </meta>
    <link>
        <sublink>search</sublink>
        <sublink>searchsd</sublink>
    </link>
    <thumbnail>https://image.tmdb.org/t/p/w1280//iavoz5Shuna0ffJtXlBGF84IzyE.jpg</thumbnail>
    <fanart>https://image.tmdb.org/t/p/w1280//b4rcqbJmztySFmfoQ0c9llcuyTM.jpg</fanart>
</item>
<item>
    <title>The Weather Underground</title>
    <meta>
        <imdb>tt0343168</imdb>
        <content>movie</content>
        <title>The Weather Underground</title>
        <year>2002</year>
    </meta>
    <link>
        <sublink>search</sublink>
        <sublink>searchsd</sublink>
    </link>
    <thumbnail>https://image.tmdb.org/t/p/w1280//ca4RSYUngsKUFEsnneF17YRHz62.jpg</thumbnail>
    <fanart>https://image.tmdb.org/t/p/w1280//1PKVTysj2gRrfSNf4TKaywedK8I.jpg</fanart>
</item>
<item>
    <title>The White Helmets</title>
    <meta>
        <imdb>tt6073176</imdb>
        <content>movie</content>
        <title>The White Helmets</title>
        <year>2016</year>
    </meta>
    <link>
        <sublink>search</sublink>
        <sublink>searchsd</sublink>
    </link>
    <thumbnail>https://image.tmdb.org/t/p/w1280//8AbN3ZoGnOMP0czMDvVBp7KFXHw.jpg</thumbnail>
    <fanart>https://image.tmdb.org/t/p/w1280//euMkmWsmHs62Yfxee3FNnmcfwhf.jpg</fanart>
</item>
<item>
    <title>Why We Fight</title>
    <meta>
        <imdb>tt0436971</imdb>
        <content>movie</content>
        <title>Why We Fight</title>
        <year>2005</year>
    </meta>
    <link>
        <sublink>search</sublink>
        <sublink>searchsd</sublink>
    </link>
    <thumbnail>https://image.tmdb.org/t/p/w1280//kfOmnlwt1rrhxmxc05X3i9mHSOs.jpg</thumbnail>
    <fanart>https://image.tmdb.org/t/p/w1280//rDwvllkfMDNs7CFb8AXwAVjNfnO.jpg</fanart>
</item>
<item>
    <title>Winston Churchill: Walking with Destiny</title>
    <meta>
        <imdb>tt1727596</imdb>
        <content>movie</content>
        <title>Winston Churchill: Walking with Destiny</title>
        <year>2010</year>
    </meta>
    <link>
        <sublink>search</sublink>
        <sublink>searchsd</sublink>
    </link>
    <thumbnail>https://image.tmdb.org/t/p/w1280//jRx8XHNq1z8HFE3Q7TifK08tVl0.jpg</thumbnail>
    <fanart/>
</item>
<item>
    <title>Winter Soldier</title>
    <meta>
        <imdb>tt0204058</imdb>
        <content>movie</content>
        <title>Winter Soldier</title>
        <year>1972</year>
    </meta>
    <link>
        <sublink>search</sublink>
        <sublink>searchsd</sublink>
    </link>
    <thumbnail>https://image.tmdb.org/t/p/w1280//bOeXRPH0NjwSrad98fJYNAHhQWo.jpg</thumbnail>
    <fanart>https://image.tmdb.org/t/p/w1280//i6pWGLUiXo5uK7kzfEpvNXCsDY4.jpg</fanart>
</item>
<dir>
    <title>World War I: The Complete Story</title>
    <meta>
        <imdb>None</imdb>
        <content>tvshow</content>
        <tvshowtitle>World War I: The Complete Story</tvshowtitle>
        <year>1964</year>
    </meta>
    <link>tmdb_tv_show(67161, 1964, World War I: The Complete Story)</link>
    <thumbnail>https://image.tmdb.org/t/p/w1280//xpE8ETSKSQ4eNNOjIrjxJhpRV2U.jpg</thumbnail>
    <fanart/>
</dir>
<dir>
    <title>World War II In HD Colour</title>
    <meta>
        <imdb>tt2069688</imdb>
        <content>tvshow</content>
        <tvshowtitle>World War II In HD Colour</tvshowtitle>
        <year>2009</year>
    </meta>
    <link>tmdb_tv_show(42154, 2009, World War II In HD Colour)</link>
    <thumbnail>https://image.tmdb.org/t/p/w1280//zsyfnhUM60aPiycAymWKetaaTcS.jpg</thumbnail>
    <fanart>https://image.tmdb.org/t/p/w1280//l1yXEfwtj4y5bgUeax9P00liWjM.jpg</fanart>
</dir>
<item>
    <title>World War II in 3D</title>
    <meta>
        <imdb/>
        <content>movie</content>
        <title>World War II in 3D</title>
        <year>2012</year>
    </meta>
    <link>
        <sublink>search</sublink>
        <sublink>searchsd</sublink>
    </link>
    <thumbnail>https://image.tmdb.org/t/p/w1280//2GQo4USpO3qlL7mCrJID7weoQVh.jpg</thumbnail>
    <fanart>https://image.tmdb.org/t/p/w1280//lkWjFoRco1H3h2dg1xj4oT1T7V0.jpg</fanart>
</item>
<dir>
    <title>The World at War</title>
    <meta>
        <imdb>tt0071075</imdb>
        <content>tvshow</content>
        <tvshowtitle>The World at War</tvshowtitle>
        <year>1973</year>
    </meta>
    <link>tmdb_tv_show(751, 1973, The World at War)</link>
    <thumbnail>https://image.tmdb.org/t/p/w1280//c40kZCEZxnXReznXCUpUyQ9TOnv.jpg</thumbnail>
    <fanart>https://image.tmdb.org/t/p/w1280//bQBhoLfD6EEPO5bfM9qzkMjB90q.jpg</fanart>
</dir>
<item>
    <title>Zeitgeist: Addendum</title>
    <meta>
        <imdb>tt1332128</imdb>
        <content>movie</content>
        <title>Zeitgeist: Addendum</title>
        <year>2008</year>
    </meta>
    <link>
        <sublink>search</sublink>
        <sublink>searchsd</sublink>
    </link>
    <thumbnail>https://image.tmdb.org/t/p/w1280//8YT6FHOCj2xT9bnKerL5s6grAwD.jpg</thumbnail>
    <fanart>https://image.tmdb.org/t/p/w1280//ki67J68pj68F4NaqHeELZcmu5v4.jpg</fanart>
</item>
<item>
    <title>Twenty Two</title>
    <meta>
        <imdb>tt3843282</imdb>
        <content>movie</content>
        <title>Twenty Two</title>
        <year>2017</year>
    </meta>
    <link>
        <sublink>search</sublink>
        <sublink>searchsd</sublink>
    </link>
    <thumbnail>https://image.tmdb.org/t/p/w1280//78ZLicSap9jTZ8M3kvhDvD6PQTI.jpg</thumbnail>
    <fanart>https://image.tmdb.org/t/p/w1280//zKsuTbEpYujggfLqdY4gMaJ2h8s.jpg</fanart>
</item>
