<oregontrail>
    <wmhd>
        <item>
            <title>mclintock (1963) - classic western movie, john wayne</title>
            <meta>
                <summary>McLintock (1963) - Classic Western Movie, John Wayne Cattle baron George Washington McLintock (John Wayne) must deal with a multitude of problems ... </summary>
            </meta>
            <link>https://www.youtube.com/watch?v=pEq1n5wUQGw</link>
            <thumbnail>https://i.ytimg.com/vi/pEq1n5wUQGw/default.jpg</thumbnail>
        </item>

        <item>
            <title>high lonesome (1950) - watch full length western movies free</title>
            <meta>
                <summary>High Lonesome (1950) John Barrymore Jr. stars as a young drifter who's suspected of murder. He loudly proclaims his innocence and points the finger to a pair ... </summary>
            </meta>
            <link>https://www.youtube.com/watch?v=DF0svyCd4mE</link>
            <thumbnail>https://i.ytimg.com/vi/DF0svyCd4mE/default.jpg</thumbnail>
        </item>

        <item>
            <title>tales of wells fargo - shotgun messenger, s01 e06, michael landon, classic western tv show</title>
            <meta>
                <summary>Tales Of Wells Fargo - Shotgun Messenger The young son of a former Wells Fargo employee is hired to ride shotgun on a new stagecoach line to a boom town. </summary>
            </meta>
            <link>https://www.youtube.com/watch?v=VQtU1AVz368</link>
            <thumbnail>https://i.ytimg.com/vi/VQtU1AVz368/default.jpg</thumbnail>
        </item>

        <item>
            <title>tales of wells fargo - a time to kill,  s01 e05</title>
            <meta>
                <summary>Tales Of Wells Fargo - A Time to Kill The son of a man who was accused of robbing a Wells Fargo stagecoach finds a Wells Fargo strong box in the attic. </summary>
            </meta>
            <link>https://www.youtube.com/watch?v=IRtKxEX6mzo</link>
            <thumbnail>https://i.ytimg.com/vi/IRtKxEX6mzo/default.jpg</thumbnail>
        </item>

        <item>
            <title>tales of wells fargo -  the bounty, s01e04, western tv show</title>
            <meta>
                <summary>Tales Of Wells Fargo - The Bounty Season 1, Episode 4 Jim Hardie goes to Canada to identify an outlaw with a bounty on his head after having his head blown ... </summary>
            </meta>
            <link>https://www.youtube.com/watch?v=0Z35_kWWWxI</link>
            <thumbnail>https://i.ytimg.com/vi/0Z35_kWWWxI/default.jpg</thumbnail>
        </item>

        <item>
            <title>tales of wells fargo - the hasty gun, s01e02, classic western tv show</title>
            <meta>
                <summary>Tales Of Wells Fargo - The Hasty Gun Season 1, Episode 2 Jim Hardie investigates when a sherif is fired after killing the son of an influential local during a Wells ... </summary>
            </meta>
            <link>https://www.youtube.com/watch?v=KprU9_U1SQY</link>
            <thumbnail>https://i.ytimg.com/vi/KprU9_U1SQY/default.jpg</thumbnail>
        </item>

        <item>
            <title>buckskin frontier (1943) - classic western movie</title>
            <meta>
                <summary>Buckskin Frontier (1943) Jeptha Marr's freighting business is threatened when the railroad comes to town, so he sends a man in to win the affections of the ... </summary>
            </meta>
            <link>https://www.youtube.com/watch?v=gdXEKRjf6do</link>
            <thumbnail>https://i.ytimg.com/vi/gdXEKRjf6do/default.jpg</thumbnail>
        </item>

        <item>
            <title>hannah lee (1953) - classic western movie, joanne dru, john ireland</title>
            <meta>
                <summary>Hannah Lee (1953) Cattlemen bring in a gun for hire to drive squatters off their land. The Marshal starts to investigate and the local saloon owner Hannah Lee is ... </summary>
            </meta>
            <link>https://www.youtube.com/watch?v=h4cuG_5yR8I</link>
            <thumbnail>https://i.ytimg.com/vi/h4cuG_5yR8I/default.jpg</thumbnail>
        </item>

        <item>
            <title>yellowneck (1955) - civil war western movie</title>
            <meta>
                <summary>Yellowneck (1955) Deserters from the Confederate Army travel through the Everglades in an attempt to reach Cuba. Watch classic western movies at ... </summary>
            </meta>
            <link>https://www.youtube.com/watch?v=i6zAG5DssBY</link>
            <thumbnail>https://i.ytimg.com/vi/i6zAG5DssBY/default.jpg</thumbnail>
        </item>

        <item>
            <title>26 men - trade me deadly, full length episode, classic western tv show</title>
            <meta>
                <summary>26 Men - Trade Me Deadly An outlaw family member is sentenced to hang, so Ma kidnaps the local Army post commander's daughter, threatening to hang her ... </summary>
            </meta>
            <link>https://www.youtube.com/watch?v=ThV-12DjQog</link>
            <thumbnail>https://i.ytimg.com/vi/ThV-12DjQog/default.jpg</thumbnail>
        </item>

        <item>
            <title>wagon train - alias bill hawks, classic western tv show</title>
            <meta>
                <summary>Wagon Train - Alias Bill Hawks Major goes to visit his Native American friend Bill Hawks and finds that he has disappeared and his neighbors are drilling a water ... </summary>
            </meta>
            <link>https://www.youtube.com/watch?v=W30w2K_kln0</link>
            <thumbnail>https://i.ytimg.com/vi/W30w2K_kln0/default.jpg</thumbnail>
        </item>

        <item>
            <title>the cowboy millionaire (1935) - classic b-western movie</title>
            <meta>
                <summary>The Cowboy Millionaire (1935) Two miners moonlight at a dude ranch where they stage fake holdups. When a mother and daughter fall victim to the prank, one ... </summary>
            </meta>
            <link>https://www.youtube.com/watch?v=9W8EAx2piwE</link>
            <thumbnail>https://i.ytimg.com/vi/9W8EAx2piwE/default.jpg</thumbnail>
        </item>

        <item>
            <title>shootout at big sag (1962) - classic western movie</title>
            <meta>
                <summary>Shootout at Big Sag (1962) In the Big Sag territory of Montana, a six shooter totin' preacher tries to drive a newly arrived from Texas off their land. His young ... </summary>
            </meta>
            <link>https://www.youtube.com/watch?v=ucJbMcSZd_M</link>
            <thumbnail>https://i.ytimg.com/vi/ucJbMcSZd_M/default.jpg</thumbnail>
        </item>

        <item>
            <title>aces & eights (1936), classic western, tim mc coy</title>
            <meta>
                <summary>Aces and Eights (1936) Gentlemen gambler Tim Madigan (Tim Mc Coy) helps a Mexican family save their ranch from land grabbers. Watch classic westerns free ... </summary>
            </meta>
            <link>https://www.youtube.com/watch?v=oX1_rKgjmEA</link>
            <thumbnail>https://i.ytimg.com/vi/oX1_rKgjmEA/default.jpg</thumbnail>
        </item>

        <item>
            <title>dynamite ranch (1932) - classic western, ken maynard</title>
            <meta>
                <summary>Dynamite Ranch (1932) A cowboy breaks up a train robbery that was organized as entertainment for tourists. But when it turns out that money really did get ... </summary>
            </meta>
            <link>https://www.youtube.com/watch?v=tQqEr1D1Jak</link>
            <thumbnail>https://i.ytimg.com/vi/tQqEr1D1Jak/default.jpg</thumbnail>
        </item>

        <item>
            <title>the man from utah (1934) - classic john wayne western movie</title>
            <meta>
                <summary>The Man from Utah (1934) John Weston (John Wayne) helps stop a bank robbery and the marshall asks the resourceful young man to help him out in solving a ... </summary>
            </meta>
            <link>https://www.youtube.com/watch?v=F-D-3ETOWpo</link>
            <thumbnail>https://i.ytimg.com/vi/F-D-3ETOWpo/default.jpg</thumbnail>
        </item>

        <item>
            <title>kentucky rifle (1955) - classic western movie</title>
            <meta>
                <summary>Kentucky Rifle (1955) A wagon load of Kentucky rifles has to travel through Indian country without losing the weapons or their lives. Watch classic Western ... </summary>
            </meta>
            <link>https://www.youtube.com/watch?v=xQaGnflicQk</link>
            <thumbnail>https://i.ytimg.com/vi/xQaGnflicQk/default.jpg</thumbnail>
        </item>

        <item>
            <title>drums in the deep south (1951) - watch classic western movie</title>
            <meta>
                <summary>Drums in the Deep South (1951) Two friends from West Point find themselves on opposite sides of the conflict in 1861. A woman who knows both tries to keep ... </summary>
            </meta>
            <link>https://www.youtube.com/watch?v=ZVfQBsoSMYg</link>
            <thumbnail>https://i.ytimg.com/vi/ZVfQBsoSMYg/default.jpg</thumbnail>
        </item>

        <item>
            <title>mohawk (1956) - classic western, neville brand</title>
            <meta>
                <summary>Mohawk (1956) In the 1700s, an artist at a frontier outpost tries to juggle a variety of women in the midst of an Indian uprising. Stars Neville Brand. </summary>
            </meta>
            <link>https://www.youtube.com/watch?v=U3uwOBx-DH8</link>
            <thumbnail>https://i.ytimg.com/vi/U3uwOBx-DH8/default.jpg</thumbnail>
        </item>

        <item>
            <title>the rifleman - mail order groom, classic western tv show, chuck connors</title>
            <meta>
                <summary>The Rifleman - Mail Order Groom When a mail order husband arrives in town to marry a widow, a couple of locals try to make trouble. He gives them more than ... </summary>
            </meta>
            <link>https://www.youtube.com/watch?v=1NQDNwIDzEQ</link>
            <thumbnail>https://i.ytimg.com/vi/1NQDNwIDzEQ/default.jpg</thumbnail>
        </item>

        <item>
            <title>the rifleman - outlaw's inheritance, classic western tv show, chuck connors</title>
            <meta>
                <summary>The Rifleman - Outlaw's Inheritance An outlaw dies and names Lucas McCain in his will. The townspeople begin to get suspicious. Stars Chuck Connors. </summary>
            </meta>
            <link>https://www.youtube.com/watch?v=qK_ZG5ZoYNk</link>
            <thumbnail>https://i.ytimg.com/vi/qK_ZG5ZoYNk/default.jpg</thumbnail>
        </item>

        <item>
            <title>american empire (1942) - classic western movie</title>
            <meta>
                <summary>American Empire (1942) Two steamboat captain, Civil War veterans decide to open a cattle ranch in Texas after the war. They succeed in creating a cattle ... </summary>
            </meta>
            <link>https://www.youtube.com/watch?v=yRaNUCmEXbU</link>
            <thumbnail>https://i.ytimg.com/vi/yRaNUCmEXbU/default.jpg</thumbnail>
        </item>

        <item>
            <title>the proud and damned (1972) - classic western movie, chuck connors</title>
            <meta>
                <summary>The Proud and Damned (1972) A group of Civil War veterans find themselves in Columbia, South America in 1870. The local general sends them to a small ... </summary>
            </meta>
            <link>https://www.youtube.com/watch?v=gHR_MEtA924</link>
            <thumbnail>https://i.ytimg.com/vi/gHR_MEtA924/default.jpg</thumbnail>
        </item>

        <item>
            <title>rainbow valley (1935), watch full length john wayne westerns free online</title>
            <meta>
                <summary>Rainbow Valley (1935) John Wayne stars as a Marshall who goes to work undercover in the town of Rainbow Valley. He decides to help out by building a road ... </summary>
            </meta>
            <link>https://www.youtube.com/watch?v=Cj20JBuhRrI</link>
            <thumbnail>https://i.ytimg.com/vi/Cj20JBuhRrI/default.jpg</thumbnail>
        </item>

        <item>
            <title>the dawn rider (1935) - classic western movie, john wayne</title>
            <meta>
                <summary>The Dawn Rider (1935) John Mason searches for his father's killer, but when he finally tracks him down, a rival for the affection of his nurse, makes things difficult ... </summary>
            </meta>
            <link>https://www.youtube.com/watch?v=UuQGKF1rCws</link>
            <thumbnail>https://i.ytimg.com/vi/UuQGKF1rCws/default.jpg</thumbnail>
        </item>

        <item>
            <title>yuma (1971), classic western movie, clint walker</title>
            <meta>
                <summary>Yuma (1971) A new sheriff comes to a town ruled by a hard range boss and decides to clean it up. Stars Clint Walker. Watch classic westerns free online at ... </summary>
            </meta>
            <link>https://www.youtube.com/watch?v=lgIq2ufSwMw</link>
            <thumbnail>https://i.ytimg.com/vi/lgIq2ufSwMw/default.jpg</thumbnail>
        </item>

        <item>
            <title>wagon wheels (1934) - classic western movie, randolph scott</title>
            <meta>
                <summary>Wagon Wheels (1934) A wagon train travels across the plains to the Oregon Territory in 1844. They encounter hardships and Indian attack, but their scout and ... </summary>
            </meta>
            <link>https://www.youtube.com/watch?v=fUIhTVxrVp8</link>
            <thumbnail>https://i.ytimg.com/vi/fUIhTVxrVp8/default.jpg</thumbnail>
        </item>

        <item>
            <title>the fighting westerner (1935) - classic western, randolph scott</title>
            <meta>
                <summary>The Fighting Westerner (1935) A mining engineer tries to find the killers of the heirs to a radium mine. Stars Randolph Scott. Also known as "Rocky Mountain ... </summary>
            </meta>
            <link>https://www.youtube.com/watch?v=LChIOCtcNqY</link>
            <thumbnail>https://i.ytimg.com/vi/LChIOCtcNqY/default.jpg</thumbnail>
        </item>

        <item>
            <title>sagebrush trail (1933) - watch john wayne western movie free online</title>
            <meta>
                <summary>Sagebrush Trail (1933) John Brant escapes from jail where he was serving time for a crime he didn't commit. He ends up joining an outlaw gang and just ... </summary>
            </meta>
            <link>https://www.youtube.com/watch?v=vj0T824u8es</link>
            <thumbnail>https://i.ytimg.com/vi/vj0T824u8es/default.jpg</thumbnail>
        </item>

        <item>
            <title>border cabellero (1936) - watch classic western movie free, tim mccoy</title>
            <meta>
                <summary>Border Cabellero (1936) A U.S. Marshall goes undercover working in a traveling medicine show and tries to catch a gang of bank robbers. Stars Tim McCoy. </summary>
            </meta>
            <link>https://www.youtube.com/watch?v=SxSWuMknKeA</link>
            <thumbnail>https://i.ytimg.com/vi/SxSWuMknKeA/default.jpg</thumbnail>
        </item>

        <item>
            <title>the rifleman - day of the hunter, classic western tv show, chuck connors</title>
            <meta>
                <summary>The Rifleman - Day of the Hunter Original Airdate: January 5, 1960 A famous old mountain man comes to town determined to prove that he's the best shot ... </summary>
            </meta>
            <link>https://www.youtube.com/watch?v=cN7oa9iaB1s</link>
            <thumbnail>https://i.ytimg.com/vi/cN7oa9iaB1s/default.jpg</thumbnail>
        </item>

        <item>
            <title>the deputy - the return of widow brown</title>
            <meta>
                <summary>The Deputy Deputy Clay releases the last surviving member of a gang of robbers when the widow of the hanged leader returns to town, hoping that he will lead ... </summary>
            </meta>
            <link>https://www.youtube.com/watch?v=bgMSk3ggBDI</link>
            <thumbnail>https://i.ytimg.com/vi/bgMSk3ggBDI/default.jpg</thumbnail>
        </item>

        <item>
            <title>the silver trail (1937) - watch b-western, rin tin tin</title>
            <meta>
                <summary>The Silver Trail (1937) A cowboy rides into town looking for a friend who has struck it rich, but he's nowhere to be found and he can't learn anything about him, ... </summary>
            </meta>
            <link>https://www.youtube.com/watch?v=_6g89FJPDOM</link>
            <thumbnail>https://i.ytimg.com/vi/_6g89FJPDOM/default.jpg</thumbnail>
        </item>

        <item>
            <title>the deputy - hard decisions, full length classic tv show</title>
            <meta>
                <summary>The Deputy - Hard Decisions Original Airdate: January 28, 1961 Henry Fonda stars as Marshal Simon Fry in this classic Western TV series. In this episode, A ... </summary>
            </meta>
            <link>https://www.youtube.com/watch?v=HlRvbxOkjMo</link>
            <thumbnail>https://i.ytimg.com/vi/HlRvbxOkjMo/default.jpg</thumbnail>
        </item>

        <item>
            <title>the capture (1950)</title>
            <meta>
                <summary>The Capture (1950) An oil field worker takes refuge with a priest when he has second thoughts after capturing a suspected robber who dies in police custody. </summary>
            </meta>
            <link>https://www.youtube.com/watch?v=RnTqbKDTARI</link>
            <thumbnail>https://i.ytimg.com/vi/RnTqbKDTARI/default.jpg</thumbnail>
        </item>

        <item>
            <title>riders of destiny (1933) - full length john wayne western movie</title>
            <meta>
                <summary>Riders of Destiny (1933) When a greedy man tries to control the water supply that the area's ranchers depend on. A government agent comes up with a plan to ... </summary>
            </meta>
            <link>https://www.youtube.com/watch?v=Lz4kmp7j2uk</link>
            <thumbnail>https://i.ytimg.com/vi/Lz4kmp7j2uk/default.jpg</thumbnail>
        </item>

        <item>
            <title>abilene town (1946) - full length western movie, randolph scott</title>
            <meta>
                <summary>Abilene Town (1946) Cattle ranchers and homsteaders come into conflict in the cow town of Abilene, Texas. Randolph Scott stars as the sheriff. Watch classic ... </summary>
            </meta>
            <link>https://www.youtube.com/watch?v=Oy5HTsRfNd8</link>
            <thumbnail>https://i.ytimg.com/vi/Oy5HTsRfNd8/default.jpg</thumbnail>
        </item>

        <item>
            <title>winds of the wasteland (1936) - full length john wayne western movie</title>
            <meta>
                <summary>Winds of the Wasteland (1936) Two Pony Express riders get swindled into buying a stagecoach line that goes to a ghost town. Their only hope of survival is to ... </summary>
            </meta>
            <link>https://www.youtube.com/watch?v=-Pu72V-hKc8</link>
            <thumbnail>https://i.ytimg.com/vi/-Pu72V-hKc8/default.jpg</thumbnail>
        </item>

        <item>
            <title>my outlaw brother (1951), classic western movie, mickey rooney</title>
            <meta>
                <summary>My Outlaw Brother (1951) A dude from New York rides West to pay his brother a surprise visit. He teams up with a Texas Ranger along the way and discovers ... </summary>
            </meta>
            <link>https://www.youtube.com/watch?v=scwHhKdN4qA</link>
            <thumbnail>https://i.ytimg.com/vi/scwHhKdN4qA/default.jpg</thumbnail>
        </item>

        <item>
            <title>lassie, the painted hills (1951) - full length western movie</title>
            <meta>
                <summary>Lassie, The Painted Hills (1951) An old prospector finds gold and strikes it rich, his partner kills him so he can have it all for himself. But the old prospector's dog ... </summary>
            </meta>
            <link>https://www.youtube.com/watch?v=beiyYm9WfGM</link>
            <thumbnail>https://i.ytimg.com/vi/beiyYm9WfGM/default.jpg</thumbnail>
        </item>

        <item>
            <title>the lawless frontier (1934) - full length classic john wayne movie</title>
            <meta>
                <summary>The Lawless Frontier (1934) A bandit kills John Tobin's parents and Tobin hunts him down, in search of revenge. Watch John Wayne Movies free online at ... </summary>
            </meta>
            <link>https://www.youtube.com/watch?v=d92hMa6Se84</link>
            <thumbnail>https://i.ytimg.com/vi/d92hMa6Se84/default.jpg</thumbnail>
        </item>

        <item>
            <title>cavalry (1936) - full length classic western, bob steele</title>
            <meta>
                <summary>Cavalry (1936) After the Civil War, a cavalry office goes West to protect the construction of a telegraph line. Stars Bob Steele. Watch Westerns free online at ... </summary>
            </meta>
            <link>https://www.youtube.com/watch?v=JvpZsCLZVWY</link>
            <thumbnail>https://i.ytimg.com/vi/JvpZsCLZVWY/default.jpg</thumbnail>
        </item>

        <item>
            <title>the man from utah (1934) - full length classic john wayne movie</title>
            <meta>
                <summary>The Man from Utah (1934) John Weston rides into town, helps a sheriff out when he's in need and gets mixed up with some bad guys that want him to lose in a ... </summary>
            </meta>
            <link>https://www.youtube.com/watch?v=n610hYj2TdA</link>
            <thumbnail>https://i.ytimg.com/vi/n610hYj2TdA/default.jpg</thumbnail>
        </item>

        <item>
            <title>stories of the century - cattle kate, classic western tv series</title>
            <meta>
                <summary>Stories of the Century - Cattle Kate Matt Clark and his assistant Frankie Adams go after the famous Wyoming rustler Cattle Kate when she is suspected of ... </summary>
            </meta>
            <link>https://www.youtube.com/watch?v=A9Gi7bxULpg</link>
            <thumbnail>https://i.ytimg.com/vi/A9Gi7bxULpg/default.jpg</thumbnail>
        </item>

        <item>
            <title>stories of the century - doc holiday, watch western tv shows free</title>
            <meta>
                <summary>Stories of the Century - Doc Holliday Matt and Frankie are in Tombstone, AZ to find Doc Holliday and they end up in the gunfight at the OK Corral. Watch classic ... </summary>
            </meta>
            <link>https://www.youtube.com/watch?v=UlwyBBiP9m4</link>
            <thumbnail>https://i.ytimg.com/vi/UlwyBBiP9m4/default.jpg</thumbnail>
        </item>

        <item>
            <title>stories of the century - joaquin murietta, classic western tv show</title>
            <meta>
                <summary>Stories of the Century - Joaquin Murietta Railroad detective Matt Clark track down the notorious bandit Joaquin Murietta after he kidnaps Frankie in the California ... </summary>
            </meta>
            <link>https://www.youtube.com/watch?v=8UPTEbBjqZ4</link>
            <thumbnail>https://i.ytimg.com/vi/8UPTEbBjqZ4/default.jpg</thumbnail>
        </item>

        <item>
            <title>gangsters of the frontier (1944) - b-western, tex ritter</title>
            <meta>
                <summary>Gangsters of the Frontier (1944) The Kern gang of outlaws returns to plague the town of Red Rock. They capture the townspeople and force them to work in a ... </summary>
            </meta>
            <link>https://www.youtube.com/watch?v=DYsmgmsdogk</link>
            <thumbnail>https://i.ytimg.com/vi/DYsmgmsdogk/default.jpg</thumbnail>
        </item>

        <item>
            <title>the sundowners (1955) - full length classic western movie</title>
            <meta>
                <summary>The Sundowners (1955) Amidst a range war in the Texas Panhandle, a gunman arrives packing a lot more than meets the eye. Stars Robert Preston and John ... </summary>
            </meta>
            <link>https://www.youtube.com/watch?v=lQ2cGUhKioo</link>
            <thumbnail>https://i.ytimg.com/vi/lQ2cGUhKioo/default.jpg</thumbnail>
        </item>

        <item>
            <title>helltown (1937) - watch john wayne movies free online</title>
            <meta>
                <summary>Helltown (1937) Dare Rudd (John Wayne) and his sidekick are running short on money so they ride to Montana where Rudd's cousin Tom (Johnny Mack Brown) ... </summary>
            </meta>
            <link>https://www.youtube.com/watch?v=hofJzH8_aZ0</link>
            <thumbnail>https://i.ytimg.com/vi/hofJzH8_aZ0/default.jpg</thumbnail>
        </item>

        <item>
            <title>northwest trail (1945) - bob steele, watch western movies free online</title>
            <meta>
                <summary>Northwest Trail (1945) A Canadian mountie escorts a well-dressed city girl into the wilderness and ends up helping her take cash to her father in the wilderness. </summary>
            </meta>
            <link>https://www.youtube.com/watch?v=9DmbebsGjr0</link>
            <thumbnail>https://i.ytimg.com/vi/9DmbebsGjr0/default.jpg</thumbnail>
        </item>

        <item>
            <title>new mexico (1951) - full length western movie, lew ayres</title>
            <meta>
                <summary>New Mexico (1951) A captain in the US Cavalry tries to make peace with native American chief Acoma but a local judge and his cavalry men make things difficult ... </summary>
            </meta>
            <link>https://www.youtube.com/watch?v=a89iabFUYug</link>
            <thumbnail>https://i.ytimg.com/vi/a89iabFUYug/default.jpg</thumbnail>
        </item>
    </wmhd>
</oregontrail>
