<theknob>
    <dir>
        <title>Anal</title>
        <eporner>category/anal</eporner>
        <thumbnail>https://static-ca-cdn.eporner.com/catimg/3.jpg</thumbnail>
    </dir>

    <dir>
        <title>60 FPS</title>
        <eporner>category/60fps</eporner>
        <thumbnail>https://static-ca-cdn.eporner.com/catimg/67.jpg</thumbnail>
    </dir>

    <dir>
        <title>Teen</title>
        <eporner>category/teens</eporner>
        <thumbnail>https://static-ca-cdn.eporner.com/catimg/0.jpg</thumbnail>
    </dir>

    <dir>
        <title>Big Tits</title>
        <eporner>category/big-tits</eporner>
        <thumbnail>https://static-ca-cdn.eporner.com/catimg/25.jpg</thumbnail>
    </dir>

    <dir>
        <title>POV</title>
        <eporner>category/pov-porn</eporner>
        <thumbnail>https://static-ca-cdn.eporner.com/catimg/33.jpg</thumbnail>
    </dir>

    <dir>
        <title>Amateur</title>
        <eporner>category/amateur</eporner>
        <thumbnail>https://static-ca-cdn.eporner.com/catimg/1.jpg</thumbnail>
    </dir>

    <dir>
        <title>Japanese</title>
        <eporner>category/japanese</eporner>
        <thumbnail>https://static-ca-cdn.eporner.com/catimg/52.jpg</thumbnail>
    </dir>

    <dir>
        <title>Asian</title>
        <eporner>category/asian</eporner>
        <thumbnail>https://static-ca-cdn.eporner.com/catimg/11.jpg</thumbnail>
    </dir>

    <dir>
        <title>Masturbation</title>
        <eporner>category/masturbation</eporner>
        <thumbnail>https://static-ca-cdn.eporner.com/catimg/28.jpg</thumbnail>
    </dir>

    <dir>
        <title>Lesbian</title>
        <eporner>category/lesbians</eporner>
        <thumbnail>https://static-ca-cdn.eporner.com/catimg/6.jpg</thumbnail>
    </dir>

    <dir>
        <title>MILF</title>
        <eporner>category/milf</eporner>
        <thumbnail>https://static-ca-cdn.eporner.com/catimg/53.jpg</thumbnail>
    </dir>

    <dir>
        <title>Threesome</title>
        <eporner>category/threesome</eporner>
        <thumbnail>https://static-ca-cdn.eporner.com/catimg/9.jpg</thumbnail>
    </dir>

    <dir>
        <title>Interracial</title>
        <eporner>category/interracial</eporner>
        <thumbnail>https://static-ca-cdn.eporner.com/catimg/48.jpg</thumbnail>
    </dir>

    <dir>
        <title>Mature</title>
        <eporner>category/mature</eporner>
        <thumbnail>https://static-ca-cdn.eporner.com/catimg/17.jpg</thumbnail>
    </dir>

    <dir>
        <title>Creampie</title>
        <eporner>category/creampie</eporner>
        <thumbnail>https://static-ca-cdn.eporner.com/catimg/47.jpg</thumbnail>
    </dir>

    <dir>
        <title>Pornstar</title>
        <eporner>category/pornstar</eporner>
        <thumbnail>https://static-ca-cdn.eporner.com/catimg/66.jpg</thumbnail>
    </dir>

    <dir>
        <title>Blowjob</title>
        <eporner>category/blowjob</eporner>
        <thumbnail>https://static-ca-cdn.eporner.com/catimg/8.jpg</thumbnail>
    </dir>

    <dir>
        <title>Hardcore</title>
        <eporner>category/hardcore</eporner>
        <thumbnail>https://static-ca-cdn.eporner.com/catimg/5.jpg</thumbnail>
    </dir>

    <dir>
        <title>Big Ass</title>
        <eporner>category/big-ass</eporner>
        <thumbnail>https://static-ca-cdn.eporner.com/catimg/44.jpg</thumbnail>
    </dir>

    <dir>
        <title>Group Sex</title>
        <eporner>category/group-sex</eporner>
        <thumbnail>https://static-ca-cdn.eporner.com/catimg/26.jpg</thumbnail>
    </dir>

    <dir>
        <title>Blonde</title>
        <eporner>category/blonde</eporner>
        <thumbnail>https://static-ca-cdn.eporner.com/catimg/37.jpg</thumbnail>
    </dir>

    <dir>
        <title>Homemade</title>
        <eporner>category/homemade</eporner>
        <thumbnail>https://static-ca-cdn.eporner.com/catimg/12.jpg</thumbnail>
    </dir>

    <dir>
        <title>Ebony</title>
        <eporner>category/ebony</eporner>
        <thumbnail>https://static-ca-cdn.eporner.com/catimg/10.jpg</thumbnail>
    </dir>

    <dir>
        <title>Toys</title>
        <eporner>category/toys</eporner>
        <thumbnail>https://static-ca-cdn.eporner.com/catimg/30.jpg</thumbnail>
    </dir>

    <dir>
        <title>Big Dick</title>
        <eporner>category/big-dick</eporner>
        <thumbnail>https://static-ca-cdn.eporner.com/catimg/7.jpg</thumbnail>
    </dir>

    <dir>
        <title>Shemale</title>
        <eporner>category/shemale</eporner>
        <thumbnail>https://static-ca-cdn.eporner.com/catimg/24.jpg</thumbnail>
    </dir>

    <dir>
        <title>Double Penetration</title>
        <eporner>category/double-penetration</eporner>
        <thumbnail>https://static-ca-cdn.eporner.com/catimg/2.jpg</thumbnail>
    </dir>

    <dir>
        <title>HD Sex</title>
        <eporner>category/hd-sex</eporner>
        <thumbnail>https://static-ca-cdn.eporner.com/catimg/70.jpg</thumbnail>
    </dir>

    <dir>
        <title>Webcam</title>
        <eporner>category/webcam</eporner>
        <thumbnail>https://static-ca-cdn.eporner.com/catimg/62.jpg</thumbnail>
    </dir>

    <dir>
        <title>Brunette</title>
        <eporner>category/brunette</eporner>
        <thumbnail>https://static-ca-cdn.eporner.com/catimg/38.jpg</thumbnail>
    </dir>

    <dir>
        <title>Lingerie</title>
        <eporner>category/lingerie</eporner>
        <thumbnail>https://static-ca-cdn.eporner.com/catimg/36.jpg</thumbnail>
    </dir>

    <dir>
        <title>Cumshot</title>
        <eporner>category/cumshot</eporner>
        <thumbnail>https://static-ca-cdn.eporner.com/catimg/4.jpg</thumbnail>
    </dir>

    <dir>
        <title>Students</title>
        <eporner>category/students</eporner>
        <thumbnail>https://static-ca-cdn.eporner.com/catimg/19.jpg</thumbnail>
    </dir>

    <dir>
        <title>BBW</title>
        <eporner>category/bbw</eporner>
        <thumbnail>https://static-ca-cdn.eporner.com/catimg/63.jpg</thumbnail>
    </dir>

    <dir>
        <title>Massage</title>
        <eporner>category/massage</eporner>
        <thumbnail>https://static-ca-cdn.eporner.com/catimg/49.jpg</thumbnail>
    </dir>

    <dir>
        <title>Squirt</title>
        <eporner>category/squirt</eporner>
        <thumbnail>https://static-ca-cdn.eporner.com/catimg/51.jpg</thumbnail>
    </dir>

    <dir>
        <title>BDSM</title>
        <eporner>category/bdsm</eporner>
        <thumbnail>https://static-ca-cdn.eporner.com/catimg/29.jpg</thumbnail>
    </dir>

    <dir>
        <title>Latina</title>
        <eporner>category/latina</eporner>
        <thumbnail>https://static-ca-cdn.eporner.com/catimg/54.jpg</thumbnail>
    </dir>

    <dir>
        <title>Public</title>
        <eporner>category/public</eporner>
        <thumbnail>https://static-ca-cdn.eporner.com/catimg/15.jpg</thumbnail>
    </dir>

    <dir>
        <title>Striptease</title>
        <eporner>category/striptease</eporner>
        <thumbnail>https://static-ca-cdn.eporner.com/catimg/61.jpg</thumbnail>
    </dir>

    <dir>
        <title>Petite</title>
        <eporner>category/petite</eporner>
        <thumbnail>https://static-ca-cdn.eporner.com/catimg/65.jpg</thumbnail>
    </dir>

    <dir>
        <title>Handjob</title>
        <eporner>category/handjob</eporner>
        <thumbnail>https://static-ca-cdn.eporner.com/catimg/21.jpg</thumbnail>
    </dir>

    <dir>
        <title>Orgy</title>
        <eporner>category/orgy</eporner>
        <thumbnail>https://static-ca-cdn.eporner.com/catimg/58.jpg</thumbnail>
    </dir>

    <dir>
        <title>Outdoor</title>
        <eporner>category/outdoor</eporner>
        <thumbnail>https://static-ca-cdn.eporner.com/catimg/16.jpg</thumbnail>
    </dir>

    <dir>
        <title>Redhead</title>
        <eporner>category/redhead</eporner>
        <thumbnail>https://static-ca-cdn.eporner.com/catimg/39.jpg</thumbnail>
    </dir>

    <dir>
        <title>Small Tits</title>
        <eporner>category/small-tits</eporner>
        <thumbnail>https://static-ca-cdn.eporner.com/catimg/50.jpg</thumbnail>
    </dir>

    <dir>
        <title>Fetish</title>
        <eporner>category/fetish</eporner>
        <thumbnail>https://static-ca-cdn.eporner.com/catimg/60.jpg</thumbnail>
    </dir>

    <dir>
        <title>Footjob</title>
        <eporner>category/footjob</eporner>
        <thumbnail>https://static-ca-cdn.eporner.com/catimg/40.jpg</thumbnail>
    </dir>

    <dir>
        <title>Housewives</title>
        <eporner>category/housewives</eporner>
        <thumbnail>https://static-ca-cdn.eporner.com/catimg/20.jpg</thumbnail>
    </dir>

    <dir>
        <title>Indian</title>
        <eporner>category/indian</eporner>
        <thumbnail>https://static-ca-cdn.eporner.com/catimg/59.jpg</thumbnail>
    </dir>

    <dir>
        <title>Uniform</title>
        <eporner>category/uniform</eporner>
        <thumbnail>https://static-ca-cdn.eporner.com/catimg/27.jpg</thumbnail>
    </dir>

    <dir>
        <title>For Women</title>
        <eporner>category/for-women</eporner>
        <thumbnail>https://static-ca-cdn.eporner.com/catimg/64.jpg</thumbnail>
    </dir>

    <dir>
        <title>Fat</title>
        <eporner>category/fat</eporner>
        <thumbnail>https://static-ca-cdn.eporner.com/catimg/18.jpg</thumbnail>
    </dir>

    <dir>
        <title>Bondage</title>
        <eporner>category/bondage</eporner>
        <thumbnail>https://static-ca-cdn.eporner.com/catimg/45.jpg</thumbnail>
    </dir>

    <dir>
        <title>Gay</title>
        <eporner>category/gay</eporner>
        <thumbnail>https://static-ca-cdn.eporner.com/catimg/14.jpg</thumbnail>
    </dir>

    <dir>
        <title>Doctor</title>
        <eporner>category/doctor</eporner>
        <thumbnail>https://static-ca-cdn.eporner.com/catimg/34.jpg</thumbnail>
    </dir>

    <dir>
        <title>Older Men</title>
        <eporner>category/old-man</eporner>
        <thumbnail>https://static-ca-cdn.eporner.com/catimg/13.jpg</thumbnail>
    </dir>

    <dir>
        <title>Spy cams</title>
        <eporner>category/spy</eporner>
        <thumbnail>https://static-ca-cdn.eporner.com/catimg/31.jpg</thumbnail>
    </dir>

    <dir>
        <title>Office</title>
        <eporner>category/office</eporner>
        <thumbnail>https://static-ca-cdn.eporner.com/catimg/23.jpg</thumbnail>
    </dir>

    <dir>
        <title>Bukkake</title>
        <eporner>category/bukkake</eporner>
        <thumbnail>https://static-ca-cdn.eporner.com/catimg/55.jpg</thumbnail>
    </dir>

    <dir>
        <title>HQ Porn</title>
        <eporner>category/hq-porn</eporner>
        <thumbnail>https://static-ca-cdn.eporner.com/catimg/69.jpg</thumbnail>
    </dir>

    <dir>
        <title>Swinger</title>
        <eporner>category/swingers</eporner>
        <thumbnail>https://static-ca-cdn.eporner.com/catimg/32.jpg</thumbnail>
    </dir>

    <dir>
        <title>Hentai</title>
        <eporner>category/hentai</eporner>
        <thumbnail>https://static-ca-cdn.eporner.com/catimg/42.jpg</thumbnail>
    </dir>

    <dir>
        <title>Fisting</title>
        <eporner>category/fisting</eporner>
        <thumbnail>https://static-ca-cdn.eporner.com/catimg/56.jpg</thumbnail>
    </dir>

    <dir>
        <title>Vintage</title>
        <eporner>category/vintage</eporner>
        <thumbnail>https://static-ca-cdn.eporner.com/catimg/57.jpg</thumbnail>
    </dir>

    <dir>
        <title>Bisexual</title>
        <eporner>category/bisexual</eporner>
        <thumbnail>https://static-ca-cdn.eporner.com/catimg/46.jpg</thumbnail>
    </dir>

    <dir>
        <title>Nurses</title>
        <eporner>category/nurse</eporner>
        <thumbnail>https://static-ca-cdn.eporner.com/catimg/41.jpg</thumbnail>
    </dir>

    <dir>
        <title>Hotel</title>
        <eporner>category/hotel</eporner>
        <thumbnail>https://static-ca-cdn.eporner.com/catimg/35.jpg</thumbnail>
    </dir>

    <dir>
        <title>Sleep</title>
        <eporner>category/sleep</eporner>
        <thumbnail>https://static-ca-cdn.eporner.com/catimg/22.jpg</thumbnail>
    </dir>
</theknob>
