<item>
    <title>Lost in Translation (2003)</title>
    <meta>
        <content>movie</content>
        <imdb>tt0335266</imdb>
        <title>Lost in Translation</title>
        <year>2003</year>
    </meta>
    <link>
        <sublink>search</sublink>
        <sublink>searchsd</sublink>
    </link>
    <thumbnail>https://image.tmdb.org/t/p/w1280/5T8VvuFTdaawKLJk34i69Utaw7o.jpg</thumbnail>
    <fanart>https://image.tmdb.org/t/p/w1280/gkbtPw5gyp8exaKw4zXEyH33J1m.jpg</fanart>
</item>
<item>
    <title>Her (2013)</title>
    <meta>
        <content>movie</content>
        <imdb>tt1798709</imdb>
        <title>Her</title>
        <year>2013</year>
    </meta>
    <link>
        <sublink>search</sublink>
        <sublink>searchsd</sublink>
    </link>
    <thumbnail>https://image.tmdb.org/t/p/w1280/fsoTLnUXEUTNuVCBxAJMY0HPPd.jpg</thumbnail>
    <fanart>https://image.tmdb.org/t/p/w1280/4f4tWe6uhwtuKMygfIAytR2W0pj.jpg</fanart>
</item>
<item>
    <title>Ruby Sparks (2012)</title>
    <meta>
        <content>movie</content>
        <imdb>tt1839492</imdb>
        <title>Ruby Sparks</title>
        <year>2012</year>
    </meta>
    <link>
        <sublink>search</sublink>
        <sublink>searchsd</sublink>
    </link>
    <thumbnail>https://image.tmdb.org/t/p/w1280/9BYlY8cqxunyl9GpZlDXu5WuXQ7.jpg</thumbnail>
    <fanart>https://image.tmdb.org/t/p/w1280/eJZCmIgZdFlq6XqL3qtFcJsG0P6.jpg</fanart>
</item>
<item>
    <title>(500) Days of Summer (2009)</title>
    <meta>
        <content>movie</content>
        <imdb>tt1022603</imdb>
        <title>(500) Days of Summer</title>
        <year>2009</year>
    </meta>
    <link>
        <sublink>search</sublink>
        <sublink>searchsd</sublink>
    </link>
    <thumbnail>https://image.tmdb.org/t/p/w1280/5SjtNPD1bb182vzQccvEUpXHFjN.jpg</thumbnail>
    <fanart>https://image.tmdb.org/t/p/w1280/yYw9cVdRJ4zzwxM2cTDXfT6JI6E.jpg</fanart>
</item>
<item>
    <title>Blue Valentine (2010)</title>
    <meta>
        <content>movie</content>
        <imdb>tt1120985</imdb>
        <title>Blue Valentine</title>
        <year>2010</year>
    </meta>
    <link>
        <sublink>search</sublink>
        <sublink>searchsd</sublink>
    </link>
    <thumbnail>https://image.tmdb.org/t/p/w1280/r8l15gDSQMupjKXEyXkOMkRpcsn.jpg</thumbnail>
    <fanart>https://image.tmdb.org/t/p/w1280/wZkwWCrqTiYm8uo1ffuoFV8CjIb.jpg</fanart>
</item>
<item>
    <title>Silver Linings Playbook (2012)</title>
    <meta>
        <content>movie</content>
        <imdb>tt1045658</imdb>
        <title>Silver Linings Playbook</title>
        <year>2012</year>
    </meta>
    <link>
        <sublink>search</sublink>
        <sublink>searchsd</sublink>
    </link>
    <thumbnail>https://image.tmdb.org/t/p/w1280/ilrZAV2klTB0FLxLb01bOp5pzD9.jpg</thumbnail>
    <fanart>https://image.tmdb.org/t/p/w1280/6YEWKSFIWFTLnInzXYiSaS7pVOP.jpg</fanart>
</item>
<item>
    <title>What If (I) (2013)</title>
    <meta>
        <content>movie</content>
        <imdb>tt1486834</imdb>
        <title>What If</title>
        <year>I 2013</year>
    </meta>
    <link>
        <sublink>search</sublink>
        <sublink>searchsd</sublink>
    </link>
    <thumbnail>https://image.tmdb.org/t/p/w1280/g5vPBCJbBX36oikg68brcl7PU5a.jpg</thumbnail>
    <fanart>https://image.tmdb.org/t/p/w1280/lEvg91PgSG2Z7ooB4URA4vxfHDJ.jpg</fanart>
</item>
<item>
    <title>In Your Eyes (2014)</title>
    <meta>
        <content>movie</content>
        <imdb>tt2101569</imdb>
        <title>In Your Eyes</title>
        <year>2014</year>
    </meta>
    <link>
        <sublink>search</sublink>
        <sublink>searchsd</sublink>
    </link>
    <thumbnail>https://image.tmdb.org/t/p/w1280/fpnChMdV6Qin4rHrIZf8ukWLnRI.jpg</thumbnail>
    <fanart>https://image.tmdb.org/t/p/w1280/ujVtMGdhS8DWwIPhdY9DADMHMt8.jpg</fanart>
</item>
<item>
    <title>Two Night Stand (2014)</title>
    <meta>
        <content>movie</content>
        <imdb>tt2140619</imdb>
        <title>Two Night Stand</title>
        <year>2014</year>
    </meta>
    <link>
        <sublink>search</sublink>
        <sublink>searchsd</sublink>
    </link>
    <thumbnail>https://image.tmdb.org/t/p/w1280/787egmKPQvpL7GiUze7AlkoQB1B.jpg</thumbnail>
    <fanart>https://image.tmdb.org/t/p/w1280/7i0YF4pxkyBHRo9L9SJ2iisMygu.jpg</fanart>
</item>
<item>
    <title>The Spectacular Now (2013)</title>
    <meta>
        <content>movie</content>
        <imdb>tt1714206</imdb>
        <title>The Spectacular Now</title>
        <year>2013</year>
    </meta>
    <link>
        <sublink>search</sublink>
        <sublink>searchsd</sublink>
    </link>
    <thumbnail>https://image.tmdb.org/t/p/w1280/iklgvkUqlruQrz8DlUsJzaa9HZh.jpg</thumbnail>
    <fanart>https://image.tmdb.org/t/p/w1280/8zPQ57lSiuRmHjmkRGopGdG4QD5.jpg</fanart>
</item>
<item>
    <title>If I Stay (2014)</title>
    <meta>
        <content>movie</content>
        <imdb>tt1355630</imdb>
        <title>If I Stay</title>
        <year>2014</year>
    </meta>
    <link>
        <sublink>search</sublink>
        <sublink>searchsd</sublink>
    </link>
    <thumbnail>https://image.tmdb.org/t/p/w1280/isUQKy3cdfN62DfIp0dhl4hD5oc.jpg</thumbnail>
    <fanart>https://image.tmdb.org/t/p/w1280/jKDkvAGTBN7rSkuYfsn9XHKdKqz.jpg</fanart>
</item>
<item>
    <title>The First Time (I) (2012)</title>
    <meta>
        <content>movie</content>
        <imdb>tt1763303</imdb>
        <title>The First Time</title>
        <year>I 2012</year>
    </meta>
    <link>
        <sublink>search</sublink>
        <sublink>searchsd</sublink>
    </link>
    <thumbnail>https://image.tmdb.org/t/p/w1280/snjMdf7vmpM5fQT5IWLKORmO4PA.jpg</thumbnail>
    <fanart>https://image.tmdb.org/t/p/w1280/A5QzvRYQwbVTpvP3nauE5ZDvbV3.jpg</fanart>
</item>
<item>
    <title>The Art of Getting By (2011)</title>
    <meta>
        <content>movie</content>
        <imdb>tt1645080</imdb>
        <title>The Art of Getting By</title>
        <year>2011</year>
    </meta>
    <link>
        <sublink>search</sublink>
        <sublink>searchsd</sublink>
    </link>
    <thumbnail>https://image.tmdb.org/t/p/w1280/5J7d5YNbOvTxYnIRYiJBOmmpYAf.jpg</thumbnail>
    <fanart>https://image.tmdb.org/t/p/w1280/hJxUb5YljPWhoJPoQyctlMxxNS4.jpg</fanart>
</item>
<item>
    <title>Palo Alto (2013)</title>
    <meta>
        <content>movie</content>
        <imdb>tt2479800</imdb>
        <title>Palo Alto</title>
        <year>2013</year>
    </meta>
    <link>
        <sublink>search</sublink>
        <sublink>searchsd</sublink>
    </link>
    <thumbnail>https://image.tmdb.org/t/p/w1280/5r84O9PuuNBPP8rBDhxBobLcS1L.jpg</thumbnail>
    <fanart>https://image.tmdb.org/t/p/w1280/kJKeI1WllbdMbjAoLxpAhbapL36.jpg</fanart>
</item>
<item>
    <title>Before We Go (I) (2014)</title>
    <meta>
        <content>movie</content>
        <imdb>tt0443465</imdb>
        <title>Before We Go</title>
        <year>I 2014</year>
    </meta>
    <link>
        <sublink>search</sublink>
        <sublink>searchsd</sublink>
    </link>
    <thumbnail>https://image.tmdb.org/t/p/w1280/b9YNJaIqkA2zoNdP4ORtpVMnmVo.jpg</thumbnail>
    <fanart>https://image.tmdb.org/t/p/w1280/5Crlde8Sl9a3xaDXYtqA9cW4o8n.jpg</fanart>
</item>
<item>
    <title>Barefoot (I) (2014)</title>
    <meta>
        <content>movie</content>
        <imdb>tt2355495</imdb>
        <title>Barefoot</title>
        <year>I 2014</year>
    </meta>
    <link>
        <sublink>search</sublink>
        <sublink>searchsd</sublink>
    </link>
    <thumbnail>https://image.tmdb.org/t/p/w1280/m8iFS5IW1LSEX0and2FEWzy6GCX.jpg</thumbnail>
    <fanart>https://image.tmdb.org/t/p/w1280/yc4fcOo8ZGFtm3U7aAA1Sn8EV4l.jpg</fanart>
</item>
<item>
    <title>Kimi no na wa. (2016)</title>
    <meta>
        <content>movie</content>
        <imdb>tt5311514</imdb>
        <title>Kimi no na wa.</title>
        <year>2016</year>
    </meta>
    <link>
        <sublink>search</sublink>
        <sublink>searchsd</sublink>
    </link>
    <thumbnail>https://image.tmdb.org/t/p/w1280/xq1Ugd62d23K2knRUx6xxuALTZB.jpg</thumbnail>
    <fanart>https://image.tmdb.org/t/p/w1280/6vkhRvsRvWpmaRVyCXaxTkIEb7j.jpg</fanart>
</item>
<item>
    <title>Love, Rosie (2014)</title>
    <meta>
        <content>movie</content>
        <imdb>tt1638002</imdb>
        <title>Love, Rosie</title>
        <year>2014</year>
    </meta>
    <link>
        <sublink>search</sublink>
        <sublink>searchsd</sublink>
    </link>
    <thumbnail>https://image.tmdb.org/t/p/w1280/qGYr7P3s0gx5YLvrILnbAkpTt1K.jpg</thumbnail>
    <fanart>https://image.tmdb.org/t/p/w1280/hLFp6unynz4cBa6BJwrH0s27vn9.jpg</fanart>
</item>
<item>
    <title>Safe Haven (I) (2013)</title>
    <meta>
        <content>movie</content>
        <imdb>tt1702439</imdb>
        <title>Safe Haven</title>
        <year>I 2013</year>
    </meta>
    <link>
        <sublink>search</sublink>
        <sublink>searchsd</sublink>
    </link>
    <thumbnail>https://image.tmdb.org/t/p/w1280/q5u3anNtsMoCFi1uwK2UfWHkOFt.jpg</thumbnail>
    <fanart>https://image.tmdb.org/t/p/w1280/rxWM3Jnb4sCmmyALeSwK6RlyooP.jpg</fanart>
</item>
<item>
    <title>The Vow (2012)</title>
    <meta>
        <content>movie</content>
        <imdb>tt1606389</imdb>
        <title>The Vow</title>
        <year>2012</year>
    </meta>
    <link>
        <sublink>search</sublink>
        <sublink>searchsd</sublink>
    </link>
    <thumbnail>https://image.tmdb.org/t/p/w1280/qHNjcjKa6VHJsa0Eu0DHl2BaYw3.jpg</thumbnail>
    <fanart>https://image.tmdb.org/t/p/w1280/cfp28CJU7Xak3MEjjIMkZLkTtIW.jpg</fanart>
</item>
<item>
    <title>The Time Traveler's Wife (2009)</title>
    <meta>
        <content>movie</content>
        <imdb>tt0452694</imdb>
        <title>The Time Traveler's Wife</title>
        <year>2009</year>
    </meta>
    <link>
        <sublink>search</sublink>
        <sublink>searchsd</sublink>
    </link>
    <thumbnail>https://image.tmdb.org/t/p/w1280/ayGp00uS6XRrNfbR59XWrJh9jpC.jpg</thumbnail>
    <fanart>https://image.tmdb.org/t/p/w1280/2Po4fvS46AAshzDZGDdjkrVxPo8.jpg</fanart>
</item>
<item>
    <title>Remember Me (2010)</title>
    <meta>
        <content>movie</content>
        <imdb>tt1403981</imdb>
        <title>Remember Me</title>
        <year>2010</year>
    </meta>
    <link>
        <sublink>search</sublink>
        <sublink>searchsd</sublink>
    </link>
    <thumbnail>https://image.tmdb.org/t/p/w1280/rlWRvkApEUM33yOPmzULJwUnAZI.jpg</thumbnail>
    <fanart>https://image.tmdb.org/t/p/w1280/odKg5tSXB5C6d8IgrAen7Te1pK9.jpg</fanart>
</item>
<item>
    <title>No Strings Attached (I) (2011)</title>
    <meta>
        <content>movie</content>
        <imdb>tt1411238</imdb>
        <title>No Strings Attached</title>
        <year>I 2011</year>
    </meta>
    <link>
        <sublink>search</sublink>
        <sublink>searchsd</sublink>
    </link>
    <thumbnail>https://image.tmdb.org/t/p/w1280/1AxDwc2eugEvG4dRTear9q8Hzmw.jpg</thumbnail>
    <fanart>https://image.tmdb.org/t/p/w1280/tlbGPwXp2eWZaijWqYXiHYwKuF8.jpg</fanart>
</item>
<item>
    <title>Friends with Benefits (2011)</title>
    <meta>
        <content>movie</content>
        <imdb>tt1632708</imdb>
        <title>Friends with Benefits</title>
        <year>2011</year>
    </meta>
    <link>
        <sublink>search</sublink>
        <sublink>searchsd</sublink>
    </link>
    <thumbnail>https://image.tmdb.org/t/p/w1280/tmVuyRSS9RYFs73YGbMnFous7DH.jpg</thumbnail>
    <fanart>https://image.tmdb.org/t/p/w1280/liq5ljqURqLiBUgMkNiR388ZuSH.jpg</fanart>
</item>
<item>
    <title>Me Before You (2016)</title>
    <meta>
        <content>movie</content>
        <imdb>tt2674426</imdb>
        <title>Me Before You</title>
        <year>2016</year>
    </meta>
    <link>
        <sublink>search</sublink>
        <sublink>searchsd</sublink>
    </link>
    <thumbnail>https://image.tmdb.org/t/p/w1280/oN5lELHH5Xheiy0YdhnY3JB4hx2.jpg</thumbnail>
    <fanart>https://image.tmdb.org/t/p/w1280/o4lxNwKJz8oq3R0kLOIsDlHbDhZ.jpg</fanart>
</item>
<item>
    <title>Endless Love (2014)</title>
    <meta>
        <content>movie</content>
        <imdb>tt2318092</imdb>
        <title>Endless Love</title>
        <year>2014</year>
    </meta>
    <link>
        <sublink>search</sublink>
        <sublink>searchsd</sublink>
    </link>
    <thumbnail>https://image.tmdb.org/t/p/w1280/wWkTnQosziIXEePOyunr53el8fe.jpg</thumbnail>
    <fanart>https://image.tmdb.org/t/p/w1280/bjfbRKvXv9KiMTXz3xt8BpB7ikA.jpg</fanart>
</item>
<item>
    <title>Like Crazy (2011)</title>
    <meta>
        <content>movie</content>
        <imdb>tt1758692</imdb>
        <title>Like Crazy</title>
        <year>2011</year>
    </meta>
    <link>
        <sublink>search</sublink>
        <sublink>searchsd</sublink>
    </link>
    <thumbnail>https://image.tmdb.org/t/p/w1280/2fZBxMPmUdvDW7XKj9yD6RBpkRF.jpg</thumbnail>
    <fanart>https://image.tmdb.org/t/p/w1280/llyyZzIlmReLc2Gd5CiGbercbjk.jpg</fanart>
</item>
<item>
    <title>The Theory of Everything (2014)</title>
    <meta>
        <content>movie</content>
        <imdb>tt2980516</imdb>
        <title>The Theory of Everything</title>
        <year>2014</year>
    </meta>
    <link>
        <sublink>search</sublink>
        <sublink>searchsd</sublink>
    </link>
    <thumbnail>https://image.tmdb.org/t/p/w1280/4jspr8hLLuju59bCnMiefzRW4p0.jpg</thumbnail>
    <fanart>https://image.tmdb.org/t/p/w1280/geAe08WmchATnZF461WffQBqJk1.jpg</fanart>
</item>
<item>
    <title>Chalet Girl (2011)</title>
    <meta>
        <content>movie</content>
        <imdb>tt1487118</imdb>
        <title>Chalet Girl</title>
        <year>2011</year>
    </meta>
    <link>
        <sublink>search</sublink>
        <sublink>searchsd</sublink>
    </link>
    <thumbnail>https://image.tmdb.org/t/p/w1280/64AQrBEKJVSIRaocOCtkMqExToz.jpg</thumbnail>
    <fanart>https://image.tmdb.org/t/p/w1280/2rFdargv1GI7U8e43KfgOZQnNgq.jpg</fanart>
</item>
<item>
    <title>About Time (I) (2013)</title>
    <meta>
        <content>movie</content>
        <imdb>tt2194499</imdb>
        <title>About Time</title>
        <year>I 2013</year>
    </meta>
    <link>
        <sublink>search</sublink>
        <sublink>searchsd</sublink>
    </link>
    <thumbnail>https://image.tmdb.org/t/p/w1280/zSuh8dGwqpsWR7ccvYbfxbSZ37o.jpg</thumbnail>
    <fanart>https://image.tmdb.org/t/p/w1280/oNBv90rLY76ifEExrFHdJgLzBQG.jpg</fanart>
</item>
<item>
    <title>Love & Other Drugs (2010)</title>
    <meta>
        <content>movie</content>
        <imdb>tt0758752</imdb>
        <title>Love & Other Drugs</title>
        <year>2010</year>
    </meta>
    <link>
        <sublink>search</sublink>
        <sublink>searchsd</sublink>
    </link>
    <thumbnail>https://image.tmdb.org/t/p/w1280/4jU64i4kAEtQUlsYsQPAdfpI7aP.jpg</thumbnail>
    <fanart>https://image.tmdb.org/t/p/w1280/oCS8EsEPOe6YfBfwBDRwvHBl1FN.jpg</fanart>
</item>
<item>
    <title>Crazy, Stupid, Love. (2011)</title>
    <meta>
        <content>movie</content>
        <imdb>tt1570728</imdb>
        <title>Crazy, Stupid, Love.</title>
        <year>2011</year>
    </meta>
    <link>
        <sublink>search</sublink>
        <sublink>searchsd</sublink>
    </link>
    <thumbnail>https://image.tmdb.org/t/p/w1280/n97V1WcpoJ8gBA0pM48Om05o2fN.jpg</thumbnail>
    <fanart>https://image.tmdb.org/t/p/w1280/6ECnUXleS9G2O02f1b5tvZiVn3D.jpg</fanart>
</item>
<item>
    <title>The Choice (I) (2016)</title>
    <meta>
        <content>movie</content>
        <imdb>tt3797868</imdb>
        <title>The Choice</title>
        <year>I 2016</year>
    </meta>
    <link>
        <sublink>search</sublink>
        <sublink>searchsd</sublink>
    </link>
    <thumbnail>https://image.tmdb.org/t/p/w1280/7EenqQdtZjOeBAAlxNtnG1eLHnf.jpg</thumbnail>
    <fanart>https://image.tmdb.org/t/p/w1280/eYc7B29btJ3HEEtyFHJAdyaf902.jpg</fanart>
</item>
<item>
    <title>Drinking Buddies (2013)</title>
    <meta>
        <content>movie</content>
        <imdb>tt2265398</imdb>
        <title>Drinking Buddies</title>
        <year>2013</year>
    </meta>
    <link>
        <sublink>search</sublink>
        <sublink>searchsd</sublink>
    </link>
    <thumbnail>https://image.tmdb.org/t/p/w1280/zongyslIHQmfnf9rgUioPkDaHmq.jpg</thumbnail>
    <fanart>https://image.tmdb.org/t/p/w1280/7XO35t81SB5woNWl2pkq86QN982.jpg</fanart>
</item>
<item>
    <title>Leap Year (2010)</title>
    <meta>
        <content>movie</content>
        <imdb>tt1216492</imdb>
        <title>Leap Year</title>
        <year>2010</year>
    </meta>
    <link>
        <sublink>search</sublink>
        <sublink>searchsd</sublink>
    </link>
    <thumbnail>https://image.tmdb.org/t/p/w1280/zQzJIjlbkjhH5Eu79eH8L3KoEra.jpg</thumbnail>
    <fanart>https://image.tmdb.org/t/p/w1280/b42MurYDtayBtk8WYY7GM4f6agX.jpg</fanart>
</item>
<item>
    <title>Before Sunrise (1995)</title>
    <meta>
        <content>movie</content>
        <imdb>tt0112471</imdb>
        <title>Before Sunrise</title>
        <year>1995</year>
    </meta>
    <link>
        <sublink>search</sublink>
        <sublink>searchsd</sublink>
    </link>
    <thumbnail>https://image.tmdb.org/t/p/w1280/jsQy4ZbPHA8hE2O6QU05PpofI61.jpg</thumbnail>
    <fanart>https://image.tmdb.org/t/p/w1280/x2M8mp6wSU4iFPECacHJkQuuvYx.jpg</fanart>
</item>
<item>
    <title>Before Sunset (2004)</title>
    <meta>
        <content>movie</content>
        <imdb>tt0381681</imdb>
        <title>Before Sunset</title>
        <year>2004</year>
    </meta>
    <link>
        <sublink>search</sublink>
        <sublink>searchsd</sublink>
    </link>
    <thumbnail>https://image.tmdb.org/t/p/w1280/gycdE1ARByGQcK4fYR2mgpU6OO.jpg</thumbnail>
    <fanart>https://image.tmdb.org/t/p/w1280/2Kx2q1GOmYRjxmILEFIusMIGTUc.jpg</fanart>
</item>
<item>
    <title>Before Midnight (2013)</title>
    <meta>
        <content>movie</content>
        <imdb>tt2209418</imdb>
        <title>Before Midnight</title>
        <year>2013</year>
    </meta>
    <link>
        <sublink>search</sublink>
        <sublink>searchsd</sublink>
    </link>
    <thumbnail>https://image.tmdb.org/t/p/w1280/uDdobcCBfPObD2pqDSTjXxELt3c.jpg</thumbnail>
    <fanart>https://image.tmdb.org/t/p/w1280/gXJXJiQtvm0JsSMybsaEQaiQKlq.jpg</fanart>
</item>
<item>
    <title>Liberal Arts (2012)</title>
    <meta>
        <content>movie</content>
        <imdb>tt1872818</imdb>
        <title>Liberal Arts</title>
        <year>2012</year>
    </meta>
    <link>
        <sublink>search</sublink>
        <sublink>searchsd</sublink>
    </link>
    <thumbnail>https://image.tmdb.org/t/p/w1280/c9Q2to1Jpq8a0Zqto6Mqc1ujLYn.jpg</thumbnail>
    <fanart>https://image.tmdb.org/t/p/w1280/z27PNUrpd8WYKSyacfbhUP1u6DR.jpg</fanart>
</item>
<item>
    <title>The Notebook (2004)</title>
    <meta>
        <content>movie</content>
        <imdb>tt0332280</imdb>
        <title>The Notebook</title>
        <year>2004</year>
    </meta>
    <link>
        <sublink>search</sublink>
        <sublink>searchsd</sublink>
    </link>
    <thumbnail>https://image.tmdb.org/t/p/w1280/gMfstesBXKdsHToAUXVPHujUDfb.jpg</thumbnail>
    <fanart>https://image.tmdb.org/t/p/w1280/AprhfmDEwy14xyjaAlcwdLolLjq.jpg</fanart>
</item>
<item>
    <title>Playing It Cool (2014)</title>
    <meta>
        <content>movie</content>
        <imdb>tt2139555</imdb>
        <title>Playing It Cool</title>
        <year>2014</year>
    </meta>
    <link>
        <sublink>search</sublink>
        <sublink>searchsd</sublink>
    </link>
    <thumbnail>https://image.tmdb.org/t/p/w1280none</thumbnail>
    <fanart>https://image.tmdb.org/t/p/w1280none</fanart>
</item>
<item>
    <title>Begin Again (II) (2013)</title>
    <meta>
        <content>movie</content>
        <imdb>tt1980929</imdb>
        <title>Begin Again</title>
        <year>II 2013</year>
    </meta>
    <link>
        <sublink>search</sublink>
        <sublink>searchsd</sublink>
    </link>
    <thumbnail>https://image.tmdb.org/t/p/w1280none</thumbnail>
    <fanart>https://image.tmdb.org/t/p/w1280none</fanart>
</item>
<item>
    <title>The Space Between Us (I) (2017)</title>
    <meta>
        <content>movie</content>
        <imdb>tt3922818</imdb>
        <title>The Space Between Us</title>
        <year>I 2017</year>
    </meta>
    <link>
        <sublink>search</sublink>
        <sublink>searchsd</sublink>
    </link>
    <thumbnail>https://image.tmdb.org/t/p/w1280none</thumbnail>
    <fanart>https://image.tmdb.org/t/p/w1280none</fanart>
</item>
<item>
    <title>Gifted (2017)</title>
    <meta>
        <content>movie</content>
        <imdb>tt4481414</imdb>
        <title>Gifted</title>
        <year>2017</year>
    </meta>
    <link>
        <sublink>search</sublink>
        <sublink>searchsd</sublink>
    </link>
    <thumbnail>https://image.tmdb.org/t/p/w1280none</thumbnail>
    <fanart>https://image.tmdb.org/t/p/w1280none</fanart>
</item>
<item>
    <title>Laggies (2014)</title>
    <meta>
        <content>movie</content>
        <imdb>tt2034031</imdb>
        <title>Laggies</title>
        <year>2014</year>
    </meta>
    <link>
        <sublink>search</sublink>
        <sublink>searchsd</sublink>
    </link>
    <thumbnail>https://image.tmdb.org/t/p/w1280none</thumbnail>
    <fanart>https://image.tmdb.org/t/p/w1280none</fanart>
</item>
<item>
    <title>Koe no katachi (2016)</title>
    <meta>
        <content>movie</content>
        <imdb>tt5323662</imdb>
        <title>Koe no katachi</title>
        <year>2016</year>
    </meta>
    <link>
        <sublink>search</sublink>
        <sublink>searchsd</sublink>
    </link>
    <thumbnail>https://image.tmdb.org/t/p/w1280none</thumbnail>
    <fanart>https://image.tmdb.org/t/p/w1280none</fanart>
</item>
<item>
    <title>Short Term 12 (2013)</title>
    <meta>
        <content>movie</content>
        <imdb>tt2370248</imdb>
        <title>Short Term 12</title>
        <year>2013</year>
    </meta>
    <link>
        <sublink>search</sublink>
        <sublink>searchsd</sublink>
    </link>
    <thumbnail>https://image.tmdb.org/t/p/w1280none</thumbnail>
    <fanart>https://image.tmdb.org/t/p/w1280none</fanart>
</item>
<item>
    <title>Manchester by the Sea (2016)</title>
    <meta>
        <content>movie</content>
        <imdb>tt4034228</imdb>
        <title>Manchester by the Sea</title>
        <year>2016</year>
    </meta>
    <link>
        <sublink>search</sublink>
        <sublink>searchsd</sublink>
    </link>
    <thumbnail>https://image.tmdb.org/t/p/w1280none</thumbnail>
    <fanart>https://image.tmdb.org/t/p/w1280none</fanart>
</item>
<item>
    <title>50/50 (2011)</title>
    <meta>
        <content>movie</content>
        <imdb>tt1306980</imdb>
        <title>50/50</title>
        <year>2011</year>
    </meta>
    <link>
        <sublink>search</sublink>
        <sublink>searchsd</sublink>
    </link>
    <thumbnail>https://image.tmdb.org/t/p/w1280none</thumbnail>
    <fanart>https://image.tmdb.org/t/p/w1280none</fanart>
</item>
<item>
    <title>Me and Earl and the Dying Girl (2015)</title>
    <meta>
        <content>movie</content>
        <imdb>tt2582496</imdb>
        <title>Me and Earl and the Dying Girl</title>
        <year>2015</year>
    </meta>
    <link>
        <sublink>search</sublink>
        <sublink>searchsd</sublink>
    </link>
    <thumbnail>https://image.tmdb.org/t/p/w1280none</thumbnail>
    <fanart>https://image.tmdb.org/t/p/w1280none</fanart>
</item>
