<item>
    <title>Lust, Caution (2007)</title>
    <meta>
        <content>movie</content>
        <imdb>tt0808357</imdb>
        <title>Lust, Caution</title>
        <year>2007</year>
    </meta>
    <link>
        <sublink>search</sublink>
        <sublink>searchsd</sublink>
    </link>
    <thumbnail>https://image.tmdb.org/t/p/w1280/1voAijiJYzN3pNyo90ffd6WOKik.jpg</thumbnail>
    <fanart>https://image.tmdb.org/t/p/w1280/xpNWY9tLtsn5jNTqu4BITfMmeRy.jpg</fanart>
</item>
<item>
    <title>The Lover (1992)</title>
    <meta>
        <content>movie</content>
        <imdb>tt0101316</imdb>
        <title>The Lover</title>
        <year>1992</year>
    </meta>
    <link>
        <sublink>search</sublink>
        <sublink>searchsd</sublink>
    </link>
    <thumbnail>https://image.tmdb.org/t/p/w1280/iey1UA4hav2cn60qGi1zgKxpPBl.jpg</thumbnail>
    <fanart>https://image.tmdb.org/t/p/w1280/zRAgf1F0rRp0Tys8AnMWGBFJRZv.jpg</fanart>
</item>
<item>
    <title>Lolita (1997)</title>
    <meta>
        <content>movie</content>
        <imdb>tt0119558</imdb>
        <title>Lolita</title>
        <year>1997</year>
    </meta>
    <link>
        <sublink>search</sublink>
        <sublink>searchsd</sublink>
    </link>
    <thumbnail>https://image.tmdb.org/t/p/w1280/OIr00PiBax9HaQu658xMyRYv0q.jpg</thumbnail>
    <fanart>https://image.tmdb.org/t/p/w1280/vMRSYEA8Tb5l5e5ZjIxNM2v1ZTi.jpg</fanart>
</item>
<item>
    <title>Damage (1992)</title>
    <meta>
        <content>movie</content>
        <imdb>tt0104237</imdb>
        <title>Damage</title>
        <year>1992</year>
    </meta>
    <link>
        <sublink>search</sublink>
        <sublink>searchsd</sublink>
    </link>
    <thumbnail>https://image.tmdb.org/t/p/w1280/cmR8sXNPjvIgxuffM2sb4yaeC4W.jpg</thumbnail>
    <fanart>https://image.tmdb.org/t/p/w1280/fyWAQvLjmRoKi93d8eBjaRwzkNN.jpg</fanart>
</item>
<item>
    <title>Adoration (2013)</title>
    <meta>
        <content>movie</content>
        <imdb>tt2103267</imdb>
        <title>Adoration</title>
        <year>2013</year>
    </meta>
    <link>
        <sublink>search</sublink>
        <sublink>searchsd</sublink>
    </link>
    <thumbnail>https://image.tmdb.org/t/p/w1280/l2OTtTGfSfBRKArvzn14sk3xiNL.jpg</thumbnail>
    <fanart>https://image.tmdb.org/t/p/w1280/ymkmGKZdhbthgiHsHvXPFLOmTY2.jpg</fanart>
</item>
<item>
    <title>The Name of the Rose (1986)</title>
    <meta>
        <content>movie</content>
        <imdb>tt0091605</imdb>
        <title>The Name of the Rose</title>
        <year>1986</year>
    </meta>
    <link>
        <sublink>search</sublink>
        <sublink>searchsd</sublink>
    </link>
    <thumbnail>https://image.tmdb.org/t/p/w1280/dk3Vmp86t4lacnI3sQuU9ihOCUh.jpg</thumbnail>
    <fanart>https://image.tmdb.org/t/p/w1280/qthiIjX8Lt4Jg6hqPAdp2EIyJss.jpg</fanart>
</item>
<item>
    <title>The Night Porter (1974)</title>
    <meta>
        <content>movie</content>
        <imdb>tt0071910</imdb>
        <title>The Night Porter</title>
        <year>1974</year>
    </meta>
    <link>
        <sublink>search</sublink>
        <sublink>searchsd</sublink>
    </link>
    <thumbnail>https://image.tmdb.org/t/p/w1280/qrUtVZB0yTCzfz4DdmsKRdmjtFQ.jpg</thumbnail>
    <fanart>https://image.tmdb.org/t/p/w1280/xbQPQQ4VbzNM4GYSDiYzsVPX2LH.jpg</fanart>
</item>
<item>
    <title>Brokeback Mountain (2005)</title>
    <meta>
        <content>movie</content>
        <imdb>tt0388795</imdb>
        <title>Brokeback Mountain</title>
        <year>2005</year>
    </meta>
    <link>
        <sublink>search</sublink>
        <sublink>searchsd</sublink>
    </link>
    <thumbnail>https://image.tmdb.org/t/p/w1280/z2DqVxj17aW6xpimRlCLfhKSfUm.jpg</thumbnail>
    <fanart>https://image.tmdb.org/t/p/w1280/4BMel8xxSed1pCkPSGc9R3jsUtC.jpg</fanart>
</item>
<item>
    <title>Her (2013)</title>
    <meta>
        <content>movie</content>
        <imdb>tt1798709</imdb>
        <title>Her</title>
        <year>2013</year>
    </meta>
    <link>
        <sublink>search</sublink>
        <sublink>searchsd</sublink>
    </link>
    <thumbnail>https://image.tmdb.org/t/p/w1280/fsoTLnUXEUTNuVCBxAJMY0HPPd.jpg</thumbnail>
    <fanart>https://image.tmdb.org/t/p/w1280/4f4tWe6uhwtuKMygfIAytR2W0pj.jpg</fanart>
</item>
<item>
    <title>Carol (2015)</title>
    <meta>
        <content>movie</content>
        <imdb>tt2402927</imdb>
        <title>Carol</title>
        <year>2015</year>
    </meta>
    <link>
        <sublink>search</sublink>
        <sublink>searchsd</sublink>
    </link>
    <thumbnail>https://image.tmdb.org/t/p/w1280/AbKa7ANxmui0Jmhh7gV7OSELKIL.jpg</thumbnail>
    <fanart>https://image.tmdb.org/t/p/w1280/knczzNAjBXzSYkeWxoT1u9VNmjR.jpg</fanart>
</item>
<item>
    <title>Never Let Me Go (2010)</title>
    <meta>
        <content>movie</content>
        <imdb>tt1334260</imdb>
        <title>Never Let Me Go</title>
        <year>2010</year>
    </meta>
    <link>
        <sublink>search</sublink>
        <sublink>searchsd</sublink>
    </link>
    <thumbnail>https://image.tmdb.org/t/p/w1280/i5sE6EINofvT7Xq0rpZz9jRbRMS.jpg</thumbnail>
    <fanart>https://image.tmdb.org/t/p/w1280/91usy6D1cqS6xcj7t3gN6wfOBk3.jpg</fanart>
</item>
<item>
    <title>The Edge of Love (2008)</title>
    <meta>
        <content>movie</content>
        <imdb>tt0819714</imdb>
        <title>The Edge of Love</title>
        <year>2008</year>
    </meta>
    <link>
        <sublink>search</sublink>
        <sublink>searchsd</sublink>
    </link>
    <thumbnail>https://image.tmdb.org/t/p/w1280/st2NkP8YllYIB3UG4lnLE9zS789.jpg</thumbnail>
    <fanart>https://image.tmdb.org/t/p/w1280/u7DGUMQ1ZC8Bu7klWC0JC6VEH0H.jpg</fanart>
</item>
<item>
    <title>The Reader (2008)</title>
    <meta>
        <content>movie</content>
        <imdb>tt0976051</imdb>
        <title>The Reader</title>
        <year>2008</year>
    </meta>
    <link>
        <sublink>search</sublink>
        <sublink>searchsd</sublink>
    </link>
    <thumbnail>https://image.tmdb.org/t/p/w1280/mEqgCzhGO3gi9DkevgM7N6a5mY3.jpg</thumbnail>
    <fanart>https://image.tmdb.org/t/p/w1280/nsqs8dV3DBeheey1qqnbTD4LSHW.jpg</fanart>
</item>
<item>
    <title>Dirty Dancing (1987)</title>
    <meta>
        <content>movie</content>
        <imdb>tt0092890</imdb>
        <title>Dirty Dancing</title>
        <year>1987</year>
    </meta>
    <link>
        <sublink>search</sublink>
        <sublink>searchsd</sublink>
    </link>
    <thumbnail>https://image.tmdb.org/t/p/w1280/jFoktPxTtabZfh9JeDy3F78g9w7.jpg</thumbnail>
    <fanart>https://image.tmdb.org/t/p/w1280/ngDmpFRzNGr9XMtKchhBZjt4DLH.jpg</fanart>
</item>
<item>
    <title>Titanic (1997)</title>
    <meta>
        <content>movie</content>
        <imdb>tt0120338</imdb>
        <title>Titanic</title>
        <year>1997</year>
    </meta>
    <link>
        <sublink>search</sublink>
        <sublink>searchsd</sublink>
    </link>
    <thumbnail>https://image.tmdb.org/t/p/w1280/kHXEpyfl6zqn8a6YuozZUujufXf.jpg</thumbnail>
    <fanart>https://image.tmdb.org/t/p/w1280/fVcZErSWa7gyENuj8IWp8eAfCnL.jpg</fanart>
</item>
<item>
    <title>The Notebook (2004)</title>
    <meta>
        <content>movie</content>
        <imdb>tt0332280</imdb>
        <title>The Notebook</title>
        <year>2004</year>
    </meta>
    <link>
        <sublink>search</sublink>
        <sublink>searchsd</sublink>
    </link>
    <thumbnail>https://image.tmdb.org/t/p/w1280/gMfstesBXKdsHToAUXVPHujUDfb.jpg</thumbnail>
    <fanart>https://image.tmdb.org/t/p/w1280/AprhfmDEwy14xyjaAlcwdLolLjq.jpg</fanart>
</item>
<item>
    <title>Breezy (1973)</title>
    <meta>
        <content>movie</content>
        <imdb>tt0069822</imdb>
        <title>Breezy</title>
        <year>1973</year>
    </meta>
    <link>
        <sublink>search</sublink>
        <sublink>searchsd</sublink>
    </link>
    <thumbnail>https://image.tmdb.org/t/p/w1280/mhQkFM5oqpNlGn14bb94IGgTgJQ.jpg</thumbnail>
    <fanart>https://image.tmdb.org/t/p/w1280/yFSeSRfKVJRKAVJGSivE6FSXH9P.jpg</fanart>
</item>
<item>
    <title>The Bridges of Madison County (1995)</title>
    <meta>
        <content>movie</content>
        <imdb>tt0112579</imdb>
        <title>The Bridges of Madison County</title>
        <year>1995</year>
    </meta>
    <link>
        <sublink>search</sublink>
        <sublink>searchsd</sublink>
    </link>
    <thumbnail>https://image.tmdb.org/t/p/w1280/czRuGEx9Yhnh6nApirTLPToxHNu.jpg</thumbnail>
    <fanart>https://image.tmdb.org/t/p/w1280/yVyaYQ6SZYasB1hJiqr1CHgwr4R.jpg</fanart>
</item>
<item>
    <title>West Side Story (1961)</title>
    <meta>
        <content>movie</content>
        <imdb>tt0055614</imdb>
        <title>West Side Story</title>
        <year>1961</year>
    </meta>
    <link>
        <sublink>search</sublink>
        <sublink>searchsd</sublink>
    </link>
    <thumbnail>https://image.tmdb.org/t/p/w1280/2apEtTvPUFHW2MDEfEhmJldrhcb.jpg</thumbnail>
    <fanart>https://image.tmdb.org/t/p/w1280/wgjArGrch7ezI5hGjaB1oj2yb2C.jpg</fanart>
</item>
<item>
    <title>Elegy (I) (2008)</title>
    <meta>
        <content>movie</content>
        <imdb>tt0974554</imdb>
        <title>Elegy</title>
        <year>I 2008</year>
    </meta>
    <link>
        <sublink>search</sublink>
        <sublink>searchsd</sublink>
    </link>
    <thumbnail>https://image.tmdb.org/t/p/w1280/vNS5v3OUlQyYVY4yk7E8a2x2HEH.jpg</thumbnail>
    <fanart>https://image.tmdb.org/t/p/w1280/ib4Ho9DTHWahR00bRWRenVeGyCb.jpg</fanart>
</item>
<item>
    <title>Savage Grace (2007)</title>
    <meta>
        <content>movie</content>
        <imdb>tt0379976</imdb>
        <title>Savage Grace</title>
        <year>2007</year>
    </meta>
    <link>
        <sublink>search</sublink>
        <sublink>searchsd</sublink>
    </link>
    <thumbnail>https://image.tmdb.org/t/p/w1280/zVM3178x9AIsMjHVtu34CKfa8JI.jpg</thumbnail>
    <fanart>https://image.tmdb.org/t/p/w1280/46guGXJPtVj7Ft0iGFOcyhfsH42.jpg</fanart>
</item>
<item>
    <title>Close My Eyes (1991)</title>
    <meta>
        <content>movie</content>
        <imdb>tt0101595</imdb>
        <title>Close My Eyes</title>
        <year>1991</year>
    </meta>
    <link>
        <sublink>search</sublink>
        <sublink>searchsd</sublink>
    </link>
    <thumbnail>https://image.tmdb.org/t/p/w1280/r6llY1uyhQOXLh8lFuohoed315.jpg</thumbnail>
    <fanart>https://image.tmdb.org/t/p/w1280/qGHzWm4MlXLXueFyHfDc3QFYKBk.jpg</fanart>
</item>
<item>
    <title>Luna (1979)</title>
    <meta>
        <content>movie</content>
        <imdb>tt0079495</imdb>
        <title>Luna</title>
        <year>1979</year>
    </meta>
    <link>
        <sublink>search</sublink>
        <sublink>searchsd</sublink>
    </link>
    <thumbnail>https://image.tmdb.org/t/p/w1280/sNtQ7FXrpV1qlmC0p4MfiqmJ4QP.jpg</thumbnail>
    <fanart>https://image.tmdb.org/t/p/w1280/aD0lQiJhQdeTD7My1ePSSMf8jfY.jpg</fanart>
</item>
<item>
    <title>Harold and Maude (1971)</title>
    <meta>
        <content>movie</content>
        <imdb>tt0067185</imdb>
        <title>Harold and Maude</title>
        <year>1971</year>
    </meta>
    <link>
        <sublink>search</sublink>
        <sublink>searchsd</sublink>
    </link>
    <thumbnail>https://image.tmdb.org/t/p/w1280/xqay68babjK46U9WBFD2TmtnGcx.jpg</thumbnail>
    <fanart>https://image.tmdb.org/t/p/w1280/fKVS7oPfdjFam3YbgDjOHivTkGU.jpg</fanart>
</item>
<item>
    <title>Little Children (2006)</title>
    <meta>
        <content>movie</content>
        <imdb>tt0404203</imdb>
        <title>Little Children</title>
        <year>2006</year>
    </meta>
    <link>
        <sublink>search</sublink>
        <sublink>searchsd</sublink>
    </link>
    <thumbnail>https://image.tmdb.org/t/p/w1280/225OXhGllrBJ6FWaYyiosxDU1us.jpg</thumbnail>
    <fanart>https://image.tmdb.org/t/p/w1280/5RYylTj1WAO0kVoaY0o3wDfZSpg.jpg</fanart>
</item>
<item>
    <title>The Thorn Birds (1983)</title>
    <meta>
        <content>movie</content>
        <imdb>tt0085101</imdb>
        <title>The Thorn Birds</title>
        <year>1983</year>
    </meta>
    <link>
        <sublink>search</sublink>
        <sublink>searchsd</sublink>
    </link>
    <thumbnail>https://image.tmdb.org/t/p/w1280none</thumbnail>
    <fanart>https://image.tmdb.org/t/p/w1280none</fanart>
</item>
<item>
    <title>Breathe In (2013)</title>
    <meta>
        <content>movie</content>
        <imdb>tt1999987</imdb>
        <title>Breathe In</title>
        <year>2013</year>
    </meta>
    <link>
        <sublink>search</sublink>
        <sublink>searchsd</sublink>
    </link>
    <thumbnail>https://image.tmdb.org/t/p/w1280/8PYhHXwXgXvEiwPcTgeSaYqITe1.jpg</thumbnail>
    <fanart>https://image.tmdb.org/t/p/w1280/cuWOIF8eFArFJzpZ80RW9pbvyoF.jpg</fanart>
</item>
<item>
    <title>Legends of the Fall (1994)</title>
    <meta>
        <content>movie</content>
        <imdb>tt0110322</imdb>
        <title>Legends of the Fall</title>
        <year>1994</year>
    </meta>
    <link>
        <sublink>search</sublink>
        <sublink>searchsd</sublink>
    </link>
    <thumbnail>https://image.tmdb.org/t/p/w1280/uh0sJcx3SLtclJSuKAXl6Tt6AV0.jpg</thumbnail>
    <fanart>https://image.tmdb.org/t/p/w1280/jet7PQMY8aVzxBvkpG4P0eQI2n6.jpg</fanart>
</item>
<item>
    <title>My Best Friend's Girl (2008)</title>
    <meta>
        <content>movie</content>
        <imdb>tt1046163</imdb>
        <title>My Best Friend's Girl</title>
        <year>2008</year>
    </meta>
    <link>
        <sublink>search</sublink>
        <sublink>searchsd</sublink>
    </link>
    <thumbnail>https://image.tmdb.org/t/p/w1280/l6OAtXIo1xerbwo8xezvqr6s27Q.jpg</thumbnail>
    <fanart>https://image.tmdb.org/t/p/w1280/wEvAB2DlKbnKx41g18cFHjgz4Pj.jpg</fanart>
</item>
<item>
    <title>Something Borrowed (2011)</title>
    <meta>
        <content>movie</content>
        <imdb>tt0491152</imdb>
        <title>Something Borrowed</title>
        <year>2011</year>
    </meta>
    <link>
        <sublink>search</sublink>
        <sublink>searchsd</sublink>
    </link>
    <thumbnail>https://image.tmdb.org/t/p/w1280/yQ7xDM7y0mIAuvkRoOFOuxhv0Zy.jpg</thumbnail>
    <fanart>https://image.tmdb.org/t/p/w1280/zsyu6szRiyS1BSEqWQcHegV9uSO.jpg</fanart>
</item>
<item>
    <title>Love Actually (2003)</title>
    <meta>
        <content>movie</content>
        <imdb>tt0314331</imdb>
        <title>Love Actually</title>
        <year>2003</year>
    </meta>
    <link>
        <sublink>search</sublink>
        <sublink>searchsd</sublink>
    </link>
    <thumbnail>https://image.tmdb.org/t/p/w1280/kfX8Ctin3fSZbdnjh6CXSNZUOVP.jpg</thumbnail>
    <fanart>https://image.tmdb.org/t/p/w1280/cgHEM9JuK7XhZXJsLHCnJmu5uQr.jpg</fanart>
</item>
<item>
    <title>Last Night (I) (2010)</title>
    <meta>
        <content>movie</content>
        <imdb>tt1294688</imdb>
        <title>Last Night</title>
        <year>I 2010</year>
    </meta>
    <link>
        <sublink>search</sublink>
        <sublink>searchsd</sublink>
    </link>
    <thumbnail>https://image.tmdb.org/t/p/w1280/dspTY7C3IHXsMm5dZVQqqgfPHbN.jpg</thumbnail>
    <fanart>https://image.tmdb.org/t/p/w1280/3JwMtXzTndAQDkRtg43bG6EEkf4.jpg</fanart>
</item>
<item>
    <title>Edward Scissorhands (1990)</title>
    <meta>
        <content>movie</content>
        <imdb>tt0099487</imdb>
        <title>Edward Scissorhands</title>
        <year>1990</year>
    </meta>
    <link>
        <sublink>search</sublink>
        <sublink>searchsd</sublink>
    </link>
    <thumbnail>https://image.tmdb.org/t/p/w1280/kgLTB53HinftRRwhft7yrUOclDC.jpg</thumbnail>
    <fanart>https://image.tmdb.org/t/p/w1280/8XVovs4mLYZmmr2pgU5KYXkohcP.jpg</fanart>
</item>
<item>
    <title>Ghost World (2001)</title>
    <meta>
        <content>movie</content>
        <imdb>tt0162346</imdb>
        <title>Ghost World</title>
        <year>2001</year>
    </meta>
    <link>
        <sublink>search</sublink>
        <sublink>searchsd</sublink>
    </link>
    <thumbnail>https://image.tmdb.org/t/p/w1280/2qdw5cGpXcG56j5pWU4e6UYKk0v.jpg</thumbnail>
    <fanart>https://image.tmdb.org/t/p/w1280/faB6wyGOaILrJ0FwV2t9XWbvg9E.jpg</fanart>
</item>
<item>
    <title>Some Kind of Beautiful (II) (2014)</title>
    <meta>
        <content>movie</content>
        <imdb>tt1725986</imdb>
        <title>Some Kind of Beautiful</title>
        <year>II 2014</year>
    </meta>
    <link>
        <sublink>search</sublink>
        <sublink>searchsd</sublink>
    </link>
    <thumbnail>https://image.tmdb.org/t/p/w1280/gNISIaKnEnoUTFVJIOMnOT0HuIh.jpg</thumbnail>
    <fanart>https://image.tmdb.org/t/p/w1280/kYFffvENJIFYixhH9iVzybBx2JC.jpg</fanart>
</item>
<item>
    <title>Lxc3xa9on: The Professional (1994)</title>
    <meta>
        <content>movie</content>
        <imdb>tt0110413</imdb>
        <title>Lxc3xa9on: The Professional</title>
        <year>1994</year>
    </meta>
    <link>
        <sublink>search</sublink>
        <sublink>searchsd</sublink>
    </link>
    <thumbnail>https://image.tmdb.org/t/p/w1280/gE8S02QUOhVnAmYu4tcrBlMTujz.jpg</thumbnail>
    <fanart>https://image.tmdb.org/t/p/w1280/mGN0lH2phYfesyEVqP2xvGUaxAQ.jpg</fanart>
</item>
<item>
    <title>Jin ling shi san chai (2011)</title>
    <meta>
        <content>movie</content>
        <imdb>tt1410063</imdb>
        <title>Jin ling shi san chai</title>
        <year>2011</year>
    </meta>
    <link>
        <sublink>search</sublink>
        <sublink>searchsd</sublink>
    </link>
    <thumbnail>https://image.tmdb.org/t/p/w1280/s9Lgt28YhHIVllsF3N1FxwNuGre.jpg</thumbnail>
    <fanart>https://image.tmdb.org/t/p/w1280/iJNkqCLAHm9hseBMLFeuwxD7Wpo.jpg</fanart>
</item>
<item>
    <title>Oldeuboi (2003)</title>
    <meta>
        <content>movie</content>
        <imdb>tt0364569</imdb>
        <title>Oldeuboi</title>
        <year>2003</year>
    </meta>
    <link>
        <sublink>search</sublink>
        <sublink>searchsd</sublink>
    </link>
    <thumbnail>https://image.tmdb.org/t/p/w1280/rIZX6X0MIHYEebk6W4LABT9VP2c.jpg</thumbnail>
    <fanart>https://image.tmdb.org/t/p/w1280/qUxC2uJnHgGKq6Qvy4sYPxy0hoJ.jpg</fanart>
</item>
<item>
    <title>Allied (2016)</title>
    <meta>
        <content>movie</content>
        <imdb>tt3640424</imdb>
        <title>Allied</title>
        <year>2016</year>
    </meta>
    <link>
        <sublink>search</sublink>
        <sublink>searchsd</sublink>
    </link>
    <thumbnail>https://image.tmdb.org/t/p/w1280/nzXzLFTnd0Zb3ExfhOxlQgizgSu.jpg</thumbnail>
    <fanart>https://image.tmdb.org/t/p/w1280/tC0tVH5KQhCwMlddnyA3iWOSuBA.jpg</fanart>
</item>
<item>
    <title>Despite the Falling Snow (2016)</title>
    <meta>
        <content>movie</content>
        <imdb>tt2474932</imdb>
        <title>Despite the Falling Snow</title>
        <year>2016</year>
    </meta>
    <link>
        <sublink>search</sublink>
        <sublink>searchsd</sublink>
    </link>
    <thumbnail>https://image.tmdb.org/t/p/w1280/c4m0eNAK16gJejhbYkhn89NrXO9.jpg</thumbnail>
    <fanart>https://image.tmdb.org/t/p/w1280/pISAdcw80xGj8BOMPVWpFerg48f.jpg</fanart>
</item>
<item>
    <title>Suite Franxc3xa7aise (2014)</title>
    <meta>
        <content>movie</content>
        <imdb>tt0900387</imdb>
        <title>Suite Franxc3xa7aise</title>
        <year>2014</year>
    </meta>
    <link>
        <sublink>search</sublink>
        <sublink>searchsd</sublink>
    </link>
    <thumbnail>https://image.tmdb.org/t/p/w1280none</thumbnail>
    <fanart>https://image.tmdb.org/t/p/w1280none</fanart>
</item>
<item>
    <title>China Girl (1987)</title>
    <meta>
        <content>movie</content>
        <imdb>tt0092751</imdb>
        <title>China Girl</title>
        <year>1987</year>
    </meta>
    <link>
        <sublink>search</sublink>
        <sublink>searchsd</sublink>
    </link>
    <thumbnail>https://image.tmdb.org/t/p/w1280none</thumbnail>
    <fanart>https://image.tmdb.org/t/p/w1280none</fanart>
</item>
<item>
    <title>The Vicious Kind (2009)</title>
    <meta>
        <content>movie</content>
        <imdb>tt1183921</imdb>
        <title>The Vicious Kind</title>
        <year>2009</year>
    </meta>
    <link>
        <sublink>search</sublink>
        <sublink>searchsd</sublink>
    </link>
    <thumbnail>https://image.tmdb.org/t/p/w1280none</thumbnail>
    <fanart>https://image.tmdb.org/t/p/w1280none</fanart>
</item>
<item>
    <title>A United Kingdom (2016)</title>
    <meta>
        <content>movie</content>
        <imdb>tt3387266</imdb>
        <title>A United Kingdom</title>
        <year>2016</year>
    </meta>
    <link>
        <sublink>search</sublink>
        <sublink>searchsd</sublink>
    </link>
    <thumbnail>https://image.tmdb.org/t/p/w1280none</thumbnail>
    <fanart>https://image.tmdb.org/t/p/w1280none</fanart>
</item>
<item>
    <title>Loving (2016)</title>
    <meta>
        <content>movie</content>
        <imdb>tt4669986</imdb>
        <title>Loving</title>
        <year>2016</year>
    </meta>
    <link>
        <sublink>search</sublink>
        <sublink>searchsd</sublink>
    </link>
    <thumbnail>https://image.tmdb.org/t/p/w1280none</thumbnail>
    <fanart>https://image.tmdb.org/t/p/w1280none</fanart>
</item>
<item>
    <title>Emperor (2012)</title>
    <meta>
        <content>movie</content>
        <imdb>tt2103264</imdb>
        <title>Emperor</title>
        <year>2012</year>
    </meta>
    <link>
        <sublink>search</sublink>
        <sublink>searchsd</sublink>
    </link>
    <thumbnail>https://image.tmdb.org/t/p/w1280none</thumbnail>
    <fanart>https://image.tmdb.org/t/p/w1280none</fanart>
</item>
<item>
    <title>Labor Day (2013)</title>
    <meta>
        <content>movie</content>
        <imdb>tt1967545</imdb>
        <title>Labor Day</title>
        <year>2013</year>
    </meta>
    <link>
        <sublink>search</sublink>
        <sublink>searchsd</sublink>
    </link>
    <thumbnail>https://image.tmdb.org/t/p/w1280none</thumbnail>
    <fanart>https://image.tmdb.org/t/p/w1280none</fanart>
</item>
<item>
    <title>Nyfes (2004)</title>
    <meta>
        <content>movie</content>
        <imdb>tt0368619</imdb>
        <title>Nyfes</title>
        <year>2004</year>
    </meta>
    <link>
        <sublink>search</sublink>
        <sublink>searchsd</sublink>
    </link>
    <thumbnail>https://image.tmdb.org/t/p/w1280none</thumbnail>
    <fanart>https://image.tmdb.org/t/p/w1280none</fanart>
</item>
<item>
    <title>The Age of Adaline (2015)</title>
    <meta>
        <content>movie</content>
        <imdb>tt1655441</imdb>
        <title>The Age of Adaline</title>
        <year>2015</year>
    </meta>
    <link>
        <sublink>search</sublink>
        <sublink>searchsd</sublink>
    </link>
    <thumbnail>https://image.tmdb.org/t/p/w1280none</thumbnail>
    <fanart>https://image.tmdb.org/t/p/w1280none</fanart>
</item>
<item>
    <title>Camp X-Ray (2014)</title>
    <meta>
        <content>movie</content>
        <imdb>tt2994190</imdb>
        <title>Camp X-Ray</title>
        <year>2014</year>
    </meta>
    <link>
        <sublink>search</sublink>
        <sublink>searchsd</sublink>
    </link>
    <thumbnail>https://image.tmdb.org/t/p/w1280none</thumbnail>
    <fanart>https://image.tmdb.org/t/p/w1280none</fanart>
</item>
<item>
    <title>Water for Elephants (2011)</title>
    <meta>
        <content>movie</content>
        <imdb>tt1067583</imdb>
        <title>Water for Elephants</title>
        <year>2011</year>
    </meta>
    <link>
        <sublink>search</sublink>
        <sublink>searchsd</sublink>
    </link>
    <thumbnail>https://image.tmdb.org/t/p/w1280none</thumbnail>
    <fanart>https://image.tmdb.org/t/p/w1280none</fanart>
</item>
<item>
    <title>Freeheld (2015)</title>
    <meta>
        <content>movie</content>
        <imdb>tt1658801</imdb>
        <title>Freeheld</title>
        <year>2015</year>
    </meta>
    <link>
        <sublink>search</sublink>
        <sublink>searchsd</sublink>
    </link>
    <thumbnail>https://image.tmdb.org/t/p/w1280none</thumbnail>
    <fanart>https://image.tmdb.org/t/p/w1280none</fanart>
</item>
<item>
    <title>Bicentennial Man (1999)</title>
    <meta>
        <content>movie</content>
        <imdb>tt0182789</imdb>
        <title>Bicentennial Man</title>
        <year>1999</year>
    </meta>
    <link>
        <sublink>search</sublink>
        <sublink>searchsd</sublink>
    </link>
    <thumbnail>https://image.tmdb.org/t/p/w1280none</thumbnail>
    <fanart>https://image.tmdb.org/t/p/w1280none</fanart>
</item>
<item>
    <title>xc3x89perdument (2016)</title>
    <meta>
        <content>movie</content>
        <imdb>tt4428762</imdb>
        <title>xc3x89perdument</title>
        <year>2016</year>
    </meta>
    <link>
        <sublink>search</sublink>
        <sublink>searchsd</sublink>
    </link>
    <thumbnail>https://image.tmdb.org/t/p/w1280none</thumbnail>
    <fanart>https://image.tmdb.org/t/p/w1280none</fanart>
</item>
<item>
    <title>Una (2016)</title>
    <meta>
        <content>movie</content>
        <imdb>tt2315582</imdb>
        <title>Una</title>
        <year>2016</year>
    </meta>
    <link>
        <sublink>search</sublink>
        <sublink>searchsd</sublink>
    </link>
    <thumbnail>https://image.tmdb.org/t/p/w1280none</thumbnail>
    <fanart>https://image.tmdb.org/t/p/w1280none</fanart>
</item>
<item>
    <title>The Diary of a Teenage Girl (2015)</title>
    <meta>
        <content>movie</content>
        <imdb>tt3172532</imdb>
        <title>The Diary of a Teenage Girl</title>
        <year>2015</year>
    </meta>
    <link>
        <sublink>search</sublink>
        <sublink>searchsd</sublink>
    </link>
    <thumbnail>https://image.tmdb.org/t/p/w1280none</thumbnail>
    <fanart>https://image.tmdb.org/t/p/w1280none</fanart>
</item>
<item>
    <title>Out in the Dark (2012)</title>
    <meta>
        <content>movie</content>
        <imdb>tt2318625</imdb>
        <title>Out in the Dark</title>
        <year>2012</year>
    </meta>
    <link>
        <sublink>search</sublink>
        <sublink>searchsd</sublink>
    </link>
    <thumbnail>https://image.tmdb.org/t/p/w1280none</thumbnail>
    <fanart>https://image.tmdb.org/t/p/w1280none</fanart>
</item>
<item>
    <title>Belle du Seigneur (2012)</title>
    <meta>
        <content>movie</content>
        <imdb>tt0810772</imdb>
        <title>Belle du Seigneur</title>
        <year>2012</year>
    </meta>
    <link>
        <sublink>search</sublink>
        <sublink>searchsd</sublink>
    </link>
    <thumbnail>https://image.tmdb.org/t/p/w1280none</thumbnail>
    <fanart>https://image.tmdb.org/t/p/w1280none</fanart>
</item>
<item>
    <title>Cathrine (2008)</title>
    <meta>
        <content>movie</content>
        <imdb>tt1320242</imdb>
        <title>Cathrine</title>
        <year>2008</year>
    </meta>
    <link>
        <sublink>search</sublink>
        <sublink>searchsd</sublink>
    </link>
    <thumbnail>https://image.tmdb.org/t/p/w1280none</thumbnail>
    <fanart>https://image.tmdb.org/t/p/w1280none</fanart>
</item>
<item>
    <title>W.E. (2011)</title>
    <meta>
        <content>movie</content>
        <imdb>tt1536048</imdb>
        <title>W.E.</title>
        <year>2011</year>
    </meta>
    <link>
        <sublink>search</sublink>
        <sublink>searchsd</sublink>
    </link>
    <thumbnail>https://image.tmdb.org/t/p/w1280none</thumbnail>
    <fanart>https://image.tmdb.org/t/p/w1280none</fanart>
</item>
<item>
    <title>Josie (2018)</title>
    <meta>
        <content>movie</content>
        <imdb>tt4682780</imdb>
        <title>Josie</title>
        <year>2018</year>
    </meta>
    <link>
        <sublink>search</sublink>
        <sublink>searchsd</sublink>
    </link>
    <thumbnail>https://image.tmdb.org/t/p/w1280none</thumbnail>
    <fanart>https://image.tmdb.org/t/p/w1280none</fanart>
</item>
<item>
    <title>Amira & Sam (2014)</title>
    <meta>
        <content>movie</content>
        <imdb>tt3139538</imdb>
        <title>Amira & Sam</title>
        <year>2014</year>
    </meta>
    <link>
        <sublink>search</sublink>
        <sublink>searchsd</sublink>
    </link>
    <thumbnail>https://image.tmdb.org/t/p/w1280none</thumbnail>
    <fanart>https://image.tmdb.org/t/p/w1280none</fanart>
</item>
<item>
    <title>Brothers (I) (2009)</title>
    <meta>
        <content>movie</content>
        <imdb>tt0765010</imdb>
        <title>Brothers</title>
        <year>I 2009</year>
    </meta>
    <link>
        <sublink>search</sublink>
        <sublink>searchsd</sublink>
    </link>
    <thumbnail>https://image.tmdb.org/t/p/w1280none</thumbnail>
    <fanart>https://image.tmdb.org/t/p/w1280none</fanart>
</item>
<item>
    <title>Lovers of the Arctic Circle (1998)</title>
    <meta>
        <content>movie</content>
        <imdb>tt0133363</imdb>
        <title>Lovers of the Arctic Circle</title>
        <year>1998</year>
    </meta>
    <link>
        <sublink>search</sublink>
        <sublink>searchsd</sublink>
    </link>
    <thumbnail>https://image.tmdb.org/t/p/w1280none</thumbnail>
    <fanart>https://image.tmdb.org/t/p/w1280none</fanart>
</item>
<item>
    <title>The War Zone (1999)</title>
    <meta>
        <content>movie</content>
        <imdb>tt0141974</imdb>
        <title>The War Zone</title>
        <year>1999</year>
    </meta>
    <link>
        <sublink>search</sublink>
        <sublink>searchsd</sublink>
    </link>
    <thumbnail>https://image.tmdb.org/t/p/w1280none</thumbnail>
    <fanart>https://image.tmdb.org/t/p/w1280none</fanart>
</item>
<item>
    <title>Lolita (1962)</title>
    <meta>
        <content>movie</content>
        <imdb>tt0056193</imdb>
        <title>Lolita</title>
        <year>1962</year>
    </meta>
    <link>
        <sublink>search</sublink>
        <sublink>searchsd</sublink>
    </link>
    <thumbnail>https://image.tmdb.org/t/p/w1280none</thumbnail>
    <fanart>https://image.tmdb.org/t/p/w1280none</fanart>
</item>
<item>
    <title>The Ballad of Jack and Rose (2005)</title>
    <meta>
        <content>movie</content>
        <imdb>tt0357110</imdb>
        <title>The Ballad of Jack and Rose</title>
        <year>2005</year>
    </meta>
    <link>
        <sublink>search</sublink>
        <sublink>searchsd</sublink>
    </link>
    <thumbnail>https://image.tmdb.org/t/p/w1280none</thumbnail>
    <fanart>https://image.tmdb.org/t/p/w1280none</fanart>
</item>
<item>
    <title>Lars and the Real Girl (2007)</title>
    <meta>
        <content>movie</content>
        <imdb>tt0805564</imdb>
        <title>Lars and the Real Girl</title>
        <year>2007</year>
    </meta>
    <link>
        <sublink>search</sublink>
        <sublink>searchsd</sublink>
    </link>
    <thumbnail>https://image.tmdb.org/t/p/w1280none</thumbnail>
    <fanart>https://image.tmdb.org/t/p/w1280none</fanart>
</item>
<item>
    <title>Hard Candy (2005)</title>
    <meta>
        <content>movie</content>
        <imdb>tt0424136</imdb>
        <title>Hard Candy</title>
        <year>2005</year>
    </meta>
    <link>
        <sublink>search</sublink>
        <sublink>searchsd</sublink>
    </link>
    <thumbnail>https://image.tmdb.org/t/p/w1280none</thumbnail>
    <fanart>https://image.tmdb.org/t/p/w1280none</fanart>
</item>
<item>
    <title>Butterfly (1982)</title>
    <meta>
        <content>movie</content>
        <imdb>tt0082122</imdb>
        <title>Butterfly</title>
        <year>1982</year>
    </meta>
    <link>
        <sublink>search</sublink>
        <sublink>searchsd</sublink>
    </link>
    <thumbnail>https://image.tmdb.org/t/p/w1280none</thumbnail>
    <fanart>https://image.tmdb.org/t/p/w1280none</fanart>
</item>
<item>
    <title>Boku wa imxc3xb4to ni koi wo suru (2007)</title>
    <meta>
        <content>movie</content>
        <imdb>tt0871977</imdb>
        <title>Boku wa imxc3xb4to ni koi wo suru</title>
        <year>2007</year>
    </meta>
    <link>
        <sublink>search</sublink>
        <sublink>searchsd</sublink>
    </link>
    <thumbnail>https://image.tmdb.org/t/p/w1280none</thumbnail>
    <fanart>https://image.tmdb.org/t/p/w1280none</fanart>
</item>
<item>
    <title>Beautiful Kate (2009)</title>
    <meta>
        <content>movie</content>
        <imdb>tt1209377</imdb>
        <title>Beautiful Kate</title>
        <year>2009</year>
    </meta>
    <link>
        <sublink>search</sublink>
        <sublink>searchsd</sublink>
    </link>
    <thumbnail>https://image.tmdb.org/t/p/w1280none</thumbnail>
    <fanart>https://image.tmdb.org/t/p/w1280none</fanart>
</item>
<item>
    <title>Beau Pere (1981)</title>
    <meta>
        <content>movie</content>
        <imdb>tt0082054</imdb>
        <title>Beau Pere</title>
        <year>1981</year>
    </meta>
    <link>
        <sublink>search</sublink>
        <sublink>searchsd</sublink>
    </link>
    <thumbnail>https://image.tmdb.org/t/p/w1280/sQUXwGsLMzJKLOqMp0TOpSvPHar.jpg</thumbnail>
    <fanart>https://image.tmdb.org/t/p/w1280/ozdFXXJLALXEQAVhrvWUu2BOsJy.jpg</fanart>
</item>
<item>
    <title>Zusje (1995)</title>
    <meta>
        <content>movie</content>
        <imdb>tt0115067</imdb>
        <title>Zusje</title>
        <year>1995</year>
    </meta>
    <link>
        <sublink>search</sublink>
        <sublink>searchsd</sublink>
    </link>
    <thumbnail>https://image.tmdb.org/t/p/w1280/uBqv1a3zoqczG2BRseGGiBpbsJ9.jpg</thumbnail>
    <fanart>https://image.tmdb.org/t/p/w1280/c15KYM4bnpNrOhtTZjuhpnnNQ9h.jpg</fanart>
</item>
<item>
    <title>The Hotel New Hampshire (1984)</title>
    <meta>
        <content>movie</content>
        <imdb>tt0087428</imdb>
        <title>The Hotel New Hampshire</title>
        <year>1984</year>
    </meta>
    <link>
        <sublink>search</sublink>
        <sublink>searchsd</sublink>
    </link>
    <thumbnail>https://image.tmdb.org/t/p/w1280/vgT2qf9re4XrC6OrZ2eEY4o4aTC.jpg</thumbnail>
    <fanart>https://image.tmdb.org/t/p/w1280/aMhz0t8JHgQU7J06flb8Lp5egm2.jpg</fanart>
</item>
<item>
    <title>Charlotte (1981)</title>
    <meta>
        <content>movie</content>
        <imdb>tt0080518</imdb>
        <title>Charlotte</title>
        <year>1981</year>
    </meta>
    <link>
        <sublink>search</sublink>
        <sublink>searchsd</sublink>
    </link>
    <thumbnail>https://image.tmdb.org/t/p/w1280none</thumbnail>
    <fanart>https://image.tmdb.org/t/p/w1280none</fanart>
</item>
<item>
    <title>The Cement Garden (1993)</title>
    <meta>
        <content>movie</content>
        <imdb>tt0106535</imdb>
        <title>The Cement Garden</title>
        <year>1993</year>
    </meta>
    <link>
        <sublink>search</sublink>
        <sublink>searchsd</sublink>
    </link>
    <thumbnail>https://image.tmdb.org/t/p/w1280/7bVAVixfrGcy8SeKElC8t2FynEd.jpg</thumbnail>
    <fanart>https://image.tmdb.org/t/p/w1280/4TDPg0783dc2jVyJZbQ0jxslLz6.jpg</fanart>
</item>
<item>
    <title>Murderous Maids (2000)</title>
    <meta>
        <content>movie</content>
        <imdb>tt0216578</imdb>
        <title>Murderous Maids</title>
        <year>2000</year>
    </meta>
    <link>
        <sublink>search</sublink>
        <sublink>searchsd</sublink>
    </link>
    <thumbnail>https://image.tmdb.org/t/p/w1280/23sKuH7h2EAFIUi8eDt81GCLCUn.jpg</thumbnail>
    <fanart>https://image.tmdb.org/t/p/w1280/ykhynOuD7nSoCFh0nHX23DDFEVE.jpg</fanart>
</item>
<item>
    <title>Delta (2008)</title>
    <meta>
        <content>movie</content>
        <imdb>tt0910860</imdb>
        <title>Delta</title>
        <year>2008</year>
    </meta>
    <link>
        <sublink>search</sublink>
        <sublink>searchsd</sublink>
    </link>
    <thumbnail>https://image.tmdb.org/t/p/w1280/ctYB2wLpyG3VTVtghu9XAXjTFdi.jpg</thumbnail>
    <fanart>https://image.tmdb.org/t/p/w1280/mzEAJOka6MN9CuVndovVeNvS39M.jpg</fanart>
</item>
<item>
    <title>Sick Girl (2007)</title>
    <meta>
        <content>movie</content>
        <imdb>tt1078931</imdb>
        <title>Sick Girl</title>
        <year>2007</year>
    </meta>
    <link>
        <sublink>search</sublink>
        <sublink>searchsd</sublink>
    </link>
    <thumbnail>https://image.tmdb.org/t/p/w1280/oLQek0pLfFjOGfgrdNngfhXb1sc.jpg</thumbnail>
    <fanart>https://image.tmdb.org/t/p/w1280/7VTD4lN2I6fYmAJ6MDRQCROIDQK.jpg</fanart>
</item>
<item>
    <title>Gxc3xa9minis (2005)</title>
    <meta>
        <content>movie</content>
        <imdb>tt0366544</imdb>
        <title>Gxc3xa9minis</title>
        <year>2005</year>
    </meta>
    <link>
        <sublink>search</sublink>
        <sublink>searchsd</sublink>
    </link>
    <thumbnail>https://image.tmdb.org/t/p/w1280/aC6BSWHdHGgBvCFtJ4yiC9D31QK.jpg</thumbnail>
    <fanart>https://image.tmdb.org/t/p/w1280none</fanart>
</item>
<item>
    <title>Blood (2004)</title>
    <meta>
        <content>movie</content>
        <imdb>tt0423869</imdb>
        <title>Blood</title>
        <year>2004</year>
    </meta>
    <link>
        <sublink>search</sublink>
        <sublink>searchsd</sublink>
    </link>
    <thumbnail>https://image.tmdb.org/t/p/w1280/ykdkDu3Sah3avxCm2KsWZztNu7S.jpg</thumbnail>
    <fanart>https://image.tmdb.org/t/p/w1280/u1ckHPqqS3zBIhZJMMwumaTwo8x.jpg</fanart>
</item>
<item>
    <title>Daniel and Ana (2009)</title>
    <meta>
        <content>movie</content>
        <imdb>tt1392888</imdb>
        <title>Daniel and Ana</title>
        <year>2009</year>
    </meta>
    <link>
        <sublink>search</sublink>
        <sublink>searchsd</sublink>
    </link>
    <thumbnail>https://image.tmdb.org/t/p/w1280/e88N56FrJm7j9mBl2qF8L0TNaFf.jpg</thumbnail>
    <fanart>https://image.tmdb.org/t/p/w1280/QOb69oQRW8miL5QaiBUsPd3Rjq.jpg</fanart>
</item>
<item>
    <title>Sitcom (1998)</title>
    <meta>
        <content>movie</content>
        <imdb>tt0157044</imdb>
        <title>Sitcom</title>
        <year>1998</year>
    </meta>
    <link>
        <sublink>search</sublink>
        <sublink>searchsd</sublink>
    </link>
    <thumbnail>https://image.tmdb.org/t/p/w1280/fZqanl6sCC29zU1K2v2mpuWyyYw.jpg</thumbnail>
    <fanart>https://image.tmdb.org/t/p/w1280/y8pSHizNkEVXKEjiMthVNJpkf8R.jpg</fanart>
</item>
<item>
    <title>Visszaesxc3xb6k (1983)</title>
    <meta>
        <content>movie</content>
        <imdb>tt0084871</imdb>
        <title>Visszaesxc3xb6k</title>
        <year>1983</year>
    </meta>
    <link>
        <sublink>search</sublink>
        <sublink>searchsd</sublink>
    </link>
    <thumbnail>https://image.tmdb.org/t/p/w1280/pkrmFg6Z10m5OeWjkjdooVtEJ5K.jpg</thumbnail>
    <fanart>https://image.tmdb.org/t/p/w1280none</fanart>
</item>
<item>
    <title>Vixen! (1968)</title>
    <meta>
        <content>movie</content>
        <imdb>tt0063787</imdb>
        <title>Vixen!</title>
        <year>1968</year>
    </meta>
    <link>
        <sublink>search</sublink>
        <sublink>searchsd</sublink>
    </link>
    <thumbnail>https://image.tmdb.org/t/p/w1280/2Trtrpx9KTYKGPqfnaacf6diVPJ.jpg</thumbnail>
    <fanart>https://image.tmdb.org/t/p/w1280/icPV18iO18q8QWSPbIByucRdLHU.jpg</fanart>
</item>
<item>
    <title>Amityville II: The Possession (1982)</title>
    <meta>
        <content>movie</content>
        <imdb>tt0083550</imdb>
        <title>Amityville II: The Possession</title>
        <year>1982</year>
    </meta>
    <link>
        <sublink>search</sublink>
        <sublink>searchsd</sublink>
    </link>
    <thumbnail>https://image.tmdb.org/t/p/w1280/qzvf4p6bKyadZQo2aZFsR4uuT2W.jpg</thumbnail>
    <fanart>https://image.tmdb.org/t/p/w1280/rZHdqFaKU6FuSCfchnyjm8nMjrd.jpg</fanart>
</item>
<item>
    <title>Flowers in the Attic (1987)</title>
    <meta>
        <content>movie</content>
        <imdb>tt0093036</imdb>
        <title>Flowers in the Attic</title>
        <year>1987</year>
    </meta>
    <link>
        <sublink>search</sublink>
        <sublink>searchsd</sublink>
    </link>
    <thumbnail>https://image.tmdb.org/t/p/w1280/iWjTabMSFvoeqWVctwi34q3wGrr.jpg</thumbnail>
    <fanart>https://image.tmdb.org/t/p/w1280/6kERRYBCm8OnHo6T1oT8sIrkg4I.jpg</fanart>
</item>
<item>
    <title>Sandra (1965)</title>
    <meta>
        <content>movie</content>
        <imdb>tt0059856</imdb>
        <title>Sandra</title>
        <year>1965</year>
    </meta>
    <link>
        <sublink>search</sublink>
        <sublink>searchsd</sublink>
    </link>
    <thumbnail>https://image.tmdb.org/t/p/w1280/gJoIgAf2BizRD9kRxkOZyXboLg2.jpg</thumbnail>
    <fanart>https://image.tmdb.org/t/p/w1280/djo6g8VOgEtUkVVyNEPTCL1MwLO.jpg</fanart>
</item>
<item>
    <title>Jug Face (2013)</title>
    <meta>
        <content>movie</content>
        <imdb>tt2620736</imdb>
        <title>Jug Face</title>
        <year>2013</year>
    </meta>
    <link>
        <sublink>search</sublink>
        <sublink>searchsd</sublink>
    </link>
    <thumbnail>https://image.tmdb.org/t/p/w1280/tt8B0YEpsMW06Jvom2GuRoA340Y.jpg</thumbnail>
    <fanart>https://image.tmdb.org/t/p/w1280/4RxnVVMDWrX3ZtRFt9MxULnnwOW.jpg</fanart>
</item>
<item>
    <title>Hxc3xb6henfeuer (1985)</title>
    <meta>
        <content>movie</content>
        <imdb>tt0093235</imdb>
        <title>Hxc3xb6henfeuer</title>
        <year>1985</year>
    </meta>
    <link>
        <sublink>search</sublink>
        <sublink>searchsd</sublink>
    </link>
    <thumbnail>https://image.tmdb.org/t/p/w1280/aIfwfOT6buWxhXlVfyt0RO1Kfa4.jpg</thumbnail>
    <fanart>https://image.tmdb.org/t/p/w1280/tyjwjJNohIVByWXWQkz10ZNhCa6.jpg</fanart>
</item>
<item>
    <title>Las edades de Lulxc3xba (1990)</title>
    <meta>
        <content>movie</content>
        <imdb>tt0099484</imdb>
        <title>Las edades de Lulxc3xba</title>
        <year>1990</year>
    </meta>
    <link>
        <sublink>search</sublink>
        <sublink>searchsd</sublink>
    </link>
    <thumbnail>https://image.tmdb.org/t/p/w1280/5PK5MAN84o0ESgzeW9euozOLIEe.jpg</thumbnail>
    <fanart>https://image.tmdb.org/t/p/w1280/tvTyRu9eKfymkje8d9VoWJEoyUv.jpg</fanart>
</item>
<item>
    <title>How to Draw a Perfect Circle (2009)</title>
    <meta>
        <content>movie</content>
        <imdb>tt1138478</imdb>
        <title>How to Draw a Perfect Circle</title>
        <year>2009</year>
    </meta>
    <link>
        <sublink>search</sublink>
        <sublink>searchsd</sublink>
    </link>
    <thumbnail>https://image.tmdb.org/t/p/w1280/u29IBDDXekUkkRh3juVfMXLZ0Q3.jpg</thumbnail>
    <fanart>https://image.tmdb.org/t/p/w1280/g4d8GVcu73TcT6ZhLLX5PH475ui.jpg</fanart>
</item>
<item>
    <title>Sister My Sister (1994)</title>
    <meta>
        <content>movie</content>
        <imdb>tt0111205</imdb>
        <title>Sister My Sister</title>
        <year>1994</year>
    </meta>
    <link>
        <sublink>search</sublink>
        <sublink>searchsd</sublink>
    </link>
    <thumbnail>https://image.tmdb.org/t/p/w1280/82yowf1FSvSILa49SJLIpleIO7Q.jpg</thumbnail>
    <fanart>https://image.tmdb.org/t/p/w1280/NxQaYgA85KrbesMCEfoi4I49WD.jpg</fanart>
</item>
<item>
    <title>The Quiet (2005)</title>
    <meta>
        <content>movie</content>
        <imdb>tt0414951</imdb>
        <title>The Quiet</title>
        <year>2005</year>
    </meta>
    <link>
        <sublink>search</sublink>
        <sublink>searchsd</sublink>
    </link>
    <thumbnail>https://image.tmdb.org/t/p/w1280/GEqIE9YlmygHVUfS64LW2cwAAM.jpg</thumbnail>
    <fanart>https://image.tmdb.org/t/p/w1280/6eyWAZA4CEidZW1xXnQ4vlYBXTP.jpg</fanart>
</item>
<item>
    <title>Charlotte for Ever (1986)</title>
    <meta>
        <content>movie</content>
        <imdb>tt0090815</imdb>
        <title>Charlotte for Ever</title>
        <year>1986</year>
    </meta>
    <link>
        <sublink>search</sublink>
        <sublink>searchsd</sublink>
    </link>
    <thumbnail>https://image.tmdb.org/t/p/w1280/kwC3tFxFEpoO8tLGQAfVzOcUtaN.jpg</thumbnail>
    <fanart>https://image.tmdb.org/t/p/w1280/zmGdUMv7kwCkGq8JizonMGG6BEo.jpg</fanart>
</item>
<item>
    <title>Immoral Tales (1973)</title>
    <meta>
        <content>movie</content>
        <imdb>tt0071359</imdb>
        <title>Immoral Tales</title>
        <year>1973</year>
    </meta>
    <link>
        <sublink>search</sublink>
        <sublink>searchsd</sublink>
    </link>
    <thumbnail>https://image.tmdb.org/t/p/w1280/uzm0iK95fM6Th296gNAN3N5374b.jpg</thumbnail>
    <fanart>https://image.tmdb.org/t/p/w1280/7DtY7VDAX2HP7yBjOub5ochTlAW.jpg</fanart>
</item>
<item>
    <title>Ma mxc3xa8re (2004)</title>
    <meta>
        <content>movie</content>
        <imdb>tt0381392</imdb>
        <title>Ma mxc3xa8re</title>
        <year>2004</year>
    </meta>
    <link>
        <sublink>search</sublink>
        <sublink>searchsd</sublink>
    </link>
    <thumbnail>https://image.tmdb.org/t/p/w1280/5hFX9y3WIANslPVeE0ZL9AwZZEa.jpg</thumbnail>
    <fanart>https://image.tmdb.org/t/p/w1280/7HU30Q1ShECYi4tTJ95Y5QMxXmJ.jpg</fanart>
</item>
<item>
    <title>Bad Boy Bubby (1993)</title>
    <meta>
        <content>movie</content>
        <imdb>tt0106341</imdb>
        <title>Bad Boy Bubby</title>
        <year>1993</year>
    </meta>
    <link>
        <sublink>search</sublink>
        <sublink>searchsd</sublink>
    </link>
    <thumbnail>https://image.tmdb.org/t/p/w1280/tvipR7aVSsAbdfMlR4sbEqD1Pgd.jpg</thumbnail>
    <fanart>https://image.tmdb.org/t/p/w1280/mncWOGmjvtH8PFtePIZ3VfNmgGA.jpg</fanart>
</item>
<item>
    <title>Koti-ikxc3xa4vxc3xa4 (2005)</title>
    <meta>
        <content>movie</content>
        <imdb>tt0472536</imdb>
        <title>Koti-ikxc3xa4vxc3xa4</title>
        <year>2005</year>
    </meta>
    <link>
        <sublink>search</sublink>
        <sublink>searchsd</sublink>
    </link>
    <thumbnail>https://image.tmdb.org/t/p/w1280/sBuWJDJncN3A6ApdgxwxFop8x54.jpg</thumbnail>
    <fanart>https://image.tmdb.org/t/p/w1280/ucmIEEEECHgXn6XRtt5sNTs38xm.jpg</fanart>
</item>
<dir>
    <title>[COLOR white]Next Page >>[/COLOR]</title>
    <imdburl>list/ls021124908/?page=2</imdburl>
    <thumbnail>https://image.ibb.co/gtsNjw/next.png</thumbnail>
</dir>
