<item>
    <title>Addicted</title>
    <meta>
        <imdb>tt2205401</imdb>
        <content>movie</content>
        <title>Addicted</title>
        <year>2014</year>
    </meta>
    <link>
        <sublink>search</sublink>
        <sublink>searchsd</sublink>
    </link>
    <thumbnail>https://image.tmdb.org/t/p/w1280//eTB263jLlyiQ6il7P7zjYHHStKd.jpg</thumbnail>
    <fanart>https://image.tmdb.org/t/p/w1280//pyKo4YdezEOI7fTYklIHzrhEkFQ.jpg</fanart>
</item>

<item>
    <title>American Beauty</title>
    <meta>
        <imdb>tt0169547</imdb>
        <content>movie</content>
        <title>American Beauty</title>
        <year>1999</year>
    </meta>
    <link>
        <sublink>search</sublink>
        <sublink>searchsd</sublink>
    </link>
    <thumbnail>https://image.tmdb.org/t/p/w1280//or1MP8BZIAjqWYxPdPX724ydKar.jpg</thumbnail>
    <fanart>https://image.tmdb.org/t/p/w1280//z5J18ByLeOZ68iORfMXmxeFuwyL.jpg</fanart>
</item>

<item>
    <title>The Babysitter</title>
    <meta>
        <imdb>tt0112438</imdb>
        <content>movie</content>
        <title>The Babysitter</title>
        <year>1995</year>
    </meta>
    <link>
        <sublink>search</sublink>
        <sublink>searchsd</sublink>
    </link>
    <thumbnail>https://image.tmdb.org/t/p/w1280//wOv6HKiKTcDiyZRXPOsjm2JhVZV.jpg</thumbnail>
    <fanart>https://image.tmdb.org/t/p/w1280//gB9clIHKCt9lSUA6ejWu75ye78Z.jpg</fanart>
</item>

<item>
    <title>Below Her Mouth</title>
    <meta>
        <imdb>tt5073620</imdb>
        <content>movie</content>
        <title>Below Her Mouth</title>
        <year>2017</year>
    </meta>
    <link>
        <sublink>search</sublink>
        <sublink>searchsd</sublink>
    </link>
    <thumbnail>https://image.tmdb.org/t/p/w1280//nTGbq37hYLuNy7YgMg0gVLma0NS.jpg</thumbnail>
    <fanart>https://image.tmdb.org/t/p/w1280//okSVtwaS8DqLHGe1QQgREf2haCy.jpg</fanart>
</item>
<item>
    <title>Bitter Moon</title>
    <meta>
        <imdb>tt0104779</imdb>
        <content>movie</content>
        <title>Bitter Moon</title>
        <year>1992</year>
    </meta>
    <link>
        <sublink>search</sublink>
        <sublink>searchsd</sublink>
    </link>
    <thumbnail>https://image.tmdb.org/t/p/w1280//sUiqWj0k5oPcThd1WaXvt9Vymzr.jpg</thumbnail>
    <fanart>https://image.tmdb.org/t/p/w1280//aQEByvmVJHPcGXzdYYFJhSitaGW.jpg</fanart>
</item>
<item>
    <title>Black Snake Moan</title>
    <meta>
        <imdb>tt0462200</imdb>
        <content>movie</content>
        <title>Black Snake Moan</title>
        <year>2006</year>
    </meta>
    <link>
        <sublink>search</sublink>
        <sublink>searchsd</sublink>
    </link>
    <thumbnail>https://image.tmdb.org/t/p/w1280//vqSmcjiN3nJVSWumCHcytFVWD03.jpg</thumbnail>
    <fanart>https://image.tmdb.org/t/p/w1280//gaqZmj5ulnXK2QsADxt5A5RXYk2.jpg</fanart>
</item>
<item>
    <title>Blame</title>
    <meta>
        <imdb>tt4607722</imdb>
        <content>movie</content>
        <title>Blame</title>
        <year>2017</year>
    </meta>
    <link>
        <sublink>search</sublink>
        <sublink>searchsd</sublink>
    </link>
    <thumbnail>https://image.tmdb.org/t/p/w1280//eZxDTk0Ln696XV4GY2wDdrf9pc5.jpg</thumbnail>
    <fanart>https://image.tmdb.org/t/p/w1280//bTtcJW5QY2LMVKBdj4cztN1QOeY.jpg</fanart>
</item>
<item>
    <title>Blue Valentine</title>
    <meta>
        <imdb>tt1120985</imdb>
        <content>movie</content>
        <title>Blue Valentine</title>
        <year>2010</year>
    </meta>
    <link>
        <sublink>search</sublink>
        <sublink>searchsd</sublink>
    </link>
    <thumbnail>https://image.tmdb.org/t/p/w1280//r8l15gDSQMupjKXEyXkOMkRpcsn.jpg</thumbnail>
    <fanart>https://image.tmdb.org/t/p/w1280//wZkwWCrqTiYm8uo1ffuoFV8CjIb.jpg</fanart>
</item>
<item>
    <title>Boxing Helena</title>
    <meta>
        <imdb>tt0106471</imdb>
        <content>movie</content>
        <title>Boxing Helena</title>
        <year>1993</year>
    </meta>
    <link>
        <sublink>search</sublink>
        <sublink>searchsd</sublink>
    </link>
    <thumbnail>https://image.tmdb.org/t/p/w1280//eEiCGxRMhU1pAZj03GmnjtVGEiR.jpg</thumbnail>
    <fanart>https://image.tmdb.org/t/p/w1280//i1Anw5nvWqpp5AynA4fbeyiX0Dk.jpg</fanart>
</item>
<item>
    <title>The Boy Next Door</title>
    <meta>
        <imdb>tt3181822</imdb>
        <content>movie</content>
        <title>The Boy Next Door</title>
        <year>2015</year>
    </meta>
    <link>
        <sublink>search</sublink>
        <sublink>searchsd</sublink>
    </link>
    <thumbnail>https://image.tmdb.org/t/p/w1280//h28t2JNNGrZx0fIuAw8aHQFhIxR.jpg</thumbnail>
    <fanart>https://image.tmdb.org/t/p/w1280//vj4IhmH4HCMZYYjTMiYBybTWR5o.jpg</fanart>
</item>
<item>
    <title>Boys Don't Cry</title>
    <meta>
        <imdb>tt0171804</imdb>
        <content>movie</content>
        <title>Boys Don't Cry</title>
        <year>1999</year>
    </meta>
    <link>
        <sublink>search</sublink>
        <sublink>searchsd</sublink>
    </link>
    <thumbnail>https://image.tmdb.org/t/p/w1280//6bqIZTEuJnUrgnxcymciszvOz8J.jpg</thumbnail>
    <fanart>https://image.tmdb.org/t/p/w1280//nriBinb7Y3Bm6LdbmOC0mFxSm8d.jpg</fanart>
</item>
<item>
    <title>Bride of Chucky</title>
    <meta>
        <imdb>tt0144120</imdb>
        <content>movie</content>
        <title>Bride of Chucky</title>
        <year>1998</year>
    </meta>
    <link>
        <sublink>search</sublink>
        <sublink>searchsd</sublink>
    </link>
    <thumbnail>https://image.tmdb.org/t/p/w1280//u5Lc1Li0Hpc452o57E2KaToezZX.jpg</thumbnail>
    <fanart>https://image.tmdb.org/t/p/w1280//8m5RYjYDcsZyFFP0rsfAGJj2lU5.jpg</fanart>
</item>
<item>
    <title>Bride of Re-Animator</title>
    <meta>
        <imdb>tt0099180</imdb>
        <content>movie</content>
        <title>Bride of Re-Animator</title>
        <year>1989</year>
    </meta>
    <link>
        <sublink>search</sublink>
        <sublink>searchsd</sublink>
    </link>
    <thumbnail>https://image.tmdb.org/t/p/w1280//l3cf2OQdozsvr2dk30QQrVvtPcW.jpg</thumbnail>
    <fanart>https://image.tmdb.org/t/p/w1280//oi39dd5OxWkFADMpklXzKeTo1WA.jpg</fanart>
</item>
<item>
    <title>Brooklyn</title>
    <meta>
        <imdb>tt2381111</imdb>
        <content>movie</content>
        <title>Brooklyn</title>
        <year>2015</year>
    </meta>
    <link>
        <sublink>search</sublink>
        <sublink>searchsd</sublink>
    </link>
    <thumbnail>https://image.tmdb.org/t/p/w1280//5R4sbomuxa8wlH1T3WeSUTRZo4z.jpg</thumbnail>
    <fanart>https://image.tmdb.org/t/p/w1280//7fXKVIM8UQBvQ9aQOzFqThlq7eN.jpg</fanart>
</item>
<item>
    <title>Cape Fear</title>
    <meta>
        <imdb>tt0101540</imdb>
        <content>movie</content>
        <title>Cape Fear</title>
        <year>1991</year>
    </meta>
    <link>
        <sublink>search</sublink>
        <sublink>searchsd</sublink>
    </link>
    <thumbnail>https://image.tmdb.org/t/p/w1280//4KvrvcqckdupXXO2YnANtyG7QLK.jpg</thumbnail>
    <fanart>https://image.tmdb.org/t/p/w1280//zDVrWS9PzI0HJU1kyfO6UNsx9br.jpg</fanart>
</item>
<item>
    <title>Casanova</title>
    <meta>
        <imdb>tt0402894</imdb>
        <content>movie</content>
        <title>Casanova</title>
        <year>2005</year>
    </meta>
    <link>
        <sublink>search</sublink>
        <sublink>searchsd</sublink>
    </link>
    <thumbnail>https://image.tmdb.org/t/p/w1280//tX9QmK232VUgnTtOHJXgnqhpDl9.jpg</thumbnail>
    <fanart>https://image.tmdb.org/t/p/w1280//Q4XKnmSBP54jiawMBcGU0sgVcD.jpg</fanart>
</item>
<item>
    <title>Chloe</title>
    <meta>
        <imdb>tt1352824</imdb>
        <content>movie</content>
        <title>Chloe</title>
        <year>2009</year>
    </meta>
    <link>
        <sublink>search</sublink>
        <sublink>searchsd</sublink>
    </link>
    <thumbnail>https://image.tmdb.org/t/p/w1280//9NyVhWbTrCMzWoExYZU54tsDJ6k.jpg</thumbnail>
    <fanart>https://image.tmdb.org/t/p/w1280//qVATwWm9QAjkPNzaZHnEHEYHcyy.jpg</fanart>
</item>
<item>
    <title>Crash</title>
    <meta>
        <imdb>tt0115964</imdb>
        <content>movie</content>
        <title>Crash</title>
        <year>1996</year>
    </meta>
    <link>
        <sublink>search</sublink>
        <sublink>searchsd</sublink>
    </link>
    <thumbnail>https://image.tmdb.org/t/p/w1280//4PDLGJsS5uVBQlYjLMZ7t85dU0P.jpg</thumbnail>
    <fanart>https://image.tmdb.org/t/p/w1280//eHhtUoazdml8CMvzWtpunIyqrZS.jpg</fanart>
</item>
<item>
    <title>Enough</title>
    <meta>
        <imdb>tt0278435</imdb>
        <content>movie</content>
        <title>Enough</title>
        <year>2002</year>
    </meta>
    <link>
        <sublink>search</sublink>
        <sublink>searchsd</sublink>
    </link>
    <thumbnail>https://image.tmdb.org/t/p/w1280//la9F1MVu1nU4v61trp80dVcr5Ij.jpg</thumbnail>
    <fanart>https://image.tmdb.org/t/p/w1280//cy5sGMWhOOz2ksfDgELhaPDnqgm.jpg</fanart>
</item>
<item>
    <title>Eternal Sunshine of the Spotless Mind</title>
    <meta>
        <imdb>tt0338013</imdb>
        <content>movie</content>
        <title>Eternal Sunshine of the Spotless Mind</title>
        <year>2004</year>
    </meta>
    <link>
        <sublink>search</sublink>
        <sublink>searchsd</sublink>
    </link>
    <thumbnail>https://image.tmdb.org/t/p/w1280//7y3eYvTsGjxPYDtSnumCLIMDkrV.jpg</thumbnail>
    <fanart>https://image.tmdb.org/t/p/w1280//1dXTsaFxHoF9cas08UjAqE8NqOW.jpg</fanart>
</item>
<item>
    <title>Eyes Wide Shut</title>
    <meta>
        <imdb>tt0120663</imdb>
        <content>movie</content>
        <title>Eyes Wide Shut</title>
        <year>1999</year>
    </meta>
    <link>
        <sublink>search</sublink>
        <sublink>searchsd</sublink>
    </link>
    <thumbnail>https://image.tmdb.org/t/p/w1280//zTuqPq1PBsIoG2DV9NgKPgdaoSX.jpg</thumbnail>
    <fanart>https://image.tmdb.org/t/p/w1280//nTBRgAF4lWzGZ1GWOqsKkbBNWT.jpg</fanart>
</item>
<item>
    <title>Fatal Attraction</title>
    <meta>
        <imdb>tt0093010</imdb>
        <content>movie</content>
        <title>Fatal Attraction</title>
        <year>1987</year>
    </meta>
    <link>
        <sublink>search</sublink>
        <sublink>searchsd</sublink>
    </link>
    <thumbnail>https://image.tmdb.org/t/p/w1280//qHditPFIFCbXJKGLTPzvIagg6XD.jpg</thumbnail>
    <fanart>https://image.tmdb.org/t/p/w1280//7Vza7sJBA4dJIUioxOtxky4S35m.jpg</fanart>
</item>
<item>
    <title>Fear</title>
    <meta>
        <imdb>tt0116287</imdb>
        <content>movie</content>
        <title>Fear</title>
        <year>1996</year>
    </meta>
    <link>
        <sublink>search</sublink>
        <sublink>searchsd</sublink>
    </link>
    <thumbnail>https://image.tmdb.org/t/p/w1280//reA4wlTY9qGwryVftscFT2q0ZLK.jpg</thumbnail>
    <fanart>https://image.tmdb.org/t/p/w1280//yBQFqrRyvf7WrmEDAzrny982uDJ.jpg</fanart>
</item>
<item>
    <title>Fifty Shades Darker</title>
    <meta>
        <imdb>tt4465564</imdb>
        <content>movie</content>
        <title>Fifty Shades Darker</title>
        <year>2017</year>
    </meta>
    <link>
        <sublink>search</sublink>
        <sublink>searchsd</sublink>
    </link>
    <thumbnail>https://image.tmdb.org/t/p/w1280//wnVHDbGz7RvDAHFAsVVT88FxhrP.jpg</thumbnail>
    <fanart>https://image.tmdb.org/t/p/w1280//16aJtXO6lObbBUr11IvkjB1QD1f.jpg</fanart>
</item>
<item>
    <title>Fifty Shades of Grey</title>
    <meta>
        <imdb>tt2322441</imdb>
        <content>movie</content>
        <title>Fifty Shades of Grey</title>
        <year>2015</year>
    </meta>
    <link>
        <sublink>search</sublink>
        <sublink>searchsd</sublink>
    </link>
    <thumbnail>https://image.tmdb.org/t/p/w1280//jV8wnk3Jgz6f7degmT3lHNGI2tK.jpg</thumbnail>
    <fanart>https://image.tmdb.org/t/p/w1280//zAd0MjURkOvJynIsqmLMBcICxUt.jpg</fanart>
</item>
<item>
    <title>Fur: An Imaginary Portrait of Diane Arbus</title>
    <meta>
        <imdb>tt0422295</imdb>
        <content>movie</content>
        <title>Fur: An Imaginary Portrait of Diane Arbus</title>
        <year>2006</year>
    </meta>
    <link>
        <sublink>search</sublink>
        <sublink>searchsd</sublink>
    </link>
    <thumbnail>https://image.tmdb.org/t/p/w1280//zWyqvtwuPc8Dk7IfCY1XxbNPbij.jpg</thumbnail>
    <fanart>https://image.tmdb.org/t/p/w1280//10CawIERZc2Ca7FXyCAGRly5MOC.jpg</fanart>
</item>
<item>
    <title>The Girl on the Train</title>
    <meta>
        <imdb>tt3631112</imdb>
        <content>movie</content>
        <title>The Girl on the Train</title>
        <year>2016</year>
    </meta>
    <link>
        <sublink>search</sublink>
        <sublink>searchsd</sublink>
    </link>
    <thumbnail>https://image.tmdb.org/t/p/w1280//AhTO2QWG0tug7yDoh0XoaMhPt3J.jpg</thumbnail>
    <fanart>https://image.tmdb.org/t/p/w1280//j8wWhGekyBPlgf2viVkptfwOyWi.jpg</fanart>
</item>
<item>
    <title>Gone Girl</title>
    <meta>
        <imdb>tt2267998</imdb>
        <content>movie</content>
        <title>Gone Girl</title>
        <year>2014</year>
    </meta>
    <link>
        <sublink>search</sublink>
        <sublink>searchsd</sublink>
    </link>
    <thumbnail>https://image.tmdb.org/t/p/w1280//gdiLTof3rbPDAmPaCf4g6op46bj.jpg</thumbnail>
    <fanart>https://image.tmdb.org/t/p/w1280//bt6DhdALyhf90gReozoQ0y3R3vZ.jpg</fanart>
</item>
<item>
    <title>The Great Gatsby</title>
    <meta>
        <imdb>tt1343092</imdb>
        <content>movie</content>
        <title>The Great Gatsby</title>
        <year>2013</year>
    </meta>
    <link>
        <sublink>search</sublink>
        <sublink>searchsd</sublink>
    </link>
    <thumbnail>https://image.tmdb.org/t/p/w1280//oJpOYPpVWyPeunGbbDGH1KFvea0.jpg</thumbnail>
    <fanart>https://image.tmdb.org/t/p/w1280//w8RV2fu8eja5izgTnhaoL2uokqu.jpg</fanart>
</item>
<item>
    <title>Heaven</title>
    <meta>
        <imdb>tt0246677</imdb>
        <content>movie</content>
        <title>Heaven</title>
        <year>2002</year>
    </meta>
    <link>
        <sublink>search</sublink>
        <sublink>searchsd</sublink>
    </link>
    <thumbnail>https://image.tmdb.org/t/p/w1280//xPdtOuGtcQt655uRrmIdBkSRmVx.jpg</thumbnail>
    <fanart>https://image.tmdb.org/t/p/w1280//9vQ6aIaeKgaJg5bPBB96SjrzF3A.jpg</fanart>
</item>
<item>
    <title>In the Land of Blood and Honey</title>
    <meta>
        <imdb>tt1714209</imdb>
        <content>movie</content>
        <title>In the Land of Blood and Honey</title>
        <year>2011</year>
    </meta>
    <link>
        <sublink>search</sublink>
        <sublink>searchsd</sublink>
    </link>
    <thumbnail>https://image.tmdb.org/t/p/w1280//qNtDjUvJ7G6naeGvAmkBKUx1duD.jpg</thumbnail>
    <fanart>https://image.tmdb.org/t/p/w1280//b3N1fPIYAfFxaBQHwegsLEXwRCF.jpg</fanart>
</item>
<item>
    <title>Kalifornia</title>
    <meta>
        <imdb>tt0107302</imdb>
        <content>movie</content>
        <title>Kalifornia</title>
        <year>1993</year>
    </meta>
    <link>
        <sublink>search</sublink>
        <sublink>searchsd</sublink>
    </link>
    <thumbnail>https://image.tmdb.org/t/p/w1280//5KGQYEsJvQdWZQH6o1zIyzkZZRC.jpg</thumbnail>
    <fanart>https://image.tmdb.org/t/p/w1280//ucfWS1l0mVHKOtgL8ew5Y10IZMM.jpg</fanart>
</item>
<item>
    <title>Leaving Las Vegas</title>
    <meta>
        <imdb>tt0113627</imdb>
        <content>movie</content>
        <title>Leaving Las Vegas</title>
        <year>1995</year>
    </meta>
    <link>
        <sublink>search</sublink>
        <sublink>searchsd</sublink>
    </link>
    <thumbnail>https://image.tmdb.org/t/p/w1280//37qHRJxnSh5YkuaN9FgfNnMl3Tj.jpg</thumbnail>
    <fanart>https://image.tmdb.org/t/p/w1280//2gJDuPxrZBns5ab47HQbyU2l6Im.jpg</fanart>
</item>
<item>
    <title>The Loved Ones</title>
    <meta>
        <imdb>tt1316536</imdb>
        <content>movie</content>
        <title>The Loved Ones</title>
        <year>2009</year>
    </meta>
    <link>
        <sublink>search</sublink>
        <sublink>searchsd</sublink>
    </link>
    <thumbnail>https://image.tmdb.org/t/p/w1280//fJXQRtkMKAAmnEYDPaZ4BtsAhL3.jpg</thumbnail>
    <fanart>https://image.tmdb.org/t/p/w1280//adrELaBtSEFvcIlUBQ4SGrrl3Rs.jpg</fanart>
</item>
<item>
    <title>Meet Joe Black</title>
    <meta>
        <imdb>tt0119643</imdb>
        <content>movie</content>
        <title>Meet Joe Black</title>
        <year>1998</year>
    </meta>
    <link>
        <sublink>search</sublink>
        <sublink>searchsd</sublink>
    </link>
    <thumbnail>https://image.tmdb.org/t/p/w1280//3velgL8B8MtsIpRsMuRCNemtBQ9.jpg</thumbnail>
    <fanart>https://image.tmdb.org/t/p/w1280//4iDp0J3bZOqIpwyOU3nvj1FOIXW.jpg</fanart>
</item>
<item>
    <title>Monster's Ball</title>
    <meta>
        <imdb>tt0285742</imdb>
        <content>movie</content>
        <title>Monster's Ball</title>
        <year>2001</year>
    </meta>
    <link>
        <sublink>search</sublink>
        <sublink>searchsd</sublink>
    </link>
    <thumbnail>https://image.tmdb.org/t/p/w1280//s7o0AyOFIYNjTe008pV6EZMI2IP.jpg</thumbnail>
    <fanart>https://image.tmdb.org/t/p/w1280//rNLu39wGShIXz0W28tJqGc44VOz.jpg</fanart>
</item>
<item>
    <title>Natural Born Killers</title>
    <meta>
        <imdb>tt0110632</imdb>
        <content>movie</content>
        <title>Natural Born Killers</title>
        <year>1994</year>
    </meta>
    <link>
        <sublink>search</sublink>
        <sublink>searchsd</sublink>
    </link>
    <thumbnail>https://image.tmdb.org/t/p/w1280//w5sruoTQ87PFAGRJQyyaCOM1C4A.jpg</thumbnail>
    <fanart>https://image.tmdb.org/t/p/w1280//94iFBBjPj0b8OnLew6vKHyf8vaW.jpg</fanart>
</item>
<item>
    <title>Nekromantik</title>
    <meta>
        <imdb>tt0093608</imdb>
        <content>movie</content>
        <title>Nekromantik</title>
        <year>1987</year>
    </meta>
    <link>
        <sublink>search</sublink>
        <sublink>searchsd</sublink>
    </link>
    <thumbnail>https://image.tmdb.org/t/p/w1280//xNKYPkV5965pKkiObDzp9pGKMj7.jpg</thumbnail>
    <fanart>https://image.tmdb.org/t/p/w1280//hRhzlvtJ1rZclNaLLhmaNsJXbWx.jpg</fanart>
</item>
<item>
    <title>Obsessed</title>
    <meta>
        <imdb>tt1198138</imdb>
        <content>movie</content>
        <title>Obsessed</title>
        <year>2009</year>
    </meta>
    <link>
        <sublink>search</sublink>
        <sublink>searchsd</sublink>
    </link>
    <thumbnail>https://image.tmdb.org/t/p/w1280//RWi5OB2Exwvyhvy2xsQSzmJUZm.jpg</thumbnail>
    <fanart>https://image.tmdb.org/t/p/w1280//zl68T4A8iKSgUvRncvFpPATh42L.jpg</fanart>
</item>
<item>
    <title>The Promise</title>
    <meta>
        <imdb>tt4776998</imdb>
        <content>movie</content>
        <title>The Promise</title>
        <year>2016</year>
    </meta>
    <link>
        <sublink>search</sublink>
        <sublink>searchsd</sublink>
    </link>
    <thumbnail>https://image.tmdb.org/t/p/w1280//iDWer2VFikupdqDc7d5sxCWZ3gW.jpg</thumbnail>
    <fanart>https://image.tmdb.org/t/p/w1280//lIGxSu2QrXhOY6sQiiv5amV14wv.jpg</fanart>
</item>
<dir>
    <title>Red Shoe Diaries</title>
    <meta>
        <imdb>tt0103522</imdb>
        <content>tvshow</content>
        <tvshowtitle>Red Shoe Diaries</tvshowtitle>
        <year>1992</year>
    </meta>
    <link>tmdb_tv_show(1082, 1992, Red Shoe Diaries)</link>
    <thumbnail>https://image.tmdb.org/t/p/w1280//zAgoysKU6eXNThm1nBcVAAd4imi.jpg</thumbnail>
    <fanart>https://image.tmdb.org/t/p/w1280//rp3LMR79zulTXmZ4LUSH2daNWR.jpg</fanart>
</dir>
<item>
    <title>Return to Sender</title>
    <meta>
        <imdb>tt2948790</imdb>
        <content>movie</content>
        <title>Return to Sender</title>
        <year>2015</year>
    </meta>
    <link>
        <sublink>search</sublink>
        <sublink>searchsd</sublink>
    </link>
    <thumbnail>https://image.tmdb.org/t/p/w1280//h5QTYxVFefHYbRsByNvsrjp5uyX.jpg</thumbnail>
    <fanart>https://image.tmdb.org/t/p/w1280//xxj9ajMDYQdBskD1KwEKRLqLlnS.jpg</fanart>
</item>
<item>
    <title>Rush</title>
    <meta>
        <imdb>tt0102820</imdb>
        <content>movie</content>
        <title>Rush</title>
        <year>1991</year>
    </meta>
    <link>
        <sublink>search</sublink>
        <sublink>searchsd</sublink>
    </link>
    <thumbnail>https://image.tmdb.org/t/p/w1280//1euLGu3gg3eHmnhBZXAFN2x1pFG.jpg</thumbnail>
    <fanart>https://image.tmdb.org/t/p/w1280//wSJySDCtO5CHYi1hiZBxf28XJLa.jpg</fanart>
</item>
<item>
    <title>Savages</title>
    <meta>
        <imdb>tt1615065</imdb>
        <content>movie</content>
        <title>Savages</title>
        <year>2012</year>
    </meta>
    <link>
        <sublink>search</sublink>
        <sublink>searchsd</sublink>
    </link>
    <thumbnail>https://image.tmdb.org/t/p/w1280//ecN4PGSU6zhYlAUL8Jh4qyE2um9.jpg</thumbnail>
    <fanart>https://image.tmdb.org/t/p/w1280//hAQ6V21C8EhTaEVuF8Rq054yqTj.jpg</fanart>
</item>
<item>
    <title>Silver Linings Playbook</title>
    <meta>
        <imdb>tt1045658</imdb>
        <content>movie</content>
        <title>Silver Linings Playbook</title>
        <year>2012</year>
    </meta>
    <link>
        <sublink>search</sublink>
        <sublink>searchsd</sublink>
    </link>
    <thumbnail>https://image.tmdb.org/t/p/w1280//ilrZAV2klTB0FLxLb01bOp5pzD9.jpg</thumbnail>
    <fanart>https://image.tmdb.org/t/p/w1280//6YEWKSFIWFTLnInzXYiSaS7pVOP.jpg</fanart>
</item>
<item>
    <title>Sleeping with the Enemy</title>
    <meta>
        <imdb>tt0102945</imdb>
        <content>movie</content>
        <title>Sleeping with the Enemy</title>
        <year>1991</year>
    </meta>
    <link>
        <sublink>search</sublink>
        <sublink>searchsd</sublink>
    </link>
    <thumbnail>https://image.tmdb.org/t/p/w1280//mf7WgHsZ0lwn0wb7iHN3WSTUeuE.jpg</thumbnail>
    <fanart>https://image.tmdb.org/t/p/w1280//kSZd5IkmNbSbL7jPkfKFGTMpe6u.jpg</fanart>
</item>
<item>
    <title>Suicide Squad</title>
    <meta>
        <imdb>tt1386697</imdb>
        <content>movie</content>
        <title>Suicide Squad</title>
        <year>2016</year>
    </meta>
    <link>
        <sublink>search</sublink>
        <sublink>searchsd</sublink>
    </link>
    <thumbnail>https://image.tmdb.org/t/p/w1280//e1mjopzAS2KNsvpbpahQ1a6SkSn.jpg</thumbnail>
    <fanart>https://image.tmdb.org/t/p/w1280//34dxtTxMHGKw1njHpTjDqR8UBHd.jpg</fanart>
</item>
<item>
    <title>Two Moon Junction</title>
    <meta>
        <imdb>tt0096324</imdb>
        <content>movie</content>
        <title>Two Moon Junction</title>
        <year>1988</year>
    </meta>
    <link>
        <sublink>search</sublink>
        <sublink>searchsd</sublink>
    </link>
    <thumbnail>https://image.tmdb.org/t/p/w1280//l06WvRHE9pTLp8QYknkKr74uWqJ.jpg</thumbnail>
    <fanart>https://image.tmdb.org/t/p/w1280//2hommRnVhrnKyJqN3VB3zw5S04d.jpg</fanart>
</item>

<item>
    <title>Unfaithful</title>
    <meta>
        <imdb>tt0250797</imdb>
        <content>movie</content>
        <title>Unfaithful</title>
        <year>2002</year>
    </meta>
    <link>
        <sublink>search</sublink>
        <sublink>searchsd</sublink>
    </link>
    <thumbnail>https://image.tmdb.org/t/p/w1280//ztenZXLECkDXTXN6KEugPVvMTIl.jpg</thumbnail>
    <fanart>https://image.tmdb.org/t/p/w1280//mdP4XVSJ9lfCK8PJYYrttVmZ9Xz.jpg</fanart>
</item>

<item>
    <title>Warm Bodies</title>
    <meta>
        <imdb>tt1588173</imdb>
        <content>movie</content>
        <title>Warm Bodies</title>
        <year>2013</year>
    </meta>
    <link>
        <sublink>search</sublink>
        <sublink>searchsd</sublink>
    </link>
    <thumbnail>https://image.tmdb.org/t/p/w1280//jqJEkZKTqoAlmaexoWZIkjHdtA7.jpg</thumbnail>
    <fanart>https://image.tmdb.org/t/p/w1280//sKZdmmHRLweHnssV0VbkwE9oinc.jpg</fanart>
</item>

<item>
    <title>Guinea Pig 5: Mermaid in the Manhole</title>
    <meta>
        <imdb>tt0161638</imdb>
        <content>movie</content>
        <title>Guinea Pig 5: Mermaid in the Manhole</title>
        <year>1988</year>
    </meta>
    <link>
        <sublink>search</sublink>
        <sublink>searchsd</sublink>
    </link>
    <thumbnail>https://image.tmdb.org/t/p/w1280//kjBD0Hc6qYg0Xd5EZNg6uhnnkwL.jpg</thumbnail>
    <fanart>https://image.tmdb.org/t/p/w1280//aiQNxmhgzPvINa5n6jzArRz5zPL.jpg</fanart>
</item>
