<item>
    <title>(500) Days of Summer (2009)</title>
    <meta>
        <content>movie</content>
        <imdb>tt1022603</imdb>
        <title>(500) Days of Summer</title>
        <year>2009</year>
    </meta>
    <link>
        <sublink>search</sublink>
        <sublink>searchsd</sublink>
    </link>
    <thumbnail>https://image.tmdb.org/t/p/w1280/5SjtNPD1bb182vzQccvEUpXHFjN.jpg</thumbnail>
    <fanart>https://image.tmdb.org/t/p/w1280/yYw9cVdRJ4zzwxM2cTDXfT6JI6E.jpg</fanart>
</item>
<item>
    <title>The Go-Getter (2007)</title>
    <meta>
        <content>movie</content>
        <imdb>tt0479289</imdb>
        <title>The Go-Getter</title>
        <year>2007</year>
    </meta>
    <link>
        <sublink>search</sublink>
        <sublink>searchsd</sublink>
    </link>
    <thumbnail>https://image.tmdb.org/t/p/w1280/6F80idV4siJxFvi8RaT9OM6WlBm.jpg</thumbnail>
    <fanart>https://image.tmdb.org/t/p/w1280/kkOQX2GyY56isRrYjJxYPtABnQb.jpg</fanart>
</item>
<item>
    <title>Eternal Sunshine of the Spotless Mind (2004)</title>
    <meta>
        <content>movie</content>
        <imdb>tt0338013</imdb>
        <title>Eternal Sunshine of the Spotless Mind</title>
        <year>2004</year>
    </meta>
    <link>
        <sublink>search</sublink>
        <sublink>searchsd</sublink>
    </link>
    <thumbnail>https://image.tmdb.org/t/p/w1280/7y3eYvTsGjxPYDtSnumCLIMDkrV.jpg</thumbnail>
    <fanart>https://image.tmdb.org/t/p/w1280/1dXTsaFxHoF9cas08UjAqE8NqOW.jpg</fanart>
</item>
<item>
    <title>Good Dick (2008)</title>
    <meta>
        <content>movie</content>
        <imdb>tt0944101</imdb>
        <title>Good Dick</title>
        <year>2008</year>
    </meta>
    <link>
        <sublink>search</sublink>
        <sublink>searchsd</sublink>
    </link>
    <thumbnail>https://image.tmdb.org/t/p/w1280/97K1Fnn4eW7qBZzqlE4OiAcdlF1.jpg</thumbnail>
    <fanart>https://image.tmdb.org/t/p/w1280/zSjb32g1uBg4gHvvsMj91um87E9.jpg</fanart>
</item>
<item>
    <title>Secretary (2002)</title>
    <meta>
        <content>movie</content>
        <imdb>tt0274812</imdb>
        <title>Secretary</title>
        <year>2002</year>
    </meta>
    <link>
        <sublink>search</sublink>
        <sublink>searchsd</sublink>
    </link>
    <thumbnail>https://image.tmdb.org/t/p/w1280/dZaTYgy6sc6Z8ylaKdXw8yq5sRv.jpg</thumbnail>
    <fanart>https://image.tmdb.org/t/p/w1280/gAAZt8QGa9o2xtU5Ag3ITQIgVXk.jpg</fanart>
</item>
<item>
    <title>My Sassy Girl (2001)</title>
    <meta>
        <content>movie</content>
        <imdb>tt0293715</imdb>
        <title>My Sassy Girl</title>
        <year>2001</year>
    </meta>
    <link>
        <sublink>search</sublink>
        <sublink>searchsd</sublink>
    </link>
    <thumbnail>https://image.tmdb.org/t/p/w1280/90vh8MeppyBOQ4BVNj2rTEpNhKN.jpg</thumbnail>
    <fanart>https://image.tmdb.org/t/p/w1280/6z28QA320tWjdIxu0cmS5HyrKMR.jpg</fanart>
</item>
<item>
    <title>Away We Go (2009)</title>
    <meta>
        <content>movie</content>
        <imdb>tt1176740</imdb>
        <title>Away We Go</title>
        <year>2009</year>
    </meta>
    <link>
        <sublink>search</sublink>
        <sublink>searchsd</sublink>
    </link>
    <thumbnail>https://image.tmdb.org/t/p/w1280/zHDoca5jdrJQ8rwgN9HsWk8HRaG.jpg</thumbnail>
    <fanart>https://image.tmdb.org/t/p/w1280/tr2WAA1iaqODBT2YpMhwGXYniN1.jpg</fanart>
</item>
<item>
    <title>Garden State (2004)</title>
    <meta>
        <content>movie</content>
        <imdb>tt0333766</imdb>
        <title>Garden State</title>
        <year>2004</year>
    </meta>
    <link>
        <sublink>search</sublink>
        <sublink>searchsd</sublink>
    </link>
    <thumbnail>https://image.tmdb.org/t/p/w1280/u7IASCZ02Q94SYklSIR2609inis.jpg</thumbnail>
    <fanart>https://image.tmdb.org/t/p/w1280/jEy9ZT5iXJE1HFNxYTFTGD5zbt5.jpg</fanart>
</item>
<item>
    <title>Moulin Rouge! (2001)</title>
    <meta>
        <content>movie</content>
        <imdb>tt0203009</imdb>
        <title>Moulin Rouge!</title>
        <year>2001</year>
    </meta>
    <link>
        <sublink>search</sublink>
        <sublink>searchsd</sublink>
    </link>
    <thumbnail>https://image.tmdb.org/t/p/w1280/xhuQz2yKPlWvMvvnf2u9RVkAQx6.jpg</thumbnail>
    <fanart>https://image.tmdb.org/t/p/w1280/qj3TAGH89t8nkdTH7N6Ge1HTvGj.jpg</fanart>
</item>
<item>
    <title>I'm a Cyborg, But That's OK (2006)</title>
    <meta>
        <content>movie</content>
        <imdb>tt0497137</imdb>
        <title>I'm a Cyborg, But That's OK</title>
        <year>2006</year>
    </meta>
    <link>
        <sublink>search</sublink>
        <sublink>searchsd</sublink>
    </link>
    <thumbnail>https://image.tmdb.org/t/p/w1280/9uDGx2lzjROf3335CGKdCYs6WD5.jpg</thumbnail>
    <fanart>https://image.tmdb.org/t/p/w1280/nMpR8pY8fMWIh8BQZjFqSowHRCH.jpg</fanart>
</item>
<item>
    <title>Benny & Joon (1993)</title>
    <meta>
        <content>movie</content>
        <imdb>tt0106387</imdb>
        <title>Benny & Joon</title>
        <year>1993</year>
    </meta>
    <link>
        <sublink>search</sublink>
        <sublink>searchsd</sublink>
    </link>
    <thumbnail>https://image.tmdb.org/t/p/w1280/2a7amuuML6xvBn6XWV1sPG1Cmd5.jpg</thumbnail>
    <fanart>https://image.tmdb.org/t/p/w1280/7T292Wv3ikieYAlqIHfhdxGk3S.jpg</fanart>
</item>
<item>
    <title>Once (2007)</title>
    <meta>
        <content>movie</content>
        <imdb>tt0907657</imdb>
        <title>Once</title>
        <year>2007</year>
    </meta>
    <link>
        <sublink>search</sublink>
        <sublink>searchsd</sublink>
    </link>
    <thumbnail>https://image.tmdb.org/t/p/w1280/fEjwJfeDxgsRBlYgEWMgvrKQ6VB.jpg</thumbnail>
    <fanart>https://image.tmdb.org/t/p/w1280/5e9rYIQzaSy3v6ntyFuA3N4QN6b.jpg</fanart>
</item>
<item>
    <title>Punch-Drunk Love (2002)</title>
    <meta>
        <content>movie</content>
        <imdb>tt0272338</imdb>
        <title>Punch-Drunk Love</title>
        <year>2002</year>
    </meta>
    <link>
        <sublink>search</sublink>
        <sublink>searchsd</sublink>
    </link>
    <thumbnail>https://image.tmdb.org/t/p/w1280/k4pekJKEdaV2fv4S89A8GCV7u7Y.jpg</thumbnail>
    <fanart>https://image.tmdb.org/t/p/w1280/yzDeCyDr8B4mtTODLnvgB0Jienu.jpg</fanart>
</item>
<item>
    <title>Spanglish (2004)</title>
    <meta>
        <content>movie</content>
        <imdb>tt0371246</imdb>
        <title>Spanglish</title>
        <year>2004</year>
    </meta>
    <link>
        <sublink>search</sublink>
        <sublink>searchsd</sublink>
    </link>
    <thumbnail>https://image.tmdb.org/t/p/w1280/eXsj4d6kP5z1n9Pkk7rosX2TF9w.jpg</thumbnail>
    <fanart>https://image.tmdb.org/t/p/w1280/awcak1m6yW8393FkyeRdiiwRC7W.jpg</fanart>
</item>
<item>
    <title>Waitress (2007)</title>
    <meta>
        <content>movie</content>
        <imdb>tt0473308</imdb>
        <title>Waitress</title>
        <year>2007</year>
    </meta>
    <link>
        <sublink>search</sublink>
        <sublink>searchsd</sublink>
    </link>
    <thumbnail>https://image.tmdb.org/t/p/w1280/88FWNhsEvnCGELvUgQEpZ1E5nd5.jpg</thumbnail>
    <fanart>https://image.tmdb.org/t/p/w1280/rSjhIAm6reDmaEd9P6fHqrv6qh9.jpg</fanart>
</item>
<item>
    <title>Lars and the Real Girl (2007)</title>
    <meta>
        <content>movie</content>
        <imdb>tt0805564</imdb>
        <title>Lars and the Real Girl</title>
        <year>2007</year>
    </meta>
    <link>
        <sublink>search</sublink>
        <sublink>searchsd</sublink>
    </link>
    <thumbnail>https://image.tmdb.org/t/p/w1280/t8CjVSDVT5fy2AMZRwL0l9OCVhG.jpg</thumbnail>
    <fanart>https://image.tmdb.org/t/p/w1280/sGbTY4otwT1FM6bQuYbEbTqy6oq.jpg</fanart>
</item>
<item>
    <title>Adventureland (2009)</title>
    <meta>
        <content>movie</content>
        <imdb>tt1091722</imdb>
        <title>Adventureland</title>
        <year>2009</year>
    </meta>
    <link>
        <sublink>search</sublink>
        <sublink>searchsd</sublink>
    </link>
    <thumbnail>https://image.tmdb.org/t/p/w1280/3ovx1gcQeDIW22IF1TqiugKQv3W.jpg</thumbnail>
    <fanart>https://image.tmdb.org/t/p/w1280/q98RIq2DdJragrWAM5wWOxd5Qni.jpg</fanart>
</item>
<item>
    <title>Juno (2007)</title>
    <meta>
        <content>movie</content>
        <imdb>tt0467406</imdb>
        <title>Juno</title>
        <year>2007</year>
    </meta>
    <link>
        <sublink>search</sublink>
        <sublink>searchsd</sublink>
    </link>
    <thumbnail>https://image.tmdb.org/t/p/w1280/eE64N6PYCSRW2mtQucfK2av5Wk2.jpg</thumbnail>
    <fanart>https://image.tmdb.org/t/p/w1280/xfcb5Cq5pYrGcAxGjFQqKCPVOK3.jpg</fanart>
</item>
<item>
    <title>Mozart and the Whale (2005)</title>
    <meta>
        <content>movie</content>
        <imdb>tt0392465</imdb>
        <title>Mozart and the Whale</title>
        <year>2005</year>
    </meta>
    <link>
        <sublink>search</sublink>
        <sublink>searchsd</sublink>
    </link>
    <thumbnail>https://image.tmdb.org/t/p/w1280/wdS2sAh1cFrw3tn1IuGEdqY8HnH.jpg</thumbnail>
    <fanart>https://image.tmdb.org/t/p/w1280/iBAGZW5x4XINXVd7o9wFN5Nl35y.jpg</fanart>
</item>
<item>
    <title>Wristcutters: A Love Story (2006)</title>
    <meta>
        <content>movie</content>
        <imdb>tt0477139</imdb>
        <title>Wristcutters: A Love Story</title>
        <year>2006</year>
    </meta>
    <link>
        <sublink>search</sublink>
        <sublink>searchsd</sublink>
    </link>
    <thumbnail>https://image.tmdb.org/t/p/w1280/ahhikZOwn5nt2mqxzA8SiUFDjxk.jpg</thumbnail>
    <fanart>https://image.tmdb.org/t/p/w1280/wDLgGI6Rswo30YkWoM6TGq0VWVy.jpg</fanart>
</item>
<item>
    <title>Shopgirl (2005)</title>
    <meta>
        <content>movie</content>
        <imdb>tt0338427</imdb>
        <title>Shopgirl</title>
        <year>2005</year>
    </meta>
    <link>
        <sublink>search</sublink>
        <sublink>searchsd</sublink>
    </link>
    <thumbnail>https://image.tmdb.org/t/p/w1280/o8cHf3J34IMJtg6XdX9wSkjvw39.jpg</thumbnail>
    <fanart>https://image.tmdb.org/t/p/w1280/s0rQpWCxRChuiHuQKeDWCM1ipAw.jpg</fanart>
</item>
<item>
    <title>Amxc3xa9lie (2001)</title>
    <meta>
        <content>movie</content>
        <imdb>tt0211915</imdb>
        <title>Amxc3xa9lie</title>
        <year>2001</year>
    </meta>
    <link>
        <sublink>search</sublink>
        <sublink>searchsd</sublink>
    </link>
    <thumbnail>https://image.tmdb.org/t/p/w1280/f0uorE7K7ggHfr8r7pUTOHWkOlE.jpg</thumbnail>
    <fanart>https://image.tmdb.org/t/p/w1280/nxhfenC1jb5EcTI5GYxqnjYZMId.jpg</fanart>
</item>
<item>
    <title>Happy Accidents (2000)</title>
    <meta>
        <content>movie</content>
        <imdb>tt0208196</imdb>
        <title>Happy Accidents</title>
        <year>2000</year>
    </meta>
    <link>
        <sublink>search</sublink>
        <sublink>searchsd</sublink>
    </link>
    <thumbnail>https://image.tmdb.org/t/p/w1280/mAfftxybf6Vey6NC8T8SsduUMpu.jpg</thumbnail>
    <fanart>https://image.tmdb.org/t/p/w1280/bSnSLQ8BETRJZ3wj09eTzEI0s7j.jpg</fanart>
</item>
<item>
    <title>Monsoon Wedding (2001)</title>
    <meta>
        <content>movie</content>
        <imdb>tt0265343</imdb>
        <title>Monsoon Wedding</title>
        <year>2001</year>
    </meta>
    <link>
        <sublink>search</sublink>
        <sublink>searchsd</sublink>
    </link>
    <thumbnail>https://image.tmdb.org/t/p/w1280/2LysDwqhK0GlGtQqjPCiDeiBoqU.jpg</thumbnail>
    <fanart>https://image.tmdb.org/t/p/w1280/nJB5zcOqRkIMh9LePi5bPrk8jM8.jpg</fanart>
</item>
<item>
    <title>Fur: An Imaginary Portrait of Diane Arbus (2006)</title>
    <meta>
        <content>movie</content>
        <imdb>tt0422295</imdb>
        <title>Fur: An Imaginary Portrait of Diane Arbus</title>
        <year>2006</year>
    </meta>
    <link>
        <sublink>search</sublink>
        <sublink>searchsd</sublink>
    </link>
    <thumbnail>https://image.tmdb.org/t/p/w1280/zWyqvtwuPc8Dk7IfCY1XxbNPbij.jpg</thumbnail>
    <fanart>https://image.tmdb.org/t/p/w1280/10CawIERZc2Ca7FXyCAGRly5MOC.jpg</fanart>
</item>
<item>
    <title>Daydream Nation (2010)</title>
    <meta>
        <content>movie</content>
        <imdb>tt1581835</imdb>
        <title>Daydream Nation</title>
        <year>2010</year>
    </meta>
    <link>
        <sublink>search</sublink>
        <sublink>searchsd</sublink>
    </link>
    <thumbnail>https://image.tmdb.org/t/p/w1280/rUz6kvnkMroGiDcaePS110xd0wU.jpg</thumbnail>
    <fanart>https://image.tmdb.org/t/p/w1280/cCzvqxsoRX3zdBNxFesKIv9KdOj.jpg</fanart>
</item>
<item>
    <title>Crazy, Stupid, Love. (2011)</title>
    <meta>
        <content>movie</content>
        <imdb>tt1570728</imdb>
        <title>Crazy, Stupid, Love.</title>
        <year>2011</year>
    </meta>
    <link>
        <sublink>search</sublink>
        <sublink>searchsd</sublink>
    </link>
    <thumbnail>https://image.tmdb.org/t/p/w1280/n97V1WcpoJ8gBA0pM48Om05o2fN.jpg</thumbnail>
    <fanart>https://image.tmdb.org/t/p/w1280/6ECnUXleS9G2O02f1b5tvZiVn3D.jpg</fanart>
</item>
<item>
    <title>Kiss Kiss Bang Bang (2005)</title>
    <meta>
        <content>movie</content>
        <imdb>tt0373469</imdb>
        <title>Kiss Kiss Bang Bang</title>
        <year>2005</year>
    </meta>
    <link>
        <sublink>search</sublink>
        <sublink>searchsd</sublink>
    </link>
    <thumbnail>https://image.tmdb.org/t/p/w1280/5Lif1qGiyaF8OqG9lR3eqzeEC3S.jpg</thumbnail>
    <fanart>https://image.tmdb.org/t/p/w1280/wGoyTXBDWHh2V7Jft0R9A0HdKHA.jpg</fanart>
</item>
<item>
    <title>Les poupxc3xa9es russes (2005)</title>
    <meta>
        <content>movie</content>
        <imdb>tt0409184</imdb>
        <title>Les poupxc3xa9es russes</title>
        <year>2005</year>
    </meta>
    <link>
        <sublink>search</sublink>
        <sublink>searchsd</sublink>
    </link>
    <thumbnail>https://image.tmdb.org/t/p/w1280/rKtTqTXzaBYEtSsZ1NERSXLZSv0.jpg</thumbnail>
    <fanart>https://image.tmdb.org/t/p/w1280/ykxNnIEgZ1Md5pPEAEMmy2QvhPF.jpg</fanart>
</item>
<item>
    <title>Wild Target (2010)</title>
    <meta>
        <content>movie</content>
        <imdb>tt1235189</imdb>
        <title>Wild Target</title>
        <year>2010</year>
    </meta>
    <link>
        <sublink>search</sublink>
        <sublink>searchsd</sublink>
    </link>
    <thumbnail>https://image.tmdb.org/t/p/w1280/x1O8MOIY41fpKbCUt1I4sKeLwwr.jpg</thumbnail>
    <fanart>https://image.tmdb.org/t/p/w1280/aZBIoiZyqzohhGeYkroi08fBOMw.jpg</fanart>
</item>
<item>
    <title>La tigre e la neve (2005)</title>
    <meta>
        <content>movie</content>
        <imdb>tt0419198</imdb>
        <title>La tigre e la neve</title>
        <year>2005</year>
    </meta>
    <link>
        <sublink>search</sublink>
        <sublink>searchsd</sublink>
    </link>
    <thumbnail>https://image.tmdb.org/t/p/w1280/prEjOhaP83QzGnX77rZ6xffGPhK.jpg</thumbnail>
    <fanart>https://image.tmdb.org/t/p/w1280/dfEocxhM3eNrm0Zimo645iQjsMN.jpg</fanart>
</item>
<item>
    <title>Annie Hall (1977)</title>
    <meta>
        <content>movie</content>
        <imdb>tt0075686</imdb>
        <title>Annie Hall</title>
        <year>1977</year>
    </meta>
    <link>
        <sublink>search</sublink>
        <sublink>searchsd</sublink>
    </link>
    <thumbnail>https://image.tmdb.org/t/p/w1280/bK9bLXwxWuXX5mbq75PZqjvAtfG.jpg</thumbnail>
    <fanart>https://image.tmdb.org/t/p/w1280/8iNt5LGxpX9XeNWJgjx17xfTT7u.jpg</fanart>
</item>
<item>
    <title>Moonrise Kingdom (2012)</title>
    <meta>
        <content>movie</content>
        <imdb>tt1748122</imdb>
        <title>Moonrise Kingdom</title>
        <year>2012</year>
    </meta>
    <link>
        <sublink>search</sublink>
        <sublink>searchsd</sublink>
    </link>
    <thumbnail>https://image.tmdb.org/t/p/w1280/ysTohGF7NY9Z6MYz9vLNYiyzh0r.jpg</thumbnail>
    <fanart>https://image.tmdb.org/t/p/w1280/1mKI5UfeCetrB3HZbYt6VTn7K9m.jpg</fanart>
</item>
<item>
    <title>Love Songs (2007)</title>
    <meta>
        <content>movie</content>
        <imdb>tt0996605</imdb>
        <title>Love Songs</title>
        <year>2007</year>
    </meta>
    <link>
        <sublink>search</sublink>
        <sublink>searchsd</sublink>
    </link>
    <thumbnail>https://image.tmdb.org/t/p/w1280/Sw8UcFa5HcyV4Ez23UK7nSP9uu.jpg</thumbnail>
    <fanart>https://image.tmdb.org/t/p/w1280/2l9YWKlSwz2YgwdHm3NPFVSQzQa.jpg</fanart>
</item>
<item>
    <title>The Vicious Kind (2009)</title>
    <meta>
        <content>movie</content>
        <imdb>tt1183921</imdb>
        <title>The Vicious Kind</title>
        <year>2009</year>
    </meta>
    <link>
        <sublink>search</sublink>
        <sublink>searchsd</sublink>
    </link>
    <thumbnail>https://image.tmdb.org/t/p/w1280/oJ2fX0JJ99dpyjkU0N1XRyw7XCE.jpg</thumbnail>
    <fanart>https://image.tmdb.org/t/p/w1280/4mW43spzqUaE2hx9t72SP1rLVGz.jpg</fanart>
</item>
<item>
    <title>Love & Other Drugs (2010)</title>
    <meta>
        <content>movie</content>
        <imdb>tt0758752</imdb>
        <title>Love & Other Drugs</title>
        <year>2010</year>
    </meta>
    <link>
        <sublink>search</sublink>
        <sublink>searchsd</sublink>
    </link>
    <thumbnail>https://image.tmdb.org/t/p/w1280/4jU64i4kAEtQUlsYsQPAdfpI7aP.jpg</thumbnail>
    <fanart>https://image.tmdb.org/t/p/w1280/oCS8EsEPOe6YfBfwBDRwvHBl1FN.jpg</fanart>
</item>
<item>
    <title>Hysteria (2011)</title>
    <meta>
        <content>movie</content>
        <imdb>tt1435513</imdb>
        <title>Hysteria</title>
        <year>2011</year>
    </meta>
    <link>
        <sublink>search</sublink>
        <sublink>searchsd</sublink>
    </link>
    <thumbnail>https://image.tmdb.org/t/p/w1280/93BJiqcdIroQzNv6Zh4qE5DyChB.jpg</thumbnail>
    <fanart>https://image.tmdb.org/t/p/w1280/yVWAkxhpGuUhtnIyPSqgrirnu6B.jpg</fanart>
</item>
<item>
    <title>Boys Don't Cry (1999)</title>
    <meta>
        <content>movie</content>
        <imdb>tt0171804</imdb>
        <title>Boys Don't Cry</title>
        <year>1999</year>
    </meta>
    <link>
        <sublink>search</sublink>
        <sublink>searchsd</sublink>
    </link>
    <thumbnail>https://image.tmdb.org/t/p/w1280/6bqIZTEuJnUrgnxcymciszvOz8J.jpg</thumbnail>
    <fanart>https://image.tmdb.org/t/p/w1280/nriBinb7Y3Bm6LdbmOC0mFxSm8d.jpg</fanart>
</item>
<item>
    <title>Serious Moonlight (2009)</title>
    <meta>
        <content>movie</content>
        <imdb>tt1133993</imdb>
        <title>Serious Moonlight</title>
        <year>2009</year>
    </meta>
    <link>
        <sublink>search</sublink>
        <sublink>searchsd</sublink>
    </link>
    <thumbnail>https://image.tmdb.org/t/p/w1280/xZF5v9ksjfIK1cWVpq2QDUMh3Eg.jpg</thumbnail>
    <fanart>https://image.tmdb.org/t/p/w1280/m55kun9lmRSy5xgf86dNsLiYolB.jpg</fanart>
</item>
<item>
    <title>Scott Pilgrim vs. the World (2010)</title>
    <meta>
        <content>movie</content>
        <imdb>tt0446029</imdb>
        <title>Scott Pilgrim vs. the World</title>
        <year>2010</year>
    </meta>
    <link>
        <sublink>search</sublink>
        <sublink>searchsd</sublink>
    </link>
    <thumbnail>https://image.tmdb.org/t/p/w1280/lafRuPbjEQrrHG9QEaoyV2znZC.jpg</thumbnail>
    <fanart>https://image.tmdb.org/t/p/w1280/9UBtFxBdWDtwMLX5brS45Ryo840.jpg</fanart>
</item>
<item>
    <title>The Giant Mechanical Man (2012)</title>
    <meta>
        <content>movie</content>
        <imdb>tt1769363</imdb>
        <title>The Giant Mechanical Man</title>
        <year>2012</year>
    </meta>
    <link>
        <sublink>search</sublink>
        <sublink>searchsd</sublink>
    </link>
    <thumbnail>https://image.tmdb.org/t/p/w1280none</thumbnail>
    <fanart>https://image.tmdb.org/t/p/w1280none</fanart>
</item>
<item>
    <title>The Rebound (2009)</title>
    <meta>
        <content>movie</content>
        <imdb>tt1205535</imdb>
        <title>The Rebound</title>
        <year>2009</year>
    </meta>
    <link>
        <sublink>search</sublink>
        <sublink>searchsd</sublink>
    </link>
    <thumbnail>https://image.tmdb.org/t/p/w1280none</thumbnail>
    <fanart>https://image.tmdb.org/t/p/w1280none</fanart>
</item>
<item>
    <title>Safety Not Guaranteed (2012)</title>
    <meta>
        <content>movie</content>
        <imdb>tt1862079</imdb>
        <title>Safety Not Guaranteed</title>
        <year>2012</year>
    </meta>
    <link>
        <sublink>search</sublink>
        <sublink>searchsd</sublink>
    </link>
    <thumbnail>https://image.tmdb.org/t/p/w1280none</thumbnail>
    <fanart>https://image.tmdb.org/t/p/w1280none</fanart>
</item>
<item>
    <title>Groundhog Day (1993)</title>
    <meta>
        <content>movie</content>
        <imdb>tt0107048</imdb>
        <title>Groundhog Day</title>
        <year>1993</year>
    </meta>
    <link>
        <sublink>search</sublink>
        <sublink>searchsd</sublink>
    </link>
    <thumbnail>https://image.tmdb.org/t/p/w1280none</thumbnail>
    <fanart>https://image.tmdb.org/t/p/w1280none</fanart>
</item>
<item>
    <title>Warm Bodies (2013)</title>
    <meta>
        <content>movie</content>
        <imdb>tt1588173</imdb>
        <title>Warm Bodies</title>
        <year>2013</year>
    </meta>
    <link>
        <sublink>search</sublink>
        <sublink>searchsd</sublink>
    </link>
    <thumbnail>https://image.tmdb.org/t/p/w1280none</thumbnail>
    <fanart>https://image.tmdb.org/t/p/w1280none</fanart>
</item>
<item>
    <title>Silver Linings Playbook (2012)</title>
    <meta>
        <content>movie</content>
        <imdb>tt1045658</imdb>
        <title>Silver Linings Playbook</title>
        <year>2012</year>
    </meta>
    <link>
        <sublink>search</sublink>
        <sublink>searchsd</sublink>
    </link>
    <thumbnail>https://image.tmdb.org/t/p/w1280none</thumbnail>
    <fanart>https://image.tmdb.org/t/p/w1280none</fanart>
</item>
<item>
    <title>It Happened One Night (1934)</title>
    <meta>
        <content>movie</content>
        <imdb>tt0025316</imdb>
        <title>It Happened One Night</title>
        <year>1934</year>
    </meta>
    <link>
        <sublink>search</sublink>
        <sublink>searchsd</sublink>
    </link>
    <thumbnail>https://image.tmdb.org/t/p/w1280none</thumbnail>
    <fanart>https://image.tmdb.org/t/p/w1280none</fanart>
</item>
<item>
    <title>How to Steal a Million (1966)</title>
    <meta>
        <content>movie</content>
        <imdb>tt0060522</imdb>
        <title>How to Steal a Million</title>
        <year>1966</year>
    </meta>
    <link>
        <sublink>search</sublink>
        <sublink>searchsd</sublink>
    </link>
    <thumbnail>https://image.tmdb.org/t/p/w1280none</thumbnail>
    <fanart>https://image.tmdb.org/t/p/w1280none</fanart>
</item>
<item>
    <title>Breakfast at Tiffany's (1961)</title>
    <meta>
        <content>movie</content>
        <imdb>tt0054698</imdb>
        <title>Breakfast at Tiffany's</title>
        <year>1961</year>
    </meta>
    <link>
        <sublink>search</sublink>
        <sublink>searchsd</sublink>
    </link>
    <thumbnail>https://image.tmdb.org/t/p/w1280none</thumbnail>
    <fanart>https://image.tmdb.org/t/p/w1280none</fanart>
</item>
<item>
    <title>Drive (I) (2011)</title>
    <meta>
        <content>movie</content>
        <imdb>tt0780504</imdb>
        <title>Drive</title>
        <year>I 2011</year>
    </meta>
    <link>
        <sublink>search</sublink>
        <sublink>searchsd</sublink>
    </link>
    <thumbnail>https://image.tmdb.org/t/p/w1280none</thumbnail>
    <fanart>https://image.tmdb.org/t/p/w1280none</fanart>
</item>
<item>
    <title>How Do You Know (2010)</title>
    <meta>
        <content>movie</content>
        <imdb>tt1341188</imdb>
        <title>How Do You Know</title>
        <year>2010</year>
    </meta>
    <link>
        <sublink>search</sublink>
        <sublink>searchsd</sublink>
    </link>
    <thumbnail>https://image.tmdb.org/t/p/w1280none</thumbnail>
    <fanart>https://image.tmdb.org/t/p/w1280none</fanart>
</item>
<item>
    <title>Can't Buy Me Love (1987)</title>
    <meta>
        <content>movie</content>
        <imdb>tt0092718</imdb>
        <title>Can't Buy Me Love</title>
        <year>1987</year>
    </meta>
    <link>
        <sublink>search</sublink>
        <sublink>searchsd</sublink>
    </link>
    <thumbnail>https://image.tmdb.org/t/p/w1280none</thumbnail>
    <fanart>https://image.tmdb.org/t/p/w1280none</fanart>
</item>
<item>
    <title>Loverboy (1989)</title>
    <meta>
        <content>movie</content>
        <imdb>tt0097790</imdb>
        <title>Loverboy</title>
        <year>1989</year>
    </meta>
    <link>
        <sublink>search</sublink>
        <sublink>searchsd</sublink>
    </link>
    <thumbnail>https://image.tmdb.org/t/p/w1280none</thumbnail>
    <fanart>https://image.tmdb.org/t/p/w1280none</fanart>
</item>
<item>
    <title>Pretty in Pink (1986)</title>
    <meta>
        <content>movie</content>
        <imdb>tt0091790</imdb>
        <title>Pretty in Pink</title>
        <year>1986</year>
    </meta>
    <link>
        <sublink>search</sublink>
        <sublink>searchsd</sublink>
    </link>
    <thumbnail>https://image.tmdb.org/t/p/w1280none</thumbnail>
    <fanart>https://image.tmdb.org/t/p/w1280none</fanart>
</item>
