<item>
    <title>Agnes Browne</title>
    <meta>
        <imdb>tt0160509</imdb>
        <content>movie</content>
        <title>Agnes Browne</title>
        <year>1999</year>
    </meta>
    <link>
        <sublink>search</sublink>
        <sublink>searchsd</sublink>
    </link>
    <thumbnail>https://image.tmdb.org/t/p/w1280//n7VbmERQZKTedbdHjRrURMA7hbM.jpg</thumbnail>
    <fanart>https://image.tmdb.org/t/p/w1280//t7alLWz3NJxdZmT5RZ3MdfxT9o9.jpg</fanart>
</item>
<item>
    <title>Barry Lyndon</title>
    <meta>
        <imdb>tt0072684</imdb>
        <content>movie</content>
        <title>Barry Lyndon</title>
        <year>1975</year>
    </meta>
    <link>
        <sublink>search</sublink>
        <sublink>searchsd</sublink>
    </link>
    <thumbnail>https://image.tmdb.org/t/p/w1280//ks2JqGjb9DC6p60Wzk3q6weBMe9.jpg</thumbnail>
    <fanart>https://image.tmdb.org/t/p/w1280//3xmKw9OSbUrg7GCyhvpMuAXLjRh.jpg</fanart>
</item>
<item>
    <title>Bloody Sunday</title>
    <meta>
        <imdb>tt0280491</imdb>
        <content>movie</content>
        <title>Bloody Sunday</title>
        <year>2002</year>
    </meta>
    <link>
        <sublink>search</sublink>
        <sublink>searchsd</sublink>
    </link>
    <thumbnail>https://image.tmdb.org/t/p/w1280//duIrD3kRBk47disZvNa37GoEZ3J.jpg</thumbnail>
    <fanart>https://image.tmdb.org/t/p/w1280//qS96e8o287PLBBFUwBuMoZrqoaS.jpg</fanart>
</item>
<item>
    <title>The Boondock Saints</title>
    <meta>
        <imdb>tt0144117</imdb>
        <content>movie</content>
        <title>The Boondock Saints</title>
        <year>1999</year>
    </meta>
    <link>
        <sublink>search</sublink>
        <sublink>searchsd</sublink>
    </link>
    <thumbnail>https://image.tmdb.org/t/p/w1280//fg6fhyKg3vbdGtnf9Hq27Q5gS3r.jpg</thumbnail>
    <fanart>https://image.tmdb.org/t/p/w1280//zL6GpSqaEyRwNMkqKVXsROinzSa.jpg</fanart>
</item>
<item>
    <title>The Boondock Saints II: All Saints Day</title>
    <meta>
        <imdb>tt1300851</imdb>
        <content>movie</content>
        <title>The Boondock Saints II: All Saints Day</title>
        <year>2009</year>
    </meta>
    <link>
        <sublink>search</sublink>
        <sublink>searchsd</sublink>
    </link>
    <thumbnail>https://image.tmdb.org/t/p/w1280//hjU3caMd9O3h21e5kzJeUOAoy7h.jpg</thumbnail>
    <fanart>https://image.tmdb.org/t/p/w1280//cyoM4hIMHnIOWcLvfMlpmbpRer4.jpg</fanart>
</item>
<item>
    <title>Brooklyn</title>
    <meta>
        <imdb>tt2381111</imdb>
        <content>movie</content>
        <title>Brooklyn</title>
        <year>2015</year>
    </meta>
    <link>
        <sublink>search</sublink>
        <sublink>searchsd</sublink>
    </link>
    <thumbnail>https://image.tmdb.org/t/p/w1280//5R4sbomuxa8wlH1T3WeSUTRZo4z.jpg</thumbnail>
    <fanart>https://image.tmdb.org/t/p/w1280//7fXKVIM8UQBvQ9aQOzFqThlq7eN.jpg</fanart>
</item>
<item>
    <title>Calvary</title>
    <meta>
        <imdb>tt2234003</imdb>
        <content>movie</content>
        <title>Calvary</title>
        <year>2014</year>
    </meta>
    <link>
        <sublink>search</sublink>
        <sublink>searchsd</sublink>
    </link>
    <thumbnail>https://image.tmdb.org/t/p/w1280//fxu3NT8PMCoPG0QLr0j6KoleSp.jpg</thumbnail>
    <fanart>https://image.tmdb.org/t/p/w1280//oPDiCIdNsECwJJg5pdqRd6d5k6C.jpg</fanart>
</item>
<item>
    <title>Citadel</title>
    <meta>
        <imdb>tt1641975</imdb>
        <content>movie</content>
        <title>Citadel</title>
        <year>2012</year>
    </meta>
    <link>
        <sublink>search</sublink>
        <sublink>searchsd</sublink>
    </link>
    <thumbnail>https://image.tmdb.org/t/p/w1280//275Ri3oRoi0HRX8OFKF4QewQu4g.jpg</thumbnail>
    <fanart>https://image.tmdb.org/t/p/w1280//ydOnw3JaT4G7nlOZmWJk6qCTUUN.jpg</fanart>
</item>
<item>
    <title>The Crying Game</title>
    <meta>
        <imdb>tt0104036</imdb>
        <content>movie</content>
        <title>The Crying Game</title>
        <year>1992</year>
    </meta>
    <link>
        <sublink>search</sublink>
        <sublink>searchsd</sublink>
    </link>
    <thumbnail>https://image.tmdb.org/t/p/w1280//9Qqk3svM0I9QuabOPDNrJZdv3XJ.jpg</thumbnail>
    <fanart>https://image.tmdb.org/t/p/w1280//s7pyePSPvAU3G1GjyGY3qsVmeOr.jpg</fanart>
</item>
<item>
    <title>Dancing at Lughnasa</title>
    <meta>
        <imdb>tt0120643</imdb>
        <content>movie</content>
        <title>Dancing at Lughnasa</title>
        <year>1998</year>
    </meta>
    <link>
        <sublink>search</sublink>
        <sublink>searchsd</sublink>
    </link>
    <thumbnail>https://image.tmdb.org/t/p/w1280//ewQ7AeXw0ErCWqvRBxX5wHAnFPl.jpg</thumbnail>
    <fanart>https://image.tmdb.org/t/p/w1280//5hB8hgJkOIJsv1grjIFjzWUMQmW.jpg</fanart>
</item>
<item>
    <title>Darby O'Gill and the Little People</title>
    <meta>
        <imdb>tt0052722</imdb>
        <content>movie</content>
        <title>Darby O'Gill and the Little People</title>
        <year>1959</year>
    </meta>
    <link>
        <sublink>search</sublink>
        <sublink>searchsd</sublink>
    </link>
    <thumbnail>https://image.tmdb.org/t/p/w1280//x17wkoUet5WtcC6T1Rfo2E56b0m.jpg</thumbnail>
    <fanart>https://image.tmdb.org/t/p/w1280//nL4O2CHxRXUwgHT9740xMgEIVva.jpg</fanart>
</item>
<item>
    <title>The Departed</title>
    <meta>
        <imdb>tt0407887</imdb>
        <content>movie</content>
        <title>The Departed</title>
        <year>2006</year>
    </meta>
    <link>
        <sublink>search</sublink>
        <sublink>searchsd</sublink>
    </link>
    <thumbnail>https://image.tmdb.org/t/p/w1280//tGLO9zw5ZtCeyyEWgbYGgsFxC6i.jpg</thumbnail>
    <fanart>https://image.tmdb.org/t/p/w1280//8Od5zV7Q7zNOX0y9tyNgpTmoiGA.jpg</fanart>
</item>
<item>
    <title>The Devil's Own</title>
    <meta>
        <imdb>tt0118972</imdb>
        <content>movie</content>
        <title>The Devil's Own</title>
        <year>1997</year>
    </meta>
    <link>
        <sublink>search</sublink>
        <sublink>searchsd</sublink>
    </link>
    <thumbnail>https://image.tmdb.org/t/p/w1280//7XIxdjhaoDIiv7slEiOhBEzMtqu.jpg</thumbnail>
    <fanart>https://image.tmdb.org/t/p/w1280//2H91fvLOIsTHvvhPjfjqbzxh2tP.jpg</fanart>
</item>
<item>
    <title>The Eternal</title>
    <meta>
        <imdb>tt0158011</imdb>
        <content>movie</content>
        <title>The Eternal</title>
        <year>1998</year>
    </meta>
    <link>
        <sublink>search</sublink>
        <sublink>searchsd</sublink>
    </link>
    <thumbnail>https://image.tmdb.org/t/p/w1280//adpIXeqtxEmkNmZKo3WsbE7tAvP.jpg</thumbnail>
    <fanart>https://image.tmdb.org/t/p/w1280//yyUkqecURjOqTsLYkigmYmCbtHu.jpg</fanart>
</item>
<item>
    <title>Far and Away</title>
    <meta>
        <imdb>tt0104231</imdb>
        <content>movie</content>
        <title>Far and Away</title>
        <year>1992</year>
    </meta>
    <link>
        <sublink>search</sublink>
        <sublink>searchsd</sublink>
    </link>
    <thumbnail>https://image.tmdb.org/t/p/w1280//yNdfm55jkgFk1IeAqxSEPFDPR5x.jpg</thumbnail>
    <fanart>https://image.tmdb.org/t/p/w1280//lYTimGLaSjxZPiyoJjg3fHeCj5D.jpg</fanart>
</item>
<item>
    <title>Finian's Rainbow</title>
    <meta>
        <imdb>tt0062974</imdb>
        <content>movie</content>
        <title>Finian's Rainbow</title>
        <year>1968</year>
    </meta>
    <link>
        <sublink>search</sublink>
        <sublink>searchsd</sublink>
    </link>
    <thumbnail>https://image.tmdb.org/t/p/w1280//9pxnQxw66KZadCxsYUFlAHTx0Zx.jpg</thumbnail>
    <fanart>https://image.tmdb.org/t/p/w1280//409WBiGlZFh1pSKClxnggxyD11i.jpg</fanart>
</item>
<item>
    <title>Getting Lucky</title>
    <meta>
        <imdb>tt0099648</imdb>
        <content>movie</content>
        <title>Getting Lucky</title>
        <year>1989</year>
    </meta>
    <link>
        <sublink>search</sublink>
        <sublink>searchsd</sublink>
    </link>
    <thumbnail>https://image.tmdb.org/t/p/w1280//8uf3rbYjFmv8HMXk9URELI1SyTA.jpg</thumbnail>
    <fanart>https://image.tmdb.org/t/p/w1280//vQ1esLVkIOGILKlbaVF3DpA27u8.jpg</fanart>
</item>
<item>
    <title>Grabbers</title>
    <meta>
        <imdb>tt1525366</imdb>
        <content>movie</content>
        <title>Grabbers</title>
        <year>2012</year>
    </meta>
    <link>
        <sublink>search</sublink>
        <sublink>searchsd</sublink>
    </link>
    <thumbnail>https://image.tmdb.org/t/p/w1280//eZ9hd0p2QXRSv1xoKaFDERLyadJ.jpg</thumbnail>
    <fanart>https://image.tmdb.org/t/p/w1280//j1PN1v9eP1y1mwkVLA0dcIwhM6g.jpg</fanart>
</item>
<item>
    <title>The Guard</title>
    <meta>
        <imdb>tt1540133</imdb>
        <content>movie</content>
        <title>The Guard</title>
        <year>2011</year>
    </meta>
    <link>
        <sublink>search</sublink>
        <sublink>searchsd</sublink>
    </link>
    <thumbnail>https://image.tmdb.org/t/p/w1280//iUHePguAaumQGvf3rlXHHAkAMoh.jpg</thumbnail>
    <fanart>https://image.tmdb.org/t/p/w1280//uvmk0VM74sfJ6dgmEviqaxtZZ7n.jpg</fanart>
</item>
<item>
    <title>Hunger</title>
    <meta>
        <imdb>tt0986233</imdb>
        <content>movie</content>
        <title>Hunger</title>
        <year>2008</year>
    </meta>
    <link>
        <sublink>search</sublink>
        <sublink>searchsd</sublink>
    </link>
    <thumbnail>https://image.tmdb.org/t/p/w1280//397BUdT1bIt9tICgq7wSbF05Dsy.jpg</thumbnail>
    <fanart>https://image.tmdb.org/t/p/w1280//uehtFb2tQ867k2cD9rnAcs2XZI1.jpg</fanart>
</item>
<item>
    <title>In America</title>
    <meta>
        <imdb>tt0298845</imdb>
        <content>movie</content>
        <title>In America</title>
        <year>2003</year>
    </meta>
    <link>
        <sublink>search</sublink>
        <sublink>searchsd</sublink>
    </link>
    <thumbnail>https://image.tmdb.org/t/p/w1280//ssTYNuUlcjlRFcmXmHJDc1vG8LN.jpg</thumbnail>
    <fanart>https://image.tmdb.org/t/p/w1280//v72oluvjaTPrshttqWJQ3zE28av.jpg</fanart>
</item>
<item>
    <title>In the Name of the Father</title>
    <meta>
        <imdb>tt0107207</imdb>
        <content>movie</content>
        <title>In the Name of the Father</title>
        <year>1993</year>
    </meta>
    <link>
        <sublink>search</sublink>
        <sublink>searchsd</sublink>
    </link>
    <thumbnail>https://image.tmdb.org/t/p/w1280//22UfH59UppgMtDIMjD6DxhO8J2C.jpg</thumbnail>
    <fanart>https://image.tmdb.org/t/p/w1280//pBvKhZ0ZrVeu9Nwyr0BHd8emvN4.jpg</fanart>
</item>
<item>
    <title>The Informer</title>
    <meta>
        <imdb>tt0026529</imdb>
        <content>movie</content>
        <title>The Informer</title>
        <year>1935</year>
    </meta>
    <link>
        <sublink>search</sublink>
        <sublink>searchsd</sublink>
    </link>
    <thumbnail>https://image.tmdb.org/t/p/w1280//qac9WmZG8DL64LLfYXolJcogbfG.jpg</thumbnail>
    <fanart>https://image.tmdb.org/t/p/w1280//cI2a8nYXDO5aDlEyudWI0I2gJM1.jpg</fanart>
</item>
<item>
    <title>Into the West</title>
    <meta>
        <imdb>tt0104522</imdb>
        <content>movie</content>
        <title>Into the West</title>
        <year>1992</year>
    </meta>
    <link>
        <sublink>search</sublink>
        <sublink>searchsd</sublink>
    </link>
    <thumbnail>https://image.tmdb.org/t/p/w1280//2penaUnqg1Vme6qfTUBFiQKlE6s.jpg</thumbnail>
    <fanart>https://image.tmdb.org/t/p/w1280//eqnPKYMHMwjO5VhhgY8UycxSyfK.jpg</fanart>
</item>
<item>
    <title>The Irish Pub</title>
    <meta>
        <imdb>tt3229518</imdb>
        <content>movie</content>
        <title>The Irish Pub</title>
        <year>2013</year>
    </meta>
    <link>
        <sublink>search</sublink>
        <sublink>searchsd</sublink>
    </link>
    <thumbnail>https://image.tmdb.org/t/p/w1280//sLIFeYNDpNvKpBNYQFqGX8YzV1Y.jpg</thumbnail>
    <fanart>https://image.tmdb.org/t/p/w1280//21qnnhyqHsBhYjdUdByYhIQ20ml.jpg</fanart>
</item>
<item>
    <title>Juno and the Paycock</title>
    <meta>
        <imdb>tt0021015</imdb>
        <content>movie</content>
        <title>Juno and the Paycock</title>
        <year>1930</year>
    </meta>
    <link>
        <sublink>search</sublink>
        <sublink>searchsd</sublink>
    </link>
    <thumbnail>https://image.tmdb.org/t/p/w1280//lGsScGu3pktbddUApGfLp0m6I9G.jpg</thumbnail>
    <fanart>https://image.tmdb.org/t/p/w1280//wXk3CKiwdEvAPWzXh80fPLndGP1.jpg</fanart>
</item>
<item>
    <title>The Last Leprechaun</title>
    <meta>
        <imdb>tt0277791</imdb>
        <content>movie</content>
        <title>The Last Leprechaun</title>
        <year>1998</year>
    </meta>
    <link>
        <sublink>search</sublink>
        <sublink>searchsd</sublink>
    </link>
    <thumbnail>https://image.tmdb.org/t/p/w1280//thZ569pIBpc5Xp2YV9Brl2XSNZ9.jpg</thumbnail>
    <fanart>https://image.tmdb.org/t/p/w1280//zNqgPSHqXeptmU3pVF51Oy8Q0LW.jpg</fanart>
</item>
<item>
    <title>Leprechaun</title>
    <meta>
        <imdb>tt0107387</imdb>
        <content>movie</content>
        <title>Leprechaun</title>
        <year>1993</year>
    </meta>
    <link>
        <sublink>search</sublink>
        <sublink>searchsd</sublink>
    </link>
    <thumbnail>https://image.tmdb.org/t/p/w1280//2dsUS77eZIjWduahxqYtp3U0zS2.jpg</thumbnail>
    <fanart>https://image.tmdb.org/t/p/w1280//dI7hNqmofB4CrELGiZVkdiJnz21.jpg</fanart>
</item>
<item>
    <title>Leprechaun 2</title>
    <meta>
        <imdb>tt0110329</imdb>
        <content>movie</content>
        <title>Leprechaun 2</title>
        <year>1994</year>
    </meta>
    <link>
        <sublink>search</sublink>
        <sublink>searchsd</sublink>
    </link>
    <thumbnail>https://image.tmdb.org/t/p/w1280//fnCLZ3rpy3enYSHrzcBxnx3fozK.jpg</thumbnail>
    <fanart>https://image.tmdb.org/t/p/w1280//1XfpEBNpRMcozlgVHgOkwRVBDad.jpg</fanart>
</item>
<item>
    <title>Leprechaun 3</title>
    <meta>
        <imdb>tt0113636</imdb>
        <content>movie</content>
        <title>Leprechaun 3</title>
        <year>1995</year>
    </meta>
    <link>
        <sublink>search</sublink>
        <sublink>searchsd</sublink>
    </link>
    <thumbnail>https://image.tmdb.org/t/p/w1280//z9NT2smK66pYOjBtmZuKFFTZ478.jpg</thumbnail>
    <fanart>https://image.tmdb.org/t/p/w1280//wR7ymcbZDTygjvSSgbIIkEzQbq8.jpg</fanart>
</item>
<item>
    <title>Leprechaun 4: In Space</title>
    <meta>
        <imdb>tt0116861</imdb>
        <content>movie</content>
        <title>Leprechaun 4: In Space</title>
        <year>1996</year>
    </meta>
    <link>
        <sublink>search</sublink>
        <sublink>searchsd</sublink>
    </link>
    <thumbnail>https://image.tmdb.org/t/p/w1280//l5wiWnZXrBtlOQcEJ05nFPFiwaY.jpg</thumbnail>
    <fanart>https://image.tmdb.org/t/p/w1280//nZjPrLrKOkykGCHCL5fOWuIoYBE.jpg</fanart>
</item>
<item>
    <title>Leprechaun in the Hood</title>
    <meta>
        <imdb>tt0209095</imdb>
        <content>movie</content>
        <title>Leprechaun in the Hood</title>
        <year>2000</year>
    </meta>
    <link>
        <sublink>search</sublink>
        <sublink>searchsd</sublink>
    </link>
    <thumbnail>https://image.tmdb.org/t/p/w1280//n6NOZ3tQ6kgUFa3tMWiP2ttFzLu.jpg</thumbnail>
    <fanart>https://image.tmdb.org/t/p/w1280//8mk6TyGmjd0QVywaekjKGc4s2ns.jpg</fanart>
</item>
<item>
    <title>Leprechaun's Revenge</title>
    <meta>
        <imdb>tt1876454</imdb>
        <content>movie</content>
        <title>Leprechaun's Revenge</title>
        <year>2012</year>
    </meta>
    <link>
        <sublink>search</sublink>
        <sublink>searchsd</sublink>
    </link>
    <thumbnail>https://image.tmdb.org/t/p/w1280//p0zaCxUnAuljImg36H6TxURqPgV.jpg</thumbnail>
    <fanart>https://image.tmdb.org/t/p/w1280//fCBmiXZXwQEPYTTBdXlQlbi10X7.jpg</fanart>
</item>
<item>
    <title>Leprechaun: Back 2 tha Hood</title>
    <meta>
        <imdb>tt0339294</imdb>
        <content>movie</content>
        <title>Leprechaun: Back 2 tha Hood</title>
        <year>2003</year>
    </meta>
    <link>
        <sublink>search</sublink>
        <sublink>searchsd</sublink>
    </link>
    <thumbnail>https://image.tmdb.org/t/p/w1280//dIyJ9mA3mPW1WEme5tUjaadHrYb.jpg</thumbnail>
    <fanart>https://image.tmdb.org/t/p/w1280//6xZrqzy2Uhq1DvB0zdE834p4gfB.jpg</fanart>
</item>
<item>
    <title>Leprechaun: Origins</title>
    <meta>
        <imdb>tt2345613</imdb>
        <content>movie</content>
        <title>Leprechaun: Origins</title>
        <year>2014</year>
    </meta>
    <link>
        <sublink>search</sublink>
        <sublink>searchsd</sublink>
    </link>
    <thumbnail>https://image.tmdb.org/t/p/w1280//wZyvb3zgj4CpYgUpd0iuh0lJPdQ.jpg</thumbnail>
    <fanart>https://image.tmdb.org/t/p/w1280//5r52emjfcu5jqxDWgQrdAXN8FHp.jpg</fanart>
</item>
<item>
    <title>The Luck of the Irish</title>
    <meta>
        <imdb>tt0274636</imdb>
        <content>movie</content>
        <title>The Luck of the Irish</title>
        <year>2001</year>
    </meta>
    <link>
        <sublink>search</sublink>
        <sublink>searchsd</sublink>
    </link>
    <thumbnail>https://image.tmdb.org/t/p/w1280//zNLqnJMbm8KUuRiMu9NIVqCEnik.jpg</thumbnail>
    <fanart>https://image.tmdb.org/t/p/w1280//w5YJUVz0qi7VDACHpexUhznNVOv.jpg</fanart>
</item>
<item>
    <title>Michael Collins</title>
    <meta>
        <imdb>tt0117039</imdb>
        <content>movie</content>
        <title>Michael Collins</title>
        <year>1996</year>
    </meta>
    <link>
        <sublink>search</sublink>
        <sublink>searchsd</sublink>
    </link>
    <thumbnail>https://image.tmdb.org/t/p/w1280//hwmoOMcrtnhMYPNjZKapoF7q4cL.jpg</thumbnail>
    <fanart>https://image.tmdb.org/t/p/w1280//uAgGu97PosJjcX8suTIXyNx69me.jpg</fanart>
</item>
<item>
    <title>Mrs. Brown's Boys D'Movie</title>
    <meta>
        <imdb>tt3433074</imdb>
        <content>movie</content>
        <title>Mrs. Brown's Boys D'Movie</title>
        <year>2014</year>
    </meta>
    <link>
        <sublink>search</sublink>
        <sublink>searchsd</sublink>
    </link>
    <thumbnail>https://image.tmdb.org/t/p/w1280//sbIjTpHfLi73wnfmjSp7B7pw8nd.jpg</thumbnail>
    <fanart>https://image.tmdb.org/t/p/w1280//mTowJZIDlaOz7K7QudpF49KwqHf.jpg</fanart>
</item>
<item>
    <title>My Wild Irish Rose</title>
    <meta>
        <imdb>tt0039647</imdb>
        <content>movie</content>
        <title>My Wild Irish Rose</title>
        <year>1947</year>
    </meta>
    <link>
        <sublink>search</sublink>
        <sublink>searchsd</sublink>
    </link>
    <thumbnail>https://image.tmdb.org/t/p/w1280//lY16Pxqy09EavwTSUsHxjlxxFMh.jpg</thumbnail>
    <fanart>https://image.tmdb.org/t/p/w1280//69WC0P7qAYorPDhENyxNuXNwabX.jpg</fanart>
</item>
<item>
    <title>Odd Man Out</title>
    <meta>
        <imdb>tt0039677</imdb>
        <content>movie</content>
        <title>Odd Man Out</title>
        <year>1947</year>
    </meta>
    <link>
        <sublink>search</sublink>
        <sublink>searchsd</sublink>
    </link>
    <thumbnail>https://image.tmdb.org/t/p/w1280//sp0RvgdBDgCBdZVwa8IUsU22UCU.jpg</thumbnail>
    <fanart>https://image.tmdb.org/t/p/w1280//vMfTn0h4K36agwQ6wcXeP5UprLq.jpg</fanart>
</item>
<item>
    <title>Old Mother Riley Detective</title>
    <meta>
        <imdb>tt0036233</imdb>
        <content>movie</content>
        <title>Old Mother Riley Detective</title>
        <year>1943</year>
    </meta>
    <link>
        <sublink>search</sublink>
        <sublink>searchsd</sublink>
    </link>
    <thumbnail>https://image.tmdb.org/t/p/w1280//ino6BBSmaS4InWZu6H2hndZcb4u.jpg</thumbnail>
    <fanart/>
</item>
<item>
    <title>Old Mother Riley in Paris</title>
    <meta>
        <imdb>tt0030519</imdb>
        <content>movie</content>
        <title>Old Mother Riley in Paris</title>
        <year>1938</year>
    </meta>
    <link>
        <sublink>search</sublink>
        <sublink>searchsd</sublink>
    </link>
    <thumbnail>https://image.tmdb.org/t/p/w1280//Ab0ThYce0Ukygi9S3a55NaEyTVU.jpg</thumbnail>
    <fanart/>
</item>
<item>
    <title>Old Mother Riley's Circus</title>
    <meta>
        <imdb>tt0033975</imdb>
        <content>movie</content>
        <title>Old Mother Riley's Circus</title>
        <year>1941</year>
    </meta>
    <link>
        <sublink>search</sublink>
        <sublink>searchsd</sublink>
    </link>
    <thumbnail>https://image.tmdb.org/t/p/w1280//fesDs37Gf4TYF9tql8jZ3AG5ht4.jpg</thumbnail>
    <fanart/>
</item>
<item>
    <title>Old Mother Riley's Ghosts</title>
    <meta>
        <imdb>tt0033976</imdb>
        <content>movie</content>
        <title>Old Mother Riley's Ghosts</title>
        <year>1941</year>
    </meta>
    <link>
        <sublink>search</sublink>
        <sublink>searchsd</sublink>
    </link>
    <thumbnail>https://image.tmdb.org/t/p/w1280//1GWHbBNuDdoRbv6ZtmJR9v7Qc4z.jpg</thumbnail>
    <fanart/>
</item>
<item>
    <title>Old Mother Riley's Jungle Treasure</title>
    <meta>
        <imdb>tt0043876</imdb>
        <content>movie</content>
        <title>Old Mother Riley's Jungle Treasure</title>
        <year>1951</year>
    </meta>
    <link>
        <sublink>search</sublink>
        <sublink>searchsd</sublink>
    </link>
    <thumbnail>https://image.tmdb.org/t/p/w1280//7oQR5ZKvJ2FJio0Lo4ShjKYnlUG.jpg</thumbnail>
    <fanart/>
</item>
<item>
    <title>Old Mother Riley's New Venture</title>
    <meta>
        <imdb>tt0041714</imdb>
        <content>movie</content>
        <title>Old Mother Riley's New Venture</title>
        <year>1949</year>
    </meta>
    <link>
        <sublink>search</sublink>
        <sublink>searchsd</sublink>
    </link>
    <thumbnail>https://image.tmdb.org/t/p/w1280//axekgtXhYJfvEsBituz2DNYgCxi.jpg</thumbnail>
    <fanart/>
</item>
<item>
    <title>Once</title>
    <meta>
        <imdb>tt0907657</imdb>
        <content>movie</content>
        <title>Once</title>
        <year>2007</year>
    </meta>
    <link>
        <sublink>search</sublink>
        <sublink>searchsd</sublink>
    </link>
    <thumbnail>https://image.tmdb.org/t/p/w1280//fEjwJfeDxgsRBlYgEWMgvrKQ6VB.jpg</thumbnail>
    <fanart>https://image.tmdb.org/t/p/w1280//5e9rYIQzaSy3v6ntyFuA3N4QN6b.jpg</fanart>
</item>
<item>
    <title>Patriot Games</title>
    <meta>
        <imdb>tt0105112</imdb>
        <content>movie</content>
        <title>Patriot Games</title>
        <year>1992</year>
    </meta>
    <link>
        <sublink>search</sublink>
        <sublink>searchsd</sublink>
    </link>
    <thumbnail>https://image.tmdb.org/t/p/w1280//nB8fcOEQPS0V64U0ZUJXCTEaCDY.jpg</thumbnail>
    <fanart>https://image.tmdb.org/t/p/w1280//yshFp0rXuP9851vi36sGHGCYwvQ.jpg</fanart>
</item>
<item>
    <title>The Playboys</title>
    <meta>
        <imdb>tt0105150</imdb>
        <content>movie</content>
        <title>The Playboys</title>
        <year>1992</year>
    </meta>
    <link>
        <sublink>search</sublink>
        <sublink>searchsd</sublink>
    </link>
    <thumbnail>https://image.tmdb.org/t/p/w1280//yZlwsGAzArv2FIecuCmou1Ss7Gp.jpg</thumbnail>
    <fanart>https://image.tmdb.org/t/p/w1280//tst9mPqmEkYJAMicLw78cfKdpQh.jpg</fanart>
</item>
<item>
    <title>Pot o' Gold</title>
    <meta>
        <imdb>tt0034055</imdb>
        <content>movie</content>
        <title>Pot o' Gold</title>
        <year>1941</year>
    </meta>
    <link>
        <sublink>search</sublink>
        <sublink>searchsd</sublink>
    </link>
    <thumbnail>https://image.tmdb.org/t/p/w1280//Mi5KGNflQjEwLmGfl2HuCanYhA.jpg</thumbnail>
    <fanart>https://image.tmdb.org/t/p/w1280//gUeT3mZI1AnvIsAPbgSIxlPSvW1.jpg</fanart>
</item>
<item>
    <title>The Quiet Man</title>
    <meta>
        <imdb>tt0045061</imdb>
        <content>movie</content>
        <title>The Quiet Man</title>
        <year>1952</year>
    </meta>
    <link>
        <sublink>search</sublink>
        <sublink>searchsd</sublink>
    </link>
    <thumbnail>https://image.tmdb.org/t/p/w1280//zpbgrWBPWOemGaVpFHPoWyqoJyZ.jpg</thumbnail>
    <fanart>https://image.tmdb.org/t/p/w1280//uZttYyxXYws0REW3BKCtGXy8dWh.jpg</fanart>
</item>
<item>
    <title>Rawhead Rex</title>
    <meta>
        <imdb>tt0091829</imdb>
        <content>movie</content>
        <title>Rawhead Rex</title>
        <year>1986</year>
    </meta>
    <link>
        <sublink>search</sublink>
        <sublink>searchsd</sublink>
    </link>
    <thumbnail>https://image.tmdb.org/t/p/w1280//iaUdeKLtKBuZJavToGiRHySXAPA.jpg</thumbnail>
    <fanart>https://image.tmdb.org/t/p/w1280//jc6p4j8GkXvG9QuJ6YW80wpcMNP.jpg</fanart>
</item>
<item>
    <title>The Rising of the Moon</title>
    <meta>
        <imdb>tt0050902</imdb>
        <content>movie</content>
        <title>The Rising of the Moon</title>
        <year>1957</year>
    </meta>
    <link>
        <sublink>search</sublink>
        <sublink>searchsd</sublink>
    </link>
    <thumbnail>https://image.tmdb.org/t/p/w1280//6xOLe1KUAQGqs3X27OaBnmAqLvW.jpg</thumbnail>
    <fanart>https://image.tmdb.org/t/p/w1280//ynMKkEP8QPdIpVpVlGxlpmyIaSG.jpg</fanart>
</item>
<item>
    <title>The Secret of Kells</title>
    <meta>
        <imdb>tt0485601</imdb>
        <content>movie</content>
        <title>The Secret of Kells</title>
        <year>2009</year>
    </meta>
    <link>
        <sublink>search</sublink>
        <sublink>searchsd</sublink>
    </link>
    <thumbnail>https://image.tmdb.org/t/p/w1280//hTmIGCqLKKUoEKJYOAJJau8mgne.jpg</thumbnail>
    <fanart>https://image.tmdb.org/t/p/w1280//i9KqqGDw6aOOxtQDdzP4xHmjyHT.jpg</fanart>
</item>
<item>
    <title>The Secret of Roan Inish</title>
    <meta>
        <imdb>tt0111112</imdb>
        <content>movie</content>
        <title>The Secret of Roan Inish</title>
        <year>1994</year>
    </meta>
    <link>
        <sublink>search</sublink>
        <sublink>searchsd</sublink>
    </link>
    <thumbnail>https://image.tmdb.org/t/p/w1280//knrhzhfMKgTqrDrCy3nBWL5sypa.jpg</thumbnail>
    <fanart>https://image.tmdb.org/t/p/w1280//hf1x5jzC48vhVnQ05ziVtGRo6yf.jpg</fanart>
</item>
<item>
    <title>Song o' My Heart</title>
    <meta>
        <imdb>tt0021401</imdb>
        <content>movie</content>
        <title>Song o' My Heart</title>
        <year>1930</year>
    </meta>
    <link>
        <sublink>search</sublink>
        <sublink>searchsd</sublink>
    </link>
    <thumbnail>https://image.tmdb.org/t/p/w1280//ePpWlrZog0ViyqBsBz259Sm0UOR.jpg</thumbnail>
    <fanart/>
</item>
<item>
    <title>Song of the Sea</title>
    <meta>
        <imdb>tt1865505</imdb>
        <content>movie</content>
        <title>Song of the Sea</title>
        <year>2014</year>
    </meta>
    <link>
        <sublink>search</sublink>
        <sublink>searchsd</sublink>
    </link>
    <thumbnail>https://image.tmdb.org/t/p/w1280//uvNv23Arf2ZYtimiStSB2c1DAEX.jpg</thumbnail>
    <fanart>https://image.tmdb.org/t/p/w1280//pmzR5Q8W0wbxpBV3lp548hBESiE.jpg</fanart>
</item>
<item>
    <title>St. Patrick's Day</title>
    <meta>
        <imdb>None</imdb>
        <content>movie</content>
        <title>St. Patrick's Day</title>
        <year>2016</year>
    </meta>
    <link>
        <sublink>search</sublink>
        <sublink>searchsd</sublink>
    </link>
    <thumbnail>https://image.tmdb.org/t/p/w1280//40hvFpkV09iWkEKrZ0Sq5RSQegY.jpg</thumbnail>
    <fanart/>
</item>
<item>
    <title>St. Patrick's Day</title>
    <meta>
        <imdb>tt0120191</imdb>
        <content>movie</content>
        <title>St. Patrick's Day</title>
        <year>1996</year>
    </meta>
    <link>
        <sublink>search</sublink>
        <sublink>searchsd</sublink>
    </link>
    <thumbnail>https://image.tmdb.org/t/p/w1280//3ed1O0XhPguhmpWA5CEeTh4CKV.jpg</thumbnail>
    <fanart/>
</item>
<item>
    <title>St. Patrick: The Irish Legend</title>
    <meta>
        <imdb>tt0202595</imdb>
        <content>movie</content>
        <title>St. Patrick: The Irish Legend</title>
        <year>2000</year>
    </meta>
    <link>
        <sublink>search</sublink>
        <sublink>searchsd</sublink>
    </link>
    <thumbnail>https://image.tmdb.org/t/p/w1280//vVaWM6yOoHU45Gk1YLZ0Ip4zqlP.jpg</thumbnail>
    <fanart/>
</item>
<item>
    <title>State of Grace</title>
    <meta>
        <imdb>tt0100685</imdb>
        <content>movie</content>
        <title>State of Grace</title>
        <year>1990</year>
    </meta>
    <link>
        <sublink>search</sublink>
        <sublink>searchsd</sublink>
    </link>
    <thumbnail>https://image.tmdb.org/t/p/w1280//5vwP5vUBqizNI5O7UU6mAgkTkGa.jpg</thumbnail>
    <fanart>https://image.tmdb.org/t/p/w1280//6MuU4kX50nioR4ad1jSyFXfFv5h.jpg</fanart>
</item>
<item>
    <title>Taffin</title>
    <meta>
        <imdb>tt0096211</imdb>
        <content>movie</content>
        <title>Taffin</title>
        <year>1988</year>
    </meta>
    <link>
        <sublink>search</sublink>
        <sublink>searchsd</sublink>
    </link>
    <thumbnail>https://image.tmdb.org/t/p/w1280//g0QrRK5Ml2n1qaeF74P4iG3pNnH.jpg</thumbnail>
    <fanart>https://image.tmdb.org/t/p/w1280//u7QOqKutTKlWfvBo2LyIMhuoVjI.jpg</fanart>
</item>
<item>
    <title>Tristan & Isolde</title>
    <meta>
        <imdb>tt0375154</imdb>
        <content>movie</content>
        <title>Tristan & Isolde</title>
        <year>2006</year>
    </meta>
    <link>
        <sublink>search</sublink>
        <sublink>searchsd</sublink>
    </link>
    <thumbnail>https://image.tmdb.org/t/p/w1280//8AAh97XRGbgQnMWMJ6atwEQhJQ1.jpg</thumbnail>
    <fanart>https://image.tmdb.org/t/p/w1280//2QNF5qs3HDQmYNTchw8Wn2nl2Vh.jpg</fanart>
</item>
<item>
    <title>The Wind That Shakes the Barley</title>
    <meta>
        <imdb>tt0460989</imdb>
        <content>movie</content>
        <title>The Wind That Shakes the Barley</title>
        <year>2006</year>
    </meta>
    <link>
        <sublink>search</sublink>
        <sublink>searchsd</sublink>
    </link>
    <thumbnail>https://image.tmdb.org/t/p/w1280//uLt7SpgPjfwkWqJpUk08xONISFZ.jpg</thumbnail>
    <fanart>https://image.tmdb.org/t/p/w1280//bFMVJ0RZ6xHqsZhHQwxc0fPi5h6.jpg</fanart>
</item>
