<item>
    <title>A Charlie Brown Thanksgiving</title>
    <meta>
        <imdb>tt0068359</imdb>
        <content>movie</content>
        <title>A Charlie Brown Thanksgiving</title>
        <year>1973</year>
    </meta>
    <link>
        <sublink>search</sublink>
        <sublink>searchsd</sublink>
    </link>
    <thumbnail>https://image.tmdb.org/t/p/w1280//ra6CABVB4PubcGNntf1X5WP56hc.jpg</thumbnail>
    <fanart>https://image.tmdb.org/t/p/w1280//3rpMfFKsWPqcUtCgl8fU4pmyO7Y.jpg</fanart>
</item>
<item>
    <title>A Holiday Engagement</title>
    <meta>
        <imdb>tt1807892</imdb>
        <content>movie</content>
        <title>A Holiday Engagement</title>
        <year>2011</year>
    </meta>
    <link>
        <sublink>search</sublink>
        <sublink>searchsd</sublink>
    </link>
    <thumbnail>https://image.tmdb.org/t/p/w1280//oFHlNAV9J2GIQvJMMbdaziP28PW.jpg</thumbnail>
    <fanart>https://image.tmdb.org/t/p/w1280//s6Efl6W4ILg3S9top1u4bsg7b47.jpg</fanart>
</item>
<item>
    <title>Alice's Restaurant</title>
    <meta>
        <imdb>tt0064002</imdb>
        <content>movie</content>
        <title>Alice's Restaurant</title>
        <year>1969</year>
    </meta>
    <link>
        <sublink>search</sublink>
        <sublink>searchsd</sublink>
    </link>
    <thumbnail>https://image.tmdb.org/t/p/w1280//mH37MbhXTw8Jlr8doM7YTHGQWUQ.jpg</thumbnail>
    <fanart>https://image.tmdb.org/t/p/w1280//zOnLNxborETAyqqjuGef8snNh7M.jpg</fanart>
</item>
<item>
    <title>Avalon</title>
    <meta>
        <imdb>tt0099073</imdb>
        <content>movie</content>
        <title>Avalon</title>
        <year>1990</year>
    </meta>
    <link>
        <sublink>search</sublink>
        <sublink>searchsd</sublink>
    </link>
    <thumbnail>https://image.tmdb.org/t/p/w1280//eG8f40D3SvoLUpAub2FDZ8ygngB.jpg</thumbnail>
    <fanart>https://image.tmdb.org/t/p/w1280//9MZrkF78d5sCiuUJP1QgQCFLl8j.jpg</fanart>
</item>
<item>
    <title>The Big Chill</title>
    <meta>
        <imdb>tt0085244</imdb>
        <content>movie</content>
        <title>The Big Chill</title>
        <year>1983</year>
    </meta>
    <link>
        <sublink>search</sublink>
        <sublink>searchsd</sublink>
    </link>
    <thumbnail>https://image.tmdb.org/t/p/w1280//iHSQ8dPtqa4qlT19I9fJKqWprHA.jpg</thumbnail>
    <fanart>https://image.tmdb.org/t/p/w1280//8npjYAyB0bsyJGg6GJWN1uyrwe6.jpg</fanart>
</item>
<item>
    <title>Broadway Danny Rose</title>
    <meta>
        <imdb>tt0087003</imdb>
        <content>movie</content>
        <title>Broadway Danny Rose</title>
        <year>1984</year>
    </meta>
    <link>
        <sublink>search</sublink>
        <sublink>searchsd</sublink>
    </link>
    <thumbnail>https://image.tmdb.org/t/p/w1280//zqMUSxMUGb9cq4nk8OZfAJkoe8B.jpg</thumbnail>
    <fanart>https://image.tmdb.org/t/p/w1280//g9VJNVAkkMjqF4D40J7IG0pcoC3.jpg</fanart>
</item>
<item>
    <title>Dutch</title>
    <meta>
        <imdb>tt0101786</imdb>
        <content>movie</content>
        <title>Dutch</title>
        <year>1991</year>
    </meta>
    <link>
        <sublink>search</sublink>
        <sublink>searchsd</sublink>
    </link>
    <thumbnail>https://image.tmdb.org/t/p/w1280//ounuaeza1uYu4mKbGglCQMbnysV.jpg</thumbnail>
    <fanart>https://image.tmdb.org/t/p/w1280//t2cW5Iy3j416DNBbauTEw8u7Na8.jpg</fanart>
</item>
<item>
    <title>Four Brothers</title>
    <meta>
        <imdb>tt0430105</imdb>
        <content>movie</content>
        <title>Four Brothers</title>
        <year>2005</year>
    </meta>
    <link>
        <sublink>search</sublink>
        <sublink>searchsd</sublink>
    </link>
    <thumbnail>https://image.tmdb.org/t/p/w1280//spb6ir8Z1PzheaxagpCELAhZG4O.jpg</thumbnail>
    <fanart>https://image.tmdb.org/t/p/w1280//atnxWxIOFLzUfmR8hLuNMObeuWY.jpg</fanart>
</item>
<item>
    <title>Free Birds</title>
    <meta>
        <imdb>tt1621039</imdb>
        <content>movie</content>
        <title>Free Birds</title>
        <year>2013</year>
    </meta>
    <link>
        <sublink>search</sublink>
        <sublink>searchsd</sublink>
    </link>
    <thumbnail>https://image.tmdb.org/t/p/w1280//c5Gwex2oQPaMkgZPTzhdkMMSrwW.jpg</thumbnail>
    <fanart>https://image.tmdb.org/t/p/w1280//kMQHV8A0jOl4eRkBFP7dy6Jt5Gv.jpg</fanart>
</item>
<item>
    <title>Funny People</title>
    <meta>
        <imdb>tt1201167</imdb>
        <content>movie</content>
        <title>Funny People</title>
        <year>2009</year>
    </meta>
    <link>
        <sublink>search</sublink>
        <sublink>searchsd</sublink>
    </link>
    <thumbnail>https://image.tmdb.org/t/p/w1280//uWgcmAIfYURUHJGhY4Rq1IXcJIg.jpg</thumbnail>
    <fanart>https://image.tmdb.org/t/p/w1280//yzEJW4dowe1RSpSdchaGi9eoHHU.jpg</fanart>
</item>
<item>
    <title>Grumpier Old Men</title>
    <meta>
        <imdb>tt0113228</imdb>
        <content>movie</content>
        <title>Grumpier Old Men</title>
        <year>1995</year>
    </meta>
    <link>
        <sublink>search</sublink>
        <sublink>searchsd</sublink>
    </link>
    <thumbnail>https://image.tmdb.org/t/p/w1280//6ksm1sjKMFLbO7UY2i6G1ju9SML.jpg</thumbnail>
    <fanart>https://image.tmdb.org/t/p/w1280//1ENbkuIYK2taNGGKNMs2hw6SaJb.jpg</fanart>
</item>
<item>
    <title>Grumpy Old Men</title>
    <meta>
        <imdb>tt0107050</imdb>
        <content>movie</content>
        <title>Grumpy Old Men</title>
        <year>1993</year>
    </meta>
    <link>
        <sublink>search</sublink>
        <sublink>searchsd</sublink>
    </link>
    <thumbnail>https://image.tmdb.org/t/p/w1280//w4q0vMlJCeNQnUMsVbjB3DiH1mw.jpg</thumbnail>
    <fanart>https://image.tmdb.org/t/p/w1280//fU4WEpG851JEpYXO3JGIr7iVf85.jpg</fanart>
</item>
<item>
    <title>Hannah and Her Sisters</title>
    <meta>
        <imdb>tt0091167</imdb>
        <content>movie</content>
        <title>Hannah and Her Sisters</title>
        <year>1986</year>
    </meta>
    <link>
        <sublink>search</sublink>
        <sublink>searchsd</sublink>
    </link>
    <thumbnail>https://image.tmdb.org/t/p/w1280//dFq98GFwGBS7DF5XihdcR1kMN4G.jpg</thumbnail>
    <fanart>https://image.tmdb.org/t/p/w1280//tYKXeGArupxx4An31BnJv8iQGAo.jpg</fanart>
</item>
<item>
    <title>Holiday Inn</title>
    <meta>
        <imdb>tt0034862</imdb>
        <content>movie</content>
        <title>Holiday Inn</title>
        <year>1942</year>
    </meta>
    <link>
        <sublink>search</sublink>
        <sublink>searchsd</sublink>
    </link>
    <thumbnail>https://image.tmdb.org/t/p/w1280//9Hxrm3wtxcjQ6QvOpXFH74ekpRs.jpg</thumbnail>
    <fanart>https://image.tmdb.org/t/p/w1280//j9hOAo4BTCcUJ3lyEuOVWzlYDWR.jpg</fanart>
</item>
<item>
    <title>Home for the Holidays</title>
    <meta>
        <imdb>tt0113321</imdb>
        <content>movie</content>
        <title>Home for the Holidays</title>
        <year>1995</year>
    </meta>
    <link>
        <sublink>search</sublink>
        <sublink>searchsd</sublink>
    </link>
    <thumbnail>https://image.tmdb.org/t/p/w1280//smK19jzldabfCtKM6IgbkySfWas.jpg</thumbnail>
    <fanart>https://image.tmdb.org/t/p/w1280//d9UBz6c39l5tTSC0Dwjg5HrdrwN.jpg</fanart>
</item>
<item>
    <title>The House of Yes</title>
    <meta>
        <imdb>tt0119324</imdb>
        <content>movie</content>
        <title>The House of Yes</title>
        <year>1997</year>
    </meta>
    <link>
        <sublink>search</sublink>
        <sublink>searchsd</sublink>
    </link>
    <thumbnail>https://image.tmdb.org/t/p/w1280//uBu2KizwNg1NAduWOILTDL3UqoY.jpg</thumbnail>
    <fanart>https://image.tmdb.org/t/p/w1280//aIruC1Lhv68WXKk3Z5WhqXBX9kj.jpg</fanart>
</item>
<item>
    <title>The Ice Storm</title>
    <meta>
        <imdb>tt0119349</imdb>
        <content>movie</content>
        <title>The Ice Storm</title>
        <year>1997</year>
    </meta>
    <link>
        <sublink>search</sublink>
        <sublink>searchsd</sublink>
    </link>
    <thumbnail>https://image.tmdb.org/t/p/w1280//e3j1Pn67bWos1pnBDE9GJNeAtcT.jpg</thumbnail>
    <fanart>https://image.tmdb.org/t/p/w1280//Gv0ljEi6hJd4WI8wHprTXZlw8N.jpg</fanart>
</item>
<item>
    <title>The New World</title>
    <meta>
        <imdb>tt0402399</imdb>
        <content>movie</content>
        <title>The New World</title>
        <year>2005</year>
    </meta>
    <link>
        <sublink>search</sublink>
        <sublink>searchsd</sublink>
    </link>
    <thumbnail>https://image.tmdb.org/t/p/w1280//amihqP51DyBx1CZ8ybEvR1v68zH.jpg</thumbnail>
    <fanart>https://image.tmdb.org/t/p/w1280//4hIopbLkzezGUK3mmUcD5f0HzQ8.jpg</fanart>
</item>
<item>
    <title>One Special Night</title>
    <meta>
        <imdb>tt0165543</imdb>
        <content>movie</content>
        <title>One Special Night</title>
        <year>1999</year>
    </meta>
    <link>
        <sublink>search</sublink>
        <sublink>searchsd</sublink>
    </link>
    <thumbnail>https://image.tmdb.org/t/p/w1280//6kzkv02sNRoNmPwIkUK3YIKhnuC.jpg</thumbnail>
    <fanart>https://image.tmdb.org/t/p/w1280//fyJJevOGexFSDugg9clNMunVkmU.jpg</fanart>
</item>
<item>
    <title>Pieces of April</title>
    <meta>
        <imdb>tt0311648</imdb>
        <content>movie</content>
        <title>Pieces of April</title>
        <year>2003</year>
    </meta>
    <link>
        <sublink>search</sublink>
        <sublink>searchsd</sublink>
    </link>
    <thumbnail>https://image.tmdb.org/t/p/w1280//ccDS002s5Aavb1qCjlx379jmHXu.jpg</thumbnail>
    <fanart>https://image.tmdb.org/t/p/w1280//nB4AFmR90eCI4rCDYFYKzBZ2GMx.jpg</fanart>
</item>
<item>
    <title>Planes, Trains and Automobiles</title>
    <meta>
        <imdb>tt0093748</imdb>
        <content>movie</content>
        <title>Planes, Trains and Automobiles</title>
        <year>1987</year>
    </meta>
    <link>
        <sublink>search</sublink>
        <sublink>searchsd</sublink>
    </link>
    <thumbnail>https://image.tmdb.org/t/p/w1280//3RSucVsX96Ste8WDJfZP1hbNGqQ.jpg</thumbnail>
    <fanart>https://image.tmdb.org/t/p/w1280//w8wOF8n52L3npxj3cBYejoc2Zkj.jpg</fanart>
</item>
<item>
    <title>Pocahontas</title>
    <meta>
        <imdb>tt0114148</imdb>
        <content>movie</content>
        <title>Pocahontas</title>
        <year>1995</year>
    </meta>
    <link>
        <sublink>search</sublink>
        <sublink>searchsd</sublink>
    </link>
    <thumbnail>https://image.tmdb.org/t/p/w1280//qk95miOV8wDABbO5gyCpCrvbVFu.jpg</thumbnail>
    <fanart>https://image.tmdb.org/t/p/w1280//dm6NraLaLOCvGfzYPl7puMvvxfr.jpg</fanart>
</item>
<item>
    <title>The Adventures of Pocahontas: Indian Princess</title>
    <meta>
        <imdb>tt1119154</imdb>
        <content>movie</content>
        <title>The Adventures of Pocahontas: Indian Princess</title>
        <year>1994</year>
    </meta>
    <link>
        <sublink>search</sublink>
        <sublink>searchsd</sublink>
    </link>
    <thumbnail>https://image.tmdb.org/t/p/w1280//2YF1nBBbvaVuk3F5Gk6W3usNqyt.jpg</thumbnail>
    <fanart>https://image.tmdb.org/t/p/w1280//koMM5J7XYf2z9NmvBnEVhup6KO3.jpg</fanart>
</item>
<item>
    <title>Pocahontas II: Journey to a New World</title>
    <meta>
        <imdb>tt0143808</imdb>
        <content>movie</content>
        <title>Pocahontas II: Journey to a New World</title>
        <year>1998</year>
    </meta>
    <link>
        <sublink>search</sublink>
        <sublink>searchsd</sublink>
    </link>
    <thumbnail>https://image.tmdb.org/t/p/w1280//yaksflTZ4x5nxcYVZiARQK2rYhX.jpg</thumbnail>
    <fanart>https://image.tmdb.org/t/p/w1280//aAC5YZAfHbBGtQAvVvyigbPnVys.jpg</fanart>
</item>
<item>
    <title>Rescue Dawn</title>
    <meta>
        <imdb>tt0462504</imdb>
        <content>movie</content>
        <title>Rescue Dawn</title>
        <year>2006</year>
    </meta>
    <link>
        <sublink>search</sublink>
        <sublink>searchsd</sublink>
    </link>
    <thumbnail>https://image.tmdb.org/t/p/w1280//sNQ1drGljoZ0PpCJoKYtIDiNQ61.jpg</thumbnail>
    <fanart>https://image.tmdb.org/t/p/w1280//bj1ZF5vj23N8pFIGlG2f7IPTtpf.jpg</fanart>
</item>
<item>
    <title>Scent of a Woman</title>
    <meta>
        <imdb>tt0105323</imdb>
        <content>movie</content>
        <title>Scent of a Woman</title>
        <year>1992</year>
    </meta>
    <link>
        <sublink>search</sublink>
        <sublink>searchsd</sublink>
    </link>
    <thumbnail>https://image.tmdb.org/t/p/w1280//22m6tUzIYxXs5cjyl7KJJPULlMT.jpg</thumbnail>
    <fanart>https://image.tmdb.org/t/p/w1280//xDw3Yz797LSBGSxSrzBFEsP3Px4.jpg</fanart>
</item>
<item>
    <title>Son in Law</title>
    <meta>
        <imdb>tt0108186</imdb>
        <content>movie</content>
        <title>Son in Law</title>
        <year>1993</year>
    </meta>
    <link>
        <sublink>search</sublink>
        <sublink>searchsd</sublink>
    </link>
    <thumbnail>https://image.tmdb.org/t/p/w1280//zVnzFkQqcPC1uxhAuIaWx4H0kEO.jpg</thumbnail>
    <fanart>https://image.tmdb.org/t/p/w1280//fGUsG6pAUL5s5YOQkmuN1KfOkmG.jpg</fanart>
</item>
<item>
    <title>Squanto: A Warrior's Tale</title>
    <meta>
        <imdb>tt0111271</imdb>
        <content>movie</content>
        <title>Squanto: A Warrior's Tale</title>
        <year>1994</year>
    </meta>
    <link>
        <sublink>search</sublink>
        <sublink>searchsd</sublink>
    </link>
    <thumbnail>https://image.tmdb.org/t/p/w1280//k1goZHWLuu5UplE47ZPaTbhijkX.jpg</thumbnail>
    <fanart>https://image.tmdb.org/t/p/w1280//sp6mZQHJvR7IKpyb2Z5C5K8oxYN.jpg</fanart>
</item>
<item>
    <title>The War at Home</title>
    <meta>
        <imdb>tt0118117</imdb>
        <content>movie</content>
        <title>The War at Home</title>
        <year>1996</year>
    </meta>
    <link>
        <sublink>search</sublink>
        <sublink>searchsd</sublink>
    </link>
    <thumbnail>https://image.tmdb.org/t/p/w1280//la11ac7YYCDBsizOkKxqwn71VKQ.jpg</thumbnail>
    <fanart>https://image.tmdb.org/t/p/w1280//34SVWEX4LogftDzb73QwbxGNOcp.jpg</fanart>
</item>
<item>
    <title>You've Got Mail</title>
    <meta>
        <imdb>tt0128853</imdb>
        <content>movie</content>
        <title>You've Got Mail</title>
        <year>1998</year>
    </meta>
    <link>
        <sublink>search</sublink>
        <sublink>searchsd</sublink>
    </link>
    <thumbnail>https://image.tmdb.org/t/p/w1280//2XIsqnCwEE3Uf5TlP9H68STgtk6.jpg</thumbnail>
    <fanart>https://image.tmdb.org/t/p/w1280//jbdQ0PDyrWqz5HfzKmparE93ky9.jpg</fanart>
</item>
