<item>
    <title>(500) Days of Summer</title>
    <meta>
        <imdb>tt1022603</imdb>
        <content>movie</content>
        <title>(500) Days of Summer</title>
        <year>2009</year>
    </meta>
    <link>
        <sublink>search</sublink>
        <sublink>searchsd</sublink>
    </link>
    <thumbnail>https://image.tmdb.org/t/p/w1280//5SjtNPD1bb182vzQccvEUpXHFjN.jpg</thumbnail>
    <fanart>https://image.tmdb.org/t/p/w1280//yYw9cVdRJ4zzwxM2cTDXfT6JI6E.jpg</fanart>
</item>
<item>
    <title>50 First Dates</title>
    <meta>
        <imdb>tt0343660</imdb>
        <content>movie</content>
        <title>50 First Dates</title>
        <year>2004</year>
    </meta>
    <link>
        <sublink>search</sublink>
        <sublink>searchsd</sublink>
    </link>
    <thumbnail>https://image.tmdb.org/t/p/w1280//vKKdsaq3OomDvFdpPpWVg0L6gB9.jpg</thumbnail>
    <fanart>https://image.tmdb.org/t/p/w1280//eabV1BbZgghMJSOmjZ1EQ987Zuh.jpg</fanart>
</item>
<item>
    <title>A Good Year</title>
    <meta>
        <imdb>tt0401445</imdb>
        <content>movie</content>
        <title>A Good Year</title>
        <year>2006</year>
    </meta>
    <link>
        <sublink>search</sublink>
        <sublink>searchsd</sublink>
    </link>
    <thumbnail>https://image.tmdb.org/t/p/w1280//xxVoHo9Z9CZzRdkzj1IxrWYTQWT.jpg</thumbnail>
    <fanart>https://image.tmdb.org/t/p/w1280//6Ur2or2K7q4VTfXbbLrmL3C9uTa.jpg</fanart>
</item>
<item>
    <title>A Walk to Remember</title>
    <meta>
        <imdb>tt0281358</imdb>
        <content>movie</content>
        <title>A Walk to Remember</title>
        <year>2002</year>
    </meta>
    <link>
        <sublink>search</sublink>
        <sublink>searchsd</sublink>
    </link>
    <thumbnail>https://image.tmdb.org/t/p/w1280//kso0otMalKy9qSEdrzYP7Bc3Rjg.jpg</thumbnail>
    <fanart>https://image.tmdb.org/t/p/w1280//wPTwGPIL0xqbYFRD2F6LZYwtUdV.jpg</fanart>
</item>
<item>
    <title>About Time</title>
    <meta>
        <imdb>tt2194499</imdb>
        <content>movie</content>
        <title>About Time</title>
        <year>2013</year>
    </meta>
    <link>
        <sublink>search</sublink>
        <sublink>searchsd</sublink>
    </link>
    <thumbnail>https://image.tmdb.org/t/p/w1280//zSuh8dGwqpsWR7ccvYbfxbSZ37o.jpg</thumbnail>
    <fanart>https://image.tmdb.org/t/p/w1280//oNBv90rLY76ifEExrFHdJgLzBQG.jpg</fanart>
</item>
<item>
    <title>About a Boy</title>
    <meta>
        <imdb>tt0276751</imdb>
        <content>movie</content>
        <title>About a Boy</title>
        <year>2002</year>
    </meta>
    <link>
        <sublink>search</sublink>
        <sublink>searchsd</sublink>
    </link>
    <thumbnail>https://image.tmdb.org/t/p/w1280//4ts3SBMGu0wFmHgddtaxCa5EhO8.jpg</thumbnail>
    <fanart>https://image.tmdb.org/t/p/w1280//7BWTW1qlM2vnUQsb2UgAlrwanz3.jpg</fanart>
</item>
<item>
    <title>The Amazing Spider-Man</title>
    <meta>
        <imdb>tt0948470</imdb>
        <content>movie</content>
        <title>The Amazing Spider-Man</title>
        <year>2012</year>
    </meta>
    <link>
        <sublink>search</sublink>
        <sublink>searchsd</sublink>
    </link>
    <thumbnail>https://image.tmdb.org/t/p/w1280//eA2D86Y6VPWuUzZyatiLBwpTilQ.jpg</thumbnail>
    <fanart>https://image.tmdb.org/t/p/w1280//4Dd0CcqIHeyJFALYVzpHrsnbOX6.jpg</fanart>
</item>
<item>
    <title>Amelia</title>
    <meta>
        <imdb>tt0258413</imdb>
        <content>movie</content>
        <title>Amelia</title>
        <year>2000</year>
    </meta>
    <link>
        <sublink>search</sublink>
        <sublink>searchsd</sublink>
    </link>
    <thumbnail>https://image.tmdb.org/t/p/w1280//moyB6dB3MoR8f1xrTrrBZLYJU49.jpg</thumbnail>
    <fanart>https://image.tmdb.org/t/p/w1280//4VXs8xYuSF65pRmeR2n5cTrwmc1.jpg</fanart>
</item>
<item>
    <title>An Affair to Remember</title>
    <meta>
        <imdb>tt0050105</imdb>
        <content>movie</content>
        <title>An Affair to Remember</title>
        <year>1957</year>
    </meta>
    <link>
        <sublink>search</sublink>
        <sublink>searchsd</sublink>
    </link>
    <thumbnail>https://image.tmdb.org/t/p/w1280//6pTbj6YujsjcGZaDbEanAKCE1Zs.jpg</thumbnail>
    <fanart>https://image.tmdb.org/t/p/w1280//klTRTXoRKr1NO0Hi6zP1izBTt7V.jpg</fanart>
</item>
<item>
    <title>An Officer and a Gentleman</title>
    <meta>
        <imdb>tt0084434</imdb>
        <content>movie</content>
        <title>An Officer and a Gentleman</title>
        <year>1982</year>
    </meta>
    <link>
        <sublink>search</sublink>
        <sublink>searchsd</sublink>
    </link>
    <thumbnail>https://image.tmdb.org/t/p/w1280//1fveHeEaOpGW91ZM4ViT0Jviuak.jpg</thumbnail>
    <fanart>https://image.tmdb.org/t/p/w1280//piFvsgzTajaul3HO4g0RQDyjBsf.jpg</fanart>
</item>
<item>
    <title>Annie Hall</title>
    <meta>
        <imdb>tt0075686</imdb>
        <content>movie</content>
        <title>Annie Hall</title>
        <year>1977</year>
    </meta>
    <link>
        <sublink>search</sublink>
        <sublink>searchsd</sublink>
    </link>
    <thumbnail>https://image.tmdb.org/t/p/w1280//bK9bLXwxWuXX5mbq75PZqjvAtfG.jpg</thumbnail>
    <fanart>https://image.tmdb.org/t/p/w1280//8iNt5LGxpX9XeNWJgjx17xfTT7u.jpg</fanart>
</item>
<item>
    <title>As Good as It Gets</title>
    <meta>
        <imdb>tt0119822</imdb>
        <content>movie</content>
        <title>As Good as It Gets</title>
        <year>1997</year>
    </meta>
    <link>
        <sublink>search</sublink>
        <sublink>searchsd</sublink>
    </link>
    <thumbnail>https://image.tmdb.org/t/p/w1280//q2645aW8vgg1g7RL5lil6K93yaA.jpg</thumbnail>
    <fanart>https://image.tmdb.org/t/p/w1280//tnP9KQQMqiR7IwqoPWV78ygbB9n.jpg</fanart>
</item>
<item>
    <title>Atonement</title>
    <meta>
        <imdb>tt0783233</imdb>
        <content>movie</content>
        <title>Atonement</title>
        <year>2007</year>
    </meta>
    <link>
        <sublink>search</sublink>
        <sublink>searchsd</sublink>
    </link>
    <thumbnail>https://image.tmdb.org/t/p/w1280//quaWuwYZd8IbZMCOhW3CZEvyCWJ.jpg</thumbnail>
    <fanart>https://image.tmdb.org/t/p/w1280//6WZFwJOKyitCqWkIj52HB34wddU.jpg</fanart>
</item>
<item>
    <title>Before Sunrise</title>
    <meta>
        <imdb>tt0112471</imdb>
        <content>movie</content>
        <title>Before Sunrise</title>
        <year>1995</year>
    </meta>
    <link>
        <sublink>search</sublink>
        <sublink>searchsd</sublink>
    </link>
    <thumbnail>https://image.tmdb.org/t/p/w1280//jsQy4ZbPHA8hE2O6QU05PpofI61.jpg</thumbnail>
    <fanart>https://image.tmdb.org/t/p/w1280//x2M8mp6wSU4iFPECacHJkQuuvYx.jpg</fanart>
</item>
<item>
    <title>Before Sunset</title>
    <meta>
        <imdb>tt0381681</imdb>
        <content>movie</content>
        <title>Before Sunset</title>
        <year>2004</year>
    </meta>
    <link>
        <sublink>search</sublink>
        <sublink>searchsd</sublink>
    </link>
    <thumbnail>https://image.tmdb.org/t/p/w1280//gycdE1ARByGQcK4fYR2mgpU6OO.jpg</thumbnail>
    <fanart>https://image.tmdb.org/t/p/w1280//2Kx2q1GOmYRjxmILEFIusMIGTUc.jpg</fanart>
</item>
<item>
    <title>The Best of Me</title>
    <meta>
        <imdb>tt1972779</imdb>
        <content>movie</content>
        <title>The Best of Me</title>
        <year>2014</year>
    </meta>
    <link>
        <sublink>search</sublink>
        <sublink>searchsd</sublink>
    </link>
    <thumbnail>https://image.tmdb.org/t/p/w1280//449Qq1XKgurG4IFTohtsEuBWJ8H.jpg</thumbnail>
    <fanart>https://image.tmdb.org/t/p/w1280//s39ikTKcPr8KNL6PGNCpbq8UxwI.jpg</fanart>
</item>
<item>
    <title>Breakfast at Tiffany's</title>
    <meta>
        <imdb>tt0054698</imdb>
        <content>movie</content>
        <title>Breakfast at Tiffany's</title>
        <year>1961</year>
    </meta>
    <link>
        <sublink>search</sublink>
        <sublink>searchsd</sublink>
    </link>
    <thumbnail>https://image.tmdb.org/t/p/w1280//c95lbDwL5WT8PV9DZsdSvRtXKNA.jpg</thumbnail>
    <fanart>https://image.tmdb.org/t/p/w1280//haHULz59jdG4OVmqHjZ01z7HEit.jpg</fanart>
</item>
<item>
    <title>Bride & Prejudice</title>
    <meta>
        <imdb>tt0361411</imdb>
        <content>movie</content>
        <title>Bride & Prejudice</title>
        <year>2004</year>
    </meta>
    <link>
        <sublink>search</sublink>
        <sublink>searchsd</sublink>
    </link>
    <thumbnail>https://image.tmdb.org/t/p/w1280//cB3onTMhXNmE1AhBvqCFu9KEWbl.jpg</thumbnail>
    <fanart>https://image.tmdb.org/t/p/w1280//zSdkRWTyc4BmiJcGuODn3v8JomM.jpg</fanart>
</item>
<item>
    <title>Bridget Jones's Diary</title>
    <meta>
        <imdb>tt0243155</imdb>
        <content>movie</content>
        <title>Bridget Jones's Diary</title>
        <year>2001</year>
    </meta>
    <link>
        <sublink>search</sublink>
        <sublink>searchsd</sublink>
    </link>
    <thumbnail>https://image.tmdb.org/t/p/w1280//ym6kjFFZg6boC0QHBVw6hqJLbxv.jpg</thumbnail>
    <fanart>https://image.tmdb.org/t/p/w1280//h64zNCm5SrY45c7Z6gxy9tC0xb.jpg</fanart>
</item>
<item>
    <title>Brokeback Mountain</title>
    <meta>
        <imdb>tt0388795</imdb>
        <content>movie</content>
        <title>Brokeback Mountain</title>
        <year>2005</year>
    </meta>
    <link>
        <sublink>search</sublink>
        <sublink>searchsd</sublink>
    </link>
    <thumbnail>https://image.tmdb.org/t/p/w1280//z2DqVxj17aW6xpimRlCLfhKSfUm.jpg</thumbnail>
    <fanart>https://image.tmdb.org/t/p/w1280//4BMel8xxSed1pCkPSGc9R3jsUtC.jpg</fanart>
</item>
<item>
    <title>Brooklyn</title>
    <meta>
        <imdb>tt2381111</imdb>
        <content>movie</content>
        <title>Brooklyn</title>
        <year>2015</year>
    </meta>
    <link>
        <sublink>search</sublink>
        <sublink>searchsd</sublink>
    </link>
    <thumbnail>https://image.tmdb.org/t/p/w1280//5R4sbomuxa8wlH1T3WeSUTRZo4z.jpg</thumbnail>
    <fanart>https://image.tmdb.org/t/p/w1280//7fXKVIM8UQBvQ9aQOzFqThlq7eN.jpg</fanart>
</item>
<item>
    <title>Bull Durham</title>
    <meta>
        <imdb>tt0094812</imdb>
        <content>movie</content>
        <title>Bull Durham</title>
        <year>1988</year>
    </meta>
    <link>
        <sublink>search</sublink>
        <sublink>searchsd</sublink>
    </link>
    <thumbnail>https://image.tmdb.org/t/p/w1280//wZwXLiR1cisTXaJiuBLvgkS5HWw.jpg</thumbnail>
    <fanart>https://image.tmdb.org/t/p/w1280//ovLXNT8egeJtTOlhfg2nbJXJGcq.jpg</fanart>
</item>
<item>
    <title>Cactus Flower</title>
    <meta>
        <imdb>tt0064117</imdb>
        <content>movie</content>
        <title>Cactus Flower</title>
        <year>1969</year>
    </meta>
    <link>
        <sublink>search</sublink>
        <sublink>searchsd</sublink>
    </link>
    <thumbnail>https://image.tmdb.org/t/p/w1280//lKHQdbegbzcV8cC8bBOmqQE4FYn.jpg</thumbnail>
    <fanart>https://image.tmdb.org/t/p/w1280//hfH1JBQVeFfPnt9pqqECCkolbgn.jpg</fanart>
</item>
<item>
    <title>Call Me by Your Name</title>
    <meta>
        <imdb>tt5726616</imdb>
        <content>movie</content>
        <title>Call Me by Your Name</title>
        <year>2017</year>
    </meta>
    <link>
        <sublink>search</sublink>
        <sublink>searchsd</sublink>
    </link>
    <thumbnail>https://image.tmdb.org/t/p/w1280//nPTjj6ZfBXXBwOhd7iUy6tyuKWt.jpg</thumbnail>
    <fanart>https://image.tmdb.org/t/p/w1280//vABQeCuuagIjir0YBAfL0V2XePn.jpg</fanart>
</item>
<item>
    <title>Carol</title>
    <meta>
        <imdb>tt2402927</imdb>
        <content>movie</content>
        <title>Carol</title>
        <year>2015</year>
    </meta>
    <link>
        <sublink>search</sublink>
        <sublink>searchsd</sublink>
    </link>
    <thumbnail>https://image.tmdb.org/t/p/w1280//AbKa7ANxmui0Jmhh7gV7OSELKIL.jpg</thumbnail>
    <fanart>https://image.tmdb.org/t/p/w1280//knczzNAjBXzSYkeWxoT1u9VNmjR.jpg</fanart>
</item>
<item>
    <title>Casablanca</title>
    <meta>
        <imdb>tt0034583</imdb>
        <content>movie</content>
        <title>Casablanca</title>
        <year>1942</year>
    </meta>
    <link>
        <sublink>search</sublink>
        <sublink>searchsd</sublink>
    </link>
    <thumbnail>https://image.tmdb.org/t/p/w1280//9UViITBCKeLYWg8Wblbmb9l25mS.jpg</thumbnail>
    <fanart>https://image.tmdb.org/t/p/w1280//xRqsFFteJrvLHxswk78NzU7zOrU.jpg</fanart>
</item>
<item>
    <title>The Choice</title>
    <meta>
        <imdb>tt3797868</imdb>
        <content>movie</content>
        <title>The Choice</title>
        <year>2016</year>
    </meta>
    <link>
        <sublink>search</sublink>
        <sublink>searchsd</sublink>
    </link>
    <thumbnail>https://image.tmdb.org/t/p/w1280//7EenqQdtZjOeBAAlxNtnG1eLHnf.jpg</thumbnail>
    <fanart>https://image.tmdb.org/t/p/w1280//eYc7B29btJ3HEEtyFHJAdyaf902.jpg</fanart>
</item>
<item>
    <title>Coffee with Ana</title>
    <meta>
        <imdb>tt7107018</imdb>
        <content>movie</content>
        <title>Coffee with Ana</title>
        <year>2017</year>
    </meta>
    <link>
        <sublink>search</sublink>
        <sublink>searchsd</sublink>
    </link>
    <thumbnail>https://image.tmdb.org/t/p/w1280//exCyn4iO59IodHefAj4I6sGcQl3.jpg</thumbnail>
    <fanart>https://image.tmdb.org/t/p/w1280//uEwYjRL7OWqJpPZnNE6rUNZ3A1v.jpg</fanart>
</item>
<item>
    <title>Dan in Real Life</title>
    <meta>
        <imdb>tt0480242</imdb>
        <content>movie</content>
        <title>Dan in Real Life</title>
        <year>2007</year>
    </meta>
    <link>
        <sublink>search</sublink>
        <sublink>searchsd</sublink>
    </link>
    <thumbnail>https://image.tmdb.org/t/p/w1280//2HnyNUcQ9B5OJVJBIbidb0F9gT1.jpg</thumbnail>
    <fanart>https://image.tmdb.org/t/p/w1280//hp8HvgnEzJrYnoXlEs9cK7nmKT7.jpg</fanart>
</item>
<item>
    <title>Dear John</title>
    <meta>
        <imdb>tt0989757</imdb>
        <content>movie</content>
        <title>Dear John</title>
        <year>2010</year>
    </meta>
    <link>
        <sublink>search</sublink>
        <sublink>searchsd</sublink>
    </link>
    <thumbnail>https://image.tmdb.org/t/p/w1280//2Fen9XsCscjupGJUhi2zaCvOaGd.jpg</thumbnail>
    <fanart>https://image.tmdb.org/t/p/w1280//hQIPa1oKM6fSzyp1UBxBfVpSCj2.jpg</fanart>
</item>
<item>
    <title>Dirty Dancing</title>
    <meta>
        <imdb>tt5262792</imdb>
        <content>movie</content>
        <title>Dirty Dancing</title>
        <year>2017</year>
    </meta>
    <link>
        <sublink>search</sublink>
        <sublink>searchsd</sublink>
    </link>
    <thumbnail>https://image.tmdb.org/t/p/w1280//itjxxb8I1TfK1H3TGvrs5aJDM9a.jpg</thumbnail>
    <fanart>https://image.tmdb.org/t/p/w1280//tC2ViYDbv03VVaFssXDNoosY5YO.jpg</fanart>
</item>
<item>
    <title>Elizabethtown</title>
    <meta>
        <imdb>tt0368709</imdb>
        <content>movie</content>
        <title>Elizabethtown</title>
        <year>2005</year>
    </meta>
    <link>
        <sublink>search</sublink>
        <sublink>searchsd</sublink>
    </link>
    <thumbnail>https://image.tmdb.org/t/p/w1280//Asn50mIjDaeDKbaJkQ7lY6goV8p.jpg</thumbnail>
    <fanart>https://image.tmdb.org/t/p/w1280//3iwNfRoESEM2aI5wXkNSeDeiWCW.jpg</fanart>
</item>
<item>
    <title>Eternal Sunshine of the Spotless Mind</title>
    <meta>
        <imdb>tt0338013</imdb>
        <content>movie</content>
        <title>Eternal Sunshine of the Spotless Mind</title>
        <year>2004</year>
    </meta>
    <link>
        <sublink>search</sublink>
        <sublink>searchsd</sublink>
    </link>
    <thumbnail>https://image.tmdb.org/t/p/w1280//7y3eYvTsGjxPYDtSnumCLIMDkrV.jpg</thumbnail>
    <fanart>https://image.tmdb.org/t/p/w1280//1dXTsaFxHoF9cas08UjAqE8NqOW.jpg</fanart>
</item>
<item>
    <title>Feast of Love</title>
    <meta>
        <imdb>tt0800027</imdb>
        <content>movie</content>
        <title>Feast of Love</title>
        <year>2007</year>
    </meta>
    <link>
        <sublink>search</sublink>
        <sublink>searchsd</sublink>
    </link>
    <thumbnail>https://image.tmdb.org/t/p/w1280//5mKRVEghvoFpFRYZ0GT0uTovXZo.jpg</thumbnail>
    <fanart>https://image.tmdb.org/t/p/w1280//i2h4lbb7r1zyHJjIEPviW7RZnty.jpg</fanart>
</item>
<item>
    <title>The Five-Year Engagement</title>
    <meta>
        <imdb>tt1195478</imdb>
        <content>movie</content>
        <title>The Five-Year Engagement</title>
        <year>2012</year>
    </meta>
    <link>
        <sublink>search</sublink>
        <sublink>searchsd</sublink>
    </link>
    <thumbnail>https://image.tmdb.org/t/p/w1280//mnUhavveXHR2SH1OZD7bVWJpGcy.jpg</thumbnail>
    <fanart>https://image.tmdb.org/t/p/w1280//NV9FSiCEcnzuJFeSTm3JycufyD.jpg</fanart>
</item>
<item>
    <title>Forgetting Sarah Marshall</title>
    <meta>
        <imdb>tt0800039</imdb>
        <content>movie</content>
        <title>Forgetting Sarah Marshall</title>
        <year>2008</year>
    </meta>
    <link>
        <sublink>search</sublink>
        <sublink>searchsd</sublink>
    </link>
    <thumbnail>https://image.tmdb.org/t/p/w1280//rAXlZmQ3gg4mScySg1kvs0ZLdCb.jpg</thumbnail>
    <fanart>https://image.tmdb.org/t/p/w1280//m6gLGI5PorxfX1ZeicIQ3UgtvHP.jpg</fanart>
</item>
<item>
    <title>Four Weddings and a Funeral</title>
    <meta>
        <imdb>tt0109831</imdb>
        <content>movie</content>
        <title>Four Weddings and a Funeral</title>
        <year>1994</year>
    </meta>
    <link>
        <sublink>search</sublink>
        <sublink>searchsd</sublink>
    </link>
    <thumbnail>https://image.tmdb.org/t/p/w1280//md9kMKnLG8LG4pMDM98gy5x4K5L.jpg</thumbnail>
    <fanart>https://image.tmdb.org/t/p/w1280//AuSHksakPGCczHliqHnXXMNilmA.jpg</fanart>
</item>
<item>
    <title>Ghost</title>
    <meta>
        <imdb>tt0099653</imdb>
        <content>movie</content>
        <title>Ghost</title>
        <year>1990</year>
    </meta>
    <link>
        <sublink>search</sublink>
        <sublink>searchsd</sublink>
    </link>
    <thumbnail>https://image.tmdb.org/t/p/w1280//rtxy3cplRFPUvruZajpcoxOQ7bi.jpg</thumbnail>
    <fanart>https://image.tmdb.org/t/p/w1280//rgyMubnjg883VdJUKKwASijyAFc.jpg</fanart>
</item>
<item>
    <title>Ghost Town</title>
    <meta>
        <imdb>tt0995039</imdb>
        <content>movie</content>
        <title>Ghost Town</title>
        <year>2008</year>
    </meta>
    <link>
        <sublink>search</sublink>
        <sublink>searchsd</sublink>
    </link>
    <thumbnail>https://image.tmdb.org/t/p/w1280//ePrGYQ5SYLSclA8VDo6RvafaYGq.jpg</thumbnail>
    <fanart>https://image.tmdb.org/t/p/w1280//epyvlW54O4lOjFiTISsO0dAFzVV.jpg</fanart>
</item>
<item>
    <title>The Girl on the Bridge</title>
    <meta>
        <imdb>tt0043588</imdb>
        <content>movie</content>
        <title>The Girl on the Bridge</title>
        <year>1951</year>
    </meta>
    <link>
        <sublink>search</sublink>
        <sublink>searchsd</sublink>
    </link>
    <thumbnail>https://image.tmdb.org/t/p/w1280//8uosCxXGsAnxx6hzi4Xhckbqnbu.jpg</thumbnail>
    <fanart>https://image.tmdb.org/t/p/w1280//cFdBznHgtOEeBsmOdeQMh3NBMwZ.jpg</fanart>
</item>
<item>
    <title>Gone with the Wind</title>
    <meta>
        <imdb>tt0031381</imdb>
        <content>movie</content>
        <title>Gone with the Wind</title>
        <year>1939</year>
    </meta>
    <link>
        <sublink>search</sublink>
        <sublink>searchsd</sublink>
    </link>
    <thumbnail>https://image.tmdb.org/t/p/w1280//4o1yeosjSFMaI9pe1rOkYcZ6hHO.jpg</thumbnail>
    <fanart>https://image.tmdb.org/t/p/w1280//bGRUMgSvs6wzYQRqehY4Fsup4f1.jpg</fanart>
</item>
<item>
    <title>The Graduate</title>
    <meta>
        <imdb>tt0061722</imdb>
        <content>movie</content>
        <title>The Graduate</title>
        <year>1967</year>
    </meta>
    <link>
        <sublink>search</sublink>
        <sublink>searchsd</sublink>
    </link>
    <thumbnail>https://image.tmdb.org/t/p/w1280//AuFvrbtWSPiBPIv9ewH2DV4nhCD.jpg</thumbnail>
    <fanart>https://image.tmdb.org/t/p/w1280//sEWKMIlgUCCb2n5mT0Mf71DRKLR.jpg</fanart>
</item>
<item>
    <title>Grease</title>
    <meta>
        <imdb>tt0077631</imdb>
        <content>movie</content>
        <title>Grease</title>
        <year>1978</year>
    </meta>
    <link>
        <sublink>search</sublink>
        <sublink>searchsd</sublink>
    </link>
    <thumbnail>https://image.tmdb.org/t/p/w1280//iMHdFTrCYhue74sBnXkdO39AJ3R.jpg</thumbnail>
    <fanart>https://image.tmdb.org/t/p/w1280//dSukjx8A3kOitewpG2n7HuRt4rH.jpg</fanart>
</item>
<item>
    <title>The Holiday</title>
    <meta>
        <imdb>tt0457939</imdb>
        <content>movie</content>
        <title>The Holiday</title>
        <year>2006</year>
    </meta>
    <link>
        <sublink>search</sublink>
        <sublink>searchsd</sublink>
    </link>
    <thumbnail>https://image.tmdb.org/t/p/w1280//ixNtpuq8OVp4IckgzkSJIflFDkw.jpg</thumbnail>
    <fanart>https://image.tmdb.org/t/p/w1280//9TP7FGdo9ppnuXX3DbB9RtzYKkh.jpg</fanart>
</item>
<item>
    <title>How to Lose a Guy in 10 Days</title>
    <meta>
        <imdb>tt0251127</imdb>
        <content>movie</content>
        <title>How to Lose a Guy in 10 Days</title>
        <year>2003</year>
    </meta>
    <link>
        <sublink>search</sublink>
        <sublink>searchsd</sublink>
    </link>
    <thumbnail>https://image.tmdb.org/t/p/w1280//aiB7u6xZ9RWeDTQ7c92J8AoiHj3.jpg</thumbnail>
    <fanart>https://image.tmdb.org/t/p/w1280//rDunLaDBXfULz4oju8JOzSbkNle.jpg</fanart>
</item>
<item>
    <title>I Hate Valentine's Day</title>
    <meta>
        <imdb>tt0762105</imdb>
        <content>movie</content>
        <title>I Hate Valentine's Day</title>
        <year>2009</year>
    </meta>
    <link>
        <sublink>search</sublink>
        <sublink>searchsd</sublink>
    </link>
    <thumbnail>https://image.tmdb.org/t/p/w1280//lVPXoVaxiyJevZGCRtnT4HqytkD.jpg</thumbnail>
    <fanart>https://image.tmdb.org/t/p/w1280//cEoUjn0YRHmhHCc5SF6gb4MnUrO.jpg</fanart>
</item>
<item>
    <title>Imagine Me & You</title>
    <meta>
        <imdb>tt0421994</imdb>
        <content>movie</content>
        <title>Imagine Me & You</title>
        <year>2005</year>
    </meta>
    <link>
        <sublink>search</sublink>
        <sublink>searchsd</sublink>
    </link>
    <thumbnail>https://image.tmdb.org/t/p/w1280//6IXVDZOpqThs3GTPix4ImwrTVb7.jpg</thumbnail>
    <fanart>https://image.tmdb.org/t/p/w1280//s1wez4YOL10BMVKwMANH7QMp19l.jpg</fanart>
</item>
<item>
    <title>It Happened One Night</title>
    <meta>
        <imdb>tt0025316</imdb>
        <content>movie</content>
        <title>It Happened One Night</title>
        <year>1934</year>
    </meta>
    <link>
        <sublink>search</sublink>
        <sublink>searchsd</sublink>
    </link>
    <thumbnail>https://image.tmdb.org/t/p/w1280//k63JqnFvkIGWGhjsqRiksZw2OSs.jpg</thumbnail>
    <fanart>https://image.tmdb.org/t/p/w1280//wfFTStTBWo3zIciBW4Eob3sarSz.jpg</fanart>
</item>
<item>
    <title>Juno</title>
    <meta>
        <imdb>tt0467406</imdb>
        <content>movie</content>
        <title>Juno</title>
        <year>2007</year>
    </meta>
    <link>
        <sublink>search</sublink>
        <sublink>searchsd</sublink>
    </link>
    <thumbnail>https://image.tmdb.org/t/p/w1280//eE64N6PYCSRW2mtQucfK2av5Wk2.jpg</thumbnail>
    <fanart>https://image.tmdb.org/t/p/w1280//xfcb5Cq5pYrGcAxGjFQqKCPVOK3.jpg</fanart>
</item>
<item>
    <title>Just Like Heaven</title>
    <meta>
        <imdb>tt0425123</imdb>
        <content>movie</content>
        <title>Just Like Heaven</title>
        <year>2005</year>
    </meta>
    <link>
        <sublink>search</sublink>
        <sublink>searchsd</sublink>
    </link>
    <thumbnail>https://image.tmdb.org/t/p/w1280//uEsBrbVmIk4o7GZHAbem4V9jO3a.jpg</thumbnail>
    <fanart>https://image.tmdb.org/t/p/w1280//zVsNDhidJg6bec3jaHZErWMlJ0t.jpg</fanart>
</item>
<item>
    <title>Kissing Jessica Stein</title>
    <meta>
        <imdb>tt0264761</imdb>
        <content>movie</content>
        <title>Kissing Jessica Stein</title>
        <year>2001</year>
    </meta>
    <link>
        <sublink>search</sublink>
        <sublink>searchsd</sublink>
    </link>
    <thumbnail>https://image.tmdb.org/t/p/w1280//tIO7bQuhAFF2VMxlM1H3exYcjQ6.jpg</thumbnail>
    <fanart>https://image.tmdb.org/t/p/w1280//s8UP8c1wNuOaKe1JAQ5l4m7yfkP.jpg</fanart>
</item>
<item>
    <title>L.A. Story</title>
    <meta>
        <imdb>tt0102250</imdb>
        <content>movie</content>
        <title>L.A. Story</title>
        <year>1991</year>
    </meta>
    <link>
        <sublink>search</sublink>
        <sublink>searchsd</sublink>
    </link>
    <thumbnail>https://image.tmdb.org/t/p/w1280//nWoF3yzKMoisiGybTPx1a4xaIKl.jpg</thumbnail>
    <fanart>https://image.tmdb.org/t/p/w1280//tICxGzjJit4yIRi0P8RvX8WPmVK.jpg</fanart>
</item>
<item>
    <title>La La Land</title>
    <meta>
        <imdb>tt3783958</imdb>
        <content>movie</content>
        <title>La La Land</title>
        <year>2016</year>
    </meta>
    <link>
        <sublink>search</sublink>
        <sublink>searchsd</sublink>
    </link>
    <thumbnail>https://image.tmdb.org/t/p/w1280//ylXCdC106IKiarftHkcacasaAcb.jpg</thumbnail>
    <fanart>https://image.tmdb.org/t/p/w1280//fp6X6yhgcxzxCpmM0EVC6V9B8XB.jpg</fanart>
</item>
<item>
    <title>The Lake House</title>
    <meta>
        <imdb>tt0410297</imdb>
        <content>movie</content>
        <title>The Lake House</title>
        <year>2006</year>
    </meta>
    <link>
        <sublink>search</sublink>
        <sublink>searchsd</sublink>
    </link>
    <thumbnail>https://image.tmdb.org/t/p/w1280//tHpc1118dYWLnHZleGhwZxRbpae.jpg</thumbnail>
    <fanart>https://image.tmdb.org/t/p/w1280//27BUhE6bYl7Wo7sHgmQa0DrezWX.jpg</fanart>
</item>
<item>
    <title>Lars and the Real Girl</title>
    <meta>
        <imdb>tt0805564</imdb>
        <content>movie</content>
        <title>Lars and the Real Girl</title>
        <year>2007</year>
    </meta>
    <link>
        <sublink>search</sublink>
        <sublink>searchsd</sublink>
    </link>
    <thumbnail>https://image.tmdb.org/t/p/w1280//t8CjVSDVT5fy2AMZRwL0l9OCVhG.jpg</thumbnail>
    <fanart>https://image.tmdb.org/t/p/w1280//sGbTY4otwT1FM6bQuYbEbTqy6oq.jpg</fanart>
</item>
<item>
    <title>Last Chance Harvey</title>
    <meta>
        <imdb>tt1046947</imdb>
        <content>movie</content>
        <title>Last Chance Harvey</title>
        <year>2008</year>
    </meta>
    <link>
        <sublink>search</sublink>
        <sublink>searchsd</sublink>
    </link>
    <thumbnail>https://image.tmdb.org/t/p/w1280//5hvK3SZ35Vr5jj93bYhE57dPwI.jpg</thumbnail>
    <fanart>https://image.tmdb.org/t/p/w1280//5MbPeCjdeFDCYAXM0WiPKPfNuXm.jpg</fanart>
</item>
<item>
    <title>The Last Song</title>
    <meta>
        <imdb>tt1294226</imdb>
        <content>movie</content>
        <title>The Last Song</title>
        <year>2010</year>
    </meta>
    <link>
        <sublink>search</sublink>
        <sublink>searchsd</sublink>
    </link>
    <thumbnail>https://image.tmdb.org/t/p/w1280//90ICc0MXgDgTtWD3qfA1BfkA21t.jpg</thumbnail>
    <fanart>https://image.tmdb.org/t/p/w1280//vlsf3SDSNqMtnirDSX17lLGIh2d.jpg</fanart>
</item>
<item>
    <title>Letter from an Unknown Woman</title>
    <meta>
        <imdb>tt0040536</imdb>
        <content>movie</content>
        <title>Letter from an Unknown Woman</title>
        <year>1948</year>
    </meta>
    <link>
        <sublink>search</sublink>
        <sublink>searchsd</sublink>
    </link>
    <thumbnail>https://image.tmdb.org/t/p/w1280//7MSqoDEYiYBT5jNhXYNieBa005Z.jpg</thumbnail>
    <fanart>https://image.tmdb.org/t/p/w1280//ek3pk5ftIbavO9lpHqpCY89p49d.jpg</fanart>
</item>
<item>
    <title>Letters to Juliet</title>
    <meta>
        <imdb>tt0892318</imdb>
        <content>movie</content>
        <title>Letters to Juliet</title>
        <year>2010</year>
    </meta>
    <link>
        <sublink>search</sublink>
        <sublink>searchsd</sublink>
    </link>
    <thumbnail>https://image.tmdb.org/t/p/w1280//kUBSfYpsE1RLdl2WZL2YMJfNOEm.jpg</thumbnail>
    <fanart>https://image.tmdb.org/t/p/w1280//mwI5fTor198yK4w7LDOfuPssxF2.jpg</fanart>
</item>
<item>
    <title>The Lightkeepers</title>
    <meta>
        <imdb>tt1156067</imdb>
        <content>movie</content>
        <title>The Lightkeepers</title>
        <year>2009</year>
    </meta>
    <link>
        <sublink>search</sublink>
        <sublink>searchsd</sublink>
    </link>
    <thumbnail>https://image.tmdb.org/t/p/w1280//gSBgOybkf1y1OcW7e8F0ENqNXgh.jpg</thumbnail>
    <fanart>https://image.tmdb.org/t/p/w1280//jDyV4rEk24xaGirTuxIVehGYcpQ.jpg</fanart>
</item>
<item>
    <title>Like Crazy</title>
    <meta>
        <imdb>tt1758692</imdb>
        <content>movie</content>
        <title>Like Crazy</title>
        <year>2011</year>
    </meta>
    <link>
        <sublink>search</sublink>
        <sublink>searchsd</sublink>
    </link>
    <thumbnail>https://image.tmdb.org/t/p/w1280//2fZBxMPmUdvDW7XKj9yD6RBpkRF.jpg</thumbnail>
    <fanart>https://image.tmdb.org/t/p/w1280//llyyZzIlmReLc2Gd5CiGbercbjk.jpg</fanart>
</item>
<item>
    <title>The Longest Ride</title>
    <meta>
        <imdb>tt2726560</imdb>
        <content>movie</content>
        <title>The Longest Ride</title>
        <year>2015</year>
    </meta>
    <link>
        <sublink>search</sublink>
        <sublink>searchsd</sublink>
    </link>
    <thumbnail>https://image.tmdb.org/t/p/w1280//9oduon4a0w5a398r2o1M28s3upC.jpg</thumbnail>
    <fanart>https://image.tmdb.org/t/p/w1280//hLrXezbLmFnQCBsjfTBRE80HPn9.jpg</fanart>
</item>
<item>
    <title>Lost in Translation</title>
    <meta>
        <imdb>tt0335266</imdb>
        <content>movie</content>
        <title>Lost in Translation</title>
        <year>2003</year>
    </meta>
    <link>
        <sublink>search</sublink>
        <sublink>searchsd</sublink>
    </link>
    <thumbnail>https://image.tmdb.org/t/p/w1280//5T8VvuFTdaawKLJk34i69Utaw7o.jpg</thumbnail>
    <fanart>https://image.tmdb.org/t/p/w1280//gkbtPw5gyp8exaKw4zXEyH33J1m.jpg</fanart>
</item>
<dir>
    <title>Love</title>
    <meta>
        <imdb>tt4061080</imdb>
        <content>tvshow</content>
        <tvshowtitle>Love</tvshowtitle>
        <year>2016</year>
    </meta>
    <link>tmdb_tv_show(53606, 2016, Love)</link>
    <thumbnail>https://image.tmdb.org/t/p/w1280//9K3feXx0XnbCZPidkbdOAllhj2u.jpg</thumbnail>
    <fanart>https://image.tmdb.org/t/p/w1280//7z1k5XvCUYLoo1Xn50eoYsUZq6k.jpg</fanart>
</dir>
<item>
    <title>Love & Basketball</title>
    <meta>
        <imdb>tt0199725</imdb>
        <content>movie</content>
        <title>Love & Basketball</title>
        <year>2000</year>
    </meta>
    <link>
        <sublink>search</sublink>
        <sublink>searchsd</sublink>
    </link>
    <thumbnail>https://image.tmdb.org/t/p/w1280//zNZWNX19FZ5QyedprVM0ldsXFiP.jpg</thumbnail>
    <fanart>https://image.tmdb.org/t/p/w1280//hap5kZXyaDX0ISOhE5so1SCunXg.jpg</fanart>
</item>
<item>
    <title>Love Actually</title>
    <meta>
        <imdb>tt0314331</imdb>
        <content>movie</content>
        <title>Love Actually</title>
        <year>2003</year>
    </meta>
    <link>
        <sublink>search</sublink>
        <sublink>searchsd</sublink>
    </link>
    <thumbnail>https://image.tmdb.org/t/p/w1280//kfX8Ctin3fSZbdnjh6CXSNZUOVP.jpg</thumbnail>
    <fanart>https://image.tmdb.org/t/p/w1280//cgHEM9JuK7XhZXJsLHCnJmu5uQr.jpg</fanart>
</item>
<item>
    <title>Love Story</title>
    <meta>
        <imdb>tt0066011</imdb>
        <content>movie</content>
        <title>Love Story</title>
        <year>1970</year>
    </meta>
    <link>
        <sublink>search</sublink>
        <sublink>searchsd</sublink>
    </link>
    <thumbnail>https://image.tmdb.org/t/p/w1280//etBvIpFZTjlBC824O3Va9De6MCh.jpg</thumbnail>
    <fanart>https://image.tmdb.org/t/p/w1280//x04WbAV89ye9vv02Oz5CEtkyttV.jpg</fanart>
</item>
<item>
    <title>Lovely, Still</title>
    <meta>
        <imdb>tt1150947</imdb>
        <content>movie</content>
        <title>Lovely, Still</title>
        <year>2008</year>
    </meta>
    <link>
        <sublink>search</sublink>
        <sublink>searchsd</sublink>
    </link>
    <thumbnail>https://image.tmdb.org/t/p/w1280//a5kfNSG5AEWNWk54zvzC0P6HjYk.jpg</thumbnail>
    <fanart>https://image.tmdb.org/t/p/w1280//3afM7UWdb2o0nOPSd9sS1vfzLni.jpg</fanart>
</item>
<item>
    <title>The Lucky One</title>
    <meta>
        <imdb>tt1327194</imdb>
        <content>movie</content>
        <title>The Lucky One</title>
        <year>2012</year>
    </meta>
    <link>
        <sublink>search</sublink>
        <sublink>searchsd</sublink>
    </link>
    <thumbnail>https://image.tmdb.org/t/p/w1280//ug0WQaS1echV9BQoSeL2im9I3hk.jpg</thumbnail>
    <fanart>https://image.tmdb.org/t/p/w1280//qJnrOZirSyDAZj7oGulRLwPXtqz.jpg</fanart>
</item>
<item>
    <title>Made of Honor</title>
    <meta>
        <imdb>tt0866439</imdb>
        <content>movie</content>
        <title>Made of Honor</title>
        <year>2008</year>
    </meta>
    <link>
        <sublink>search</sublink>
        <sublink>searchsd</sublink>
    </link>
    <thumbnail>https://image.tmdb.org/t/p/w1280//676inzl4mQBKdXTfkv6XCXGCi4.jpg</thumbnail>
    <fanart>https://image.tmdb.org/t/p/w1280//7FdY6kCnk2IOcH2EngyhHkYP1td.jpg</fanart>
</item>
<item>
    <title>Maid in Manhattan</title>
    <meta>
        <imdb>tt0252076</imdb>
        <content>movie</content>
        <title>Maid in Manhattan</title>
        <year>2002</year>
    </meta>
    <link>
        <sublink>search</sublink>
        <sublink>searchsd</sublink>
    </link>
    <thumbnail>https://image.tmdb.org/t/p/w1280//3LQ4wKp4lF41yTTRSd6QdgD6eXO.jpg</thumbnail>
    <fanart>https://image.tmdb.org/t/p/w1280//enycOzeSeV4BXbCSQ0ZZN8PXI0n.jpg</fanart>
</item>
<item>
    <title>The Man from Snowy River</title>
    <meta>
        <imdb>tt0084296</imdb>
        <content>movie</content>
        <title>The Man from Snowy River</title>
        <year>1982</year>
    </meta>
    <link>
        <sublink>search</sublink>
        <sublink>searchsd</sublink>
    </link>
    <thumbnail>https://image.tmdb.org/t/p/w1280//aucJ9euy1Wj0TKPSbeLnX07qI07.jpg</thumbnail>
    <fanart>https://image.tmdb.org/t/p/w1280//uTZDaP3zLopKHUpiKjNUssUKeqr.jpg</fanart>
</item>
<item>
    <title>Me Before You</title>
    <meta>
        <imdb>tt2674426</imdb>
        <content>movie</content>
        <title>Me Before You</title>
        <year>2016</year>
    </meta>
    <link>
        <sublink>search</sublink>
        <sublink>searchsd</sublink>
    </link>
    <thumbnail>https://image.tmdb.org/t/p/w1280//oN5lELHH5Xheiy0YdhnY3JB4hx2.jpg</thumbnail>
    <fanart>https://image.tmdb.org/t/p/w1280//o4lxNwKJz8oq3R0kLOIsDlHbDhZ.jpg</fanart>
</item>
<item>
    <title>Message in a Bottle</title>
    <meta>
        <imdb>tt0139462</imdb>
        <content>movie</content>
        <title>Message in a Bottle</title>
        <year>1999</year>
    </meta>
    <link>
        <sublink>search</sublink>
        <sublink>searchsd</sublink>
    </link>
    <thumbnail>https://image.tmdb.org/t/p/w1280//ulUjszY6YJFsDUd0E3WolJg6sOp.jpg</thumbnail>
    <fanart>https://image.tmdb.org/t/p/w1280//nIZMk567n7DztnRFkL2y1RXFqo4.jpg</fanart>
</item>
<item>
    <title>Michael Bolton's Big, Sexy Valentine's Day Special</title>
    <meta>
        <imdb>tt6343706</imdb>
        <content>movie</content>
        <title>Michael Bolton's Big, Sexy Valentine's Day Special</title>
        <year>2017</year>
    </meta>
    <link>
        <sublink>search</sublink>
        <sublink>searchsd</sublink>
    </link>
    <thumbnail>https://image.tmdb.org/t/p/w1280//fomxGvTf5HBtaupI9Rk4UGg43OB.jpg</thumbnail>
    <fanart>https://image.tmdb.org/t/p/w1280//dFvQD2xEt3wnY0dsq18Wb873n8K.jpg</fanart>
</item>
<item>
    <title>Moonrise Kingdom</title>
    <meta>
        <imdb>tt1748122</imdb>
        <content>movie</content>
        <title>Moonrise Kingdom</title>
        <year>2012</year>
    </meta>
    <link>
        <sublink>search</sublink>
        <sublink>searchsd</sublink>
    </link>
    <thumbnail>https://image.tmdb.org/t/p/w1280//ysTohGF7NY9Z6MYz9vLNYiyzh0r.jpg</thumbnail>
    <fanart>https://image.tmdb.org/t/p/w1280//1mKI5UfeCetrB3HZbYt6VTn7K9m.jpg</fanart>
</item>
<item>
    <title>Moonstruck</title>
    <meta>
        <imdb>tt0093565</imdb>
        <content>movie</content>
        <title>Moonstruck</title>
        <year>1987</year>
    </meta>
    <link>
        <sublink>search</sublink>
        <sublink>searchsd</sublink>
    </link>
    <thumbnail>https://image.tmdb.org/t/p/w1280//2OIxyH2zMPYBzaECdIlX81Qc398.jpg</thumbnail>
    <fanart>https://image.tmdb.org/t/p/w1280//Arx43u2Hu4mnHQe32iSEODbzkAj.jpg</fanart>
</item>
<item>
    <title>Mr. & Mrs. Smith</title>
    <meta>
        <imdb>tt0356910</imdb>
        <content>movie</content>
        <title>Mr. & Mrs. Smith</title>
        <year>2005</year>
    </meta>
    <link>
        <sublink>search</sublink>
        <sublink>searchsd</sublink>
    </link>
    <thumbnail>https://image.tmdb.org/t/p/w1280//dqs5BmwSULtB28Kls3IB6khTQwp.jpg</thumbnail>
    <fanart>https://image.tmdb.org/t/p/w1280//n4GhKs24bQK2XsdlZ5bZFljzlsK.jpg</fanart>
</item>
<item>
    <title>Music and Lyrics</title>
    <meta>
        <imdb>tt0758766</imdb>
        <content>movie</content>
        <title>Music and Lyrics</title>
        <year>2007</year>
    </meta>
    <link>
        <sublink>search</sublink>
        <sublink>searchsd</sublink>
    </link>
    <thumbnail>https://image.tmdb.org/t/p/w1280//jhv9qSAuwGkzVj1pSnu3HQBb8Qe.jpg</thumbnail>
    <fanart>https://image.tmdb.org/t/p/w1280//t6FwromtGll1dOwVwRu8YcWQdZO.jpg</fanart>
</item>
<item>
    <title>Must Love Dogs</title>
    <meta>
        <imdb>tt0417001</imdb>
        <content>movie</content>
        <title>Must Love Dogs</title>
        <year>2005</year>
    </meta>
    <link>
        <sublink>search</sublink>
        <sublink>searchsd</sublink>
    </link>
    <thumbnail>https://image.tmdb.org/t/p/w1280//252PdRj3y2S05DC4oSf2qk2vva3.jpg</thumbnail>
    <fanart>https://image.tmdb.org/t/p/w1280//8NOmkNmty3j4PfQFf9jKKoPXASC.jpg</fanart>
</item>
<item>
    <title>My Best Friend's Wedding</title>
    <meta>
        <imdb>tt0119738</imdb>
        <content>movie</content>
        <title>My Best Friend's Wedding</title>
        <year>1997</year>
    </meta>
    <link>
        <sublink>search</sublink>
        <sublink>searchsd</sublink>
    </link>
    <thumbnail>https://image.tmdb.org/t/p/w1280//2eBKtBVObRfd85nUbS0nLhhpayR.jpg</thumbnail>
    <fanart>https://image.tmdb.org/t/p/w1280//eQJtWYZ0kfFoQcStUPBnR3veLSS.jpg</fanart>
</item>
<item>
    <title>My Bloody Valentine</title>
    <meta>
        <imdb>tt0082782</imdb>
        <content>movie</content>
        <title>My Bloody Valentine</title>
        <year>1981</year>
    </meta>
    <link>
        <sublink>search</sublink>
        <sublink>searchsd</sublink>
    </link>
    <thumbnail>https://image.tmdb.org/t/p/w1280//iTKtJbZkYjM82QP5mM3bZuQGYP2.jpg</thumbnail>
    <fanart>https://image.tmdb.org/t/p/w1280//4HYOcK5UN7E1COoI7bYrHq3ydjm.jpg</fanart>
</item>
<item>
    <title>My Bloody Valentine</title>
    <meta>
        <imdb>tt1179891</imdb>
        <content>movie</content>
        <title>My Bloody Valentine</title>
        <year>2009</year>
    </meta>
    <link>
        <sublink>search</sublink>
        <sublink>searchsd</sublink>
    </link>
    <thumbnail>https://image.tmdb.org/t/p/w1280//5PmyVS5Hs9f0OrvYOQPZJSBFz75.jpg</thumbnail>
    <fanart>https://image.tmdb.org/t/p/w1280//sWgf8vXNFFcUSThDs0P8r7ol5Me.jpg</fanart>
</item>
<item>
    <title>Nights in Rodanthe</title>
    <meta>
        <imdb>tt0956038</imdb>
        <content>movie</content>
        <title>Nights in Rodanthe</title>
        <year>2008</year>
    </meta>
    <link>
        <sublink>search</sublink>
        <sublink>searchsd</sublink>
    </link>
    <thumbnail>https://image.tmdb.org/t/p/w1280//kFQRUV5CspwoY7G0rVh5CZT8j6A.jpg</thumbnail>
    <fanart>https://image.tmdb.org/t/p/w1280//x2ng5FK3VY1OhqDoCqYDZkoWsWf.jpg</fanart>
</item>
<item>
    <title>The Notebook</title>
    <meta>
        <imdb>tt0332280</imdb>
        <content>movie</content>
        <title>The Notebook</title>
        <year>2004</year>
    </meta>
    <link>
        <sublink>search</sublink>
        <sublink>searchsd</sublink>
    </link>
    <thumbnail>https://image.tmdb.org/t/p/w1280//gMfstesBXKdsHToAUXVPHujUDfb.jpg</thumbnail>
    <fanart>https://image.tmdb.org/t/p/w1280//AprhfmDEwy14xyjaAlcwdLolLjq.jpg</fanart>
</item>
<item>
    <title>Once</title>
    <meta>
        <imdb>tt0907657</imdb>
        <content>movie</content>
        <title>Once</title>
        <year>2007</year>
    </meta>
    <link>
        <sublink>search</sublink>
        <sublink>searchsd</sublink>
    </link>
    <thumbnail>https://image.tmdb.org/t/p/w1280//fEjwJfeDxgsRBlYgEWMgvrKQ6VB.jpg</thumbnail>
    <fanart>https://image.tmdb.org/t/p/w1280//5e9rYIQzaSy3v6ntyFuA3N4QN6b.jpg</fanart>
</item>
<item>
    <title>Overboard</title>
    <meta>
        <imdb>tt0093693</imdb>
        <content>movie</content>
        <title>Overboard</title>
        <year>1987</year>
    </meta>
    <link>
        <sublink>search</sublink>
        <sublink>searchsd</sublink>
    </link>
    <thumbnail>https://image.tmdb.org/t/p/w1280//bqLXZlLJcsYDn7JZIAkYGnJAUeb.jpg</thumbnail>
    <fanart>https://image.tmdb.org/t/p/w1280//kyu7WKqnwXCly03KPmo3OQY8Kjq.jpg</fanart>
</item>
<item>
    <title>P.S. I Love You</title>
    <meta>
        <imdb>tt0431308</imdb>
        <content>movie</content>
        <title>P.S. I Love You</title>
        <year>2007</year>
    </meta>
    <link>
        <sublink>search</sublink>
        <sublink>searchsd</sublink>
    </link>
    <thumbnail>https://image.tmdb.org/t/p/w1280//esfuYEvv7WrLvXNkCg7MCufEEdH.jpg</thumbnail>
    <fanart>https://image.tmdb.org/t/p/w1280//75ybu5PY5ujvghe1hbn5x1DdESl.jpg</fanart>
</item>
<item>
    <title>Persuasion</title>
    <meta>
        <imdb>tt0844330</imdb>
        <content>movie</content>
        <title>Persuasion</title>
        <year>2007</year>
    </meta>
    <link>
        <sublink>search</sublink>
        <sublink>searchsd</sublink>
    </link>
    <thumbnail>https://image.tmdb.org/t/p/w1280//p0SAkCFD02wj2gekOvFilMjzs3j.jpg</thumbnail>
    <fanart>https://image.tmdb.org/t/p/w1280//8AKRw1Tc4hCkkd5Y0vvDIf25eNQ.jpg</fanart>
</item>
<item>
    <title>Possession</title>
    <meta>
        <imdb>tt0256276</imdb>
        <content>movie</content>
        <title>Possession</title>
        <year>2002</year>
    </meta>
    <link>
        <sublink>search</sublink>
        <sublink>searchsd</sublink>
    </link>
    <thumbnail>https://image.tmdb.org/t/p/w1280//yxiWcPQVG154j5bfQVs2xRbPjJ.jpg</thumbnail>
    <fanart>https://image.tmdb.org/t/p/w1280//coIukgmorSiNmvY1Sfn0QU1eccv.jpg</fanart>
</item>
<item>
    <title>Pretty Woman</title>
    <meta>
        <imdb>tt0100405</imdb>
        <content>movie</content>
        <title>Pretty Woman</title>
        <year>1990</year>
    </meta>
    <link>
        <sublink>search</sublink>
        <sublink>searchsd</sublink>
    </link>
    <thumbnail>https://image.tmdb.org/t/p/w1280//fgmdaCMxXClZm2ePteLzCPySB1n.jpg</thumbnail>
    <fanart>https://image.tmdb.org/t/p/w1280//fztlIPN1EAO2kFVdJhKaXjAgjhH.jpg</fanart>
</item>
<item>
    <title>Priceless</title>
    <meta>
        <imdb>tt4978274</imdb>
        <content>movie</content>
        <title>Priceless</title>
        <year>2016</year>
    </meta>
    <link>
        <sublink>search</sublink>
        <sublink>searchsd</sublink>
    </link>
    <thumbnail>https://image.tmdb.org/t/p/w1280//ztpZw7YYLVC79mQMiPVWUoUVIPb.jpg</thumbnail>
    <fanart>https://image.tmdb.org/t/p/w1280//s53U8ihZwiOWcfwxPl3mDPm0IXa.jpg</fanart>
</item>
<item>
    <title>The Princess Bride</title>
    <meta>
        <imdb>tt0093779</imdb>
        <content>movie</content>
        <title>The Princess Bride</title>
        <year>1987</year>
    </meta>
    <link>
        <sublink>search</sublink>
        <sublink>searchsd</sublink>
    </link>
    <thumbnail>https://image.tmdb.org/t/p/w1280//gpxjoE0yvRwIhFEJgNArtKtaN7S.jpg</thumbnail>
    <fanart>https://image.tmdb.org/t/p/w1280//npIKgqpD8jbowpem9L3U4NUkEO3.jpg</fanart>
</item>
<item>
    <title>Romeo + Juliet</title>
    <meta>
        <imdb>tt0117509</imdb>
        <content>movie</content>
        <title>Romeo + Juliet</title>
        <year>1996</year>
    </meta>
    <link>
        <sublink>search</sublink>
        <sublink>searchsd</sublink>
    </link>
    <thumbnail>https://image.tmdb.org/t/p/w1280//6VsRWzhx9i3FNcggVrNwYLMUdxa.jpg</thumbnail>
    <fanart>https://image.tmdb.org/t/p/w1280//ldiZsKkwVR7sHnkQZmzoPhKmEo3.jpg</fanart>
</item>
<item>
    <title>Safe Haven</title>
    <meta>
        <imdb>tt1702439</imdb>
        <content>movie</content>
        <title>Safe Haven</title>
        <year>2013</year>
    </meta>
    <link>
        <sublink>search</sublink>
        <sublink>searchsd</sublink>
    </link>
    <thumbnail>https://image.tmdb.org/t/p/w1280//q5u3anNtsMoCFi1uwK2UfWHkOFt.jpg</thumbnail>
    <fanart>https://image.tmdb.org/t/p/w1280//rxWM3Jnb4sCmmyALeSwK6RlyooP.jpg</fanart>
</item>
<item>
    <title>Say Anything...</title>
    <meta>
        <imdb>tt0098258</imdb>
        <content>movie</content>
        <title>Say Anything...</title>
        <year>1989</year>
    </meta>
    <link>
        <sublink>search</sublink>
        <sublink>searchsd</sublink>
    </link>
    <thumbnail>https://image.tmdb.org/t/p/w1280//oVlRVSZx5IpQCC6uymBYpP1fggB.jpg</thumbnail>
    <fanart>https://image.tmdb.org/t/p/w1280//2BDKuo7SdIWKdMdTLAqvDw6DZeX.jpg</fanart>
</item>
<item>
    <title>Secret in Their Eyes</title>
    <meta>
        <imdb>tt1741273</imdb>
        <content>movie</content>
        <title>Secret in Their Eyes</title>
        <year>2015</year>
    </meta>
    <link>
        <sublink>search</sublink>
        <sublink>searchsd</sublink>
    </link>
    <thumbnail>https://image.tmdb.org/t/p/w1280//jHaJkzzmxjwXnvNHBFqXd8l4UE4.jpg</thumbnail>
    <fanart>https://image.tmdb.org/t/p/w1280//5cIRvFGQacShnTaLVwrX87MRkzE.jpg</fanart>
</item>
<item>
    <title>Seems Like Old Times</title>
    <meta>
        <imdb>tt0081480</imdb>
        <content>movie</content>
        <title>Seems Like Old Times</title>
        <year>1980</year>
    </meta>
    <link>
        <sublink>search</sublink>
        <sublink>searchsd</sublink>
    </link>
    <thumbnail>https://image.tmdb.org/t/p/w1280//5gslMsppM01WafyogPpHevrMeGg.jpg</thumbnail>
    <fanart>https://image.tmdb.org/t/p/w1280//kSymqpBCvf3XPOwN5AwmX1FCzCl.jpg</fanart>
</item>
<item>
    <title>Sense and Sensibility</title>
    <meta>
        <imdb>tt0114388</imdb>
        <content>movie</content>
        <title>Sense and Sensibility</title>
        <year>1995</year>
    </meta>
    <link>
        <sublink>search</sublink>
        <sublink>searchsd</sublink>
    </link>
    <thumbnail>https://image.tmdb.org/t/p/w1280//lA9HTy84Bb6ZwNeyoZKobcMdpMc.jpg</thumbnail>
    <fanart>https://image.tmdb.org/t/p/w1280//ocn3pLKJjYmXIP2331pUNC33f5M.jpg</fanart>
</item>
<item>
    <title>Serendipity</title>
    <meta>
        <imdb>tt0240890</imdb>
        <content>movie</content>
        <title>Serendipity</title>
        <year>2001</year>
    </meta>
    <link>
        <sublink>search</sublink>
        <sublink>searchsd</sublink>
    </link>
    <thumbnail>https://image.tmdb.org/t/p/w1280//2fNiavOBFAcaacnOUKzTgxLTPZP.jpg</thumbnail>
    <fanart>https://image.tmdb.org/t/p/w1280//6CLVThDZFdxDpCL1w2NnuXaDMEk.jpg</fanart>
</item>
<item>
    <title>Shakespeare in Love</title>
    <meta>
        <imdb>tt0138097</imdb>
        <content>movie</content>
        <title>Shakespeare in Love</title>
        <year>1998</year>
    </meta>
    <link>
        <sublink>search</sublink>
        <sublink>searchsd</sublink>
    </link>
    <thumbnail>https://image.tmdb.org/t/p/w1280//sAN5jedynbs3pa3ww0UXQ1k0lRF.jpg</thumbnail>
    <fanart>https://image.tmdb.org/t/p/w1280//qvhpBNfb53wLnEbVnmC5GNGFRHO.jpg</fanart>
</item>
<item>
    <title>Shopgirl</title>
    <meta>
        <imdb>tt0338427</imdb>
        <content>movie</content>
        <title>Shopgirl</title>
        <year>2005</year>
    </meta>
    <link>
        <sublink>search</sublink>
        <sublink>searchsd</sublink>
    </link>
    <thumbnail>https://image.tmdb.org/t/p/w1280//o8cHf3J34IMJtg6XdX9wSkjvw39.jpg</thumbnail>
    <fanart>https://image.tmdb.org/t/p/w1280//s0rQpWCxRChuiHuQKeDWCM1ipAw.jpg</fanart>
</item>
<item>
    <title>Shrek</title>
    <meta>
        <imdb>tt0126029</imdb>
        <content>movie</content>
        <title>Shrek</title>
        <year>2001</year>
    </meta>
    <link>
        <sublink>search</sublink>
        <sublink>searchsd</sublink>
    </link>
    <thumbnail>https://image.tmdb.org/t/p/w1280//140ewbWv8qHStD3mlBDvvGd0Zvu.jpg</thumbnail>
    <fanart>https://image.tmdb.org/t/p/w1280//wBG4kHfhwm3bLwKUFNRByXXv4r2.jpg</fanart>
</item>
<item>
    <title>Sideways</title>
    <meta>
        <imdb>tt0375063</imdb>
        <content>movie</content>
        <title>Sideways</title>
        <year>2004</year>
    </meta>
    <link>
        <sublink>search</sublink>
        <sublink>searchsd</sublink>
    </link>
    <thumbnail>https://image.tmdb.org/t/p/w1280//xg9EXz9SPJMxnnIMC4f9r8m5izr.jpg</thumbnail>
    <fanart>https://image.tmdb.org/t/p/w1280//ow0sx3Sk2BvbtpYMXwAQRNMdIMW.jpg</fanart>
</item>
<item>
    <title>Silver Linings Playbook</title>
    <meta>
        <imdb>tt1045658</imdb>
        <content>movie</content>
        <title>Silver Linings Playbook</title>
        <year>2012</year>
    </meta>
    <link>
        <sublink>search</sublink>
        <sublink>searchsd</sublink>
    </link>
    <thumbnail>https://image.tmdb.org/t/p/w1280//ilrZAV2klTB0FLxLb01bOp5pzD9.jpg</thumbnail>
    <fanart>https://image.tmdb.org/t/p/w1280//6YEWKSFIWFTLnInzXYiSaS7pVOP.jpg</fanart>
</item>
<item>
    <title>Sixteen Candles</title>
    <meta>
        <imdb>tt0088128</imdb>
        <content>movie</content>
        <title>Sixteen Candles</title>
        <year>1984</year>
    </meta>
    <link>
        <sublink>search</sublink>
        <sublink>searchsd</sublink>
    </link>
    <thumbnail>https://image.tmdb.org/t/p/w1280//rzTrRQg5ek47Yl0Vfenc69r9gOd.jpg</thumbnail>
    <fanart>https://image.tmdb.org/t/p/w1280//if7IlmJHgi5Oo6SObOshWn1ZlOP.jpg</fanart>
</item>
<item>
    <title>Sleepless in Seattle</title>
    <meta>
        <imdb>tt0108160</imdb>
        <content>movie</content>
        <title>Sleepless in Seattle</title>
        <year>1993</year>
    </meta>
    <link>
        <sublink>search</sublink>
        <sublink>searchsd</sublink>
    </link>
    <thumbnail>https://image.tmdb.org/t/p/w1280//afkYP15OeUOD0tFEmj6VvejuOcz.jpg</thumbnail>
    <fanart>https://image.tmdb.org/t/p/w1280//8lMeewfbgkNX8dBtqmyl4SvqIiP.jpg</fanart>
</item>
<item>
    <title>Slumdog Millionaire</title>
    <meta>
        <imdb>tt1010048</imdb>
        <content>movie</content>
        <title>Slumdog Millionaire</title>
        <year>2008</year>
    </meta>
    <link>
        <sublink>search</sublink>
        <sublink>searchsd</sublink>
    </link>
    <thumbnail>https://image.tmdb.org/t/p/w1280//9zknVczWOLhTKnT9nbX2IOCHtZn.jpg</thumbnail>
    <fanart>https://image.tmdb.org/t/p/w1280//aIv7WnkxMWsswEpaeRuNbC32D9d.jpg</fanart>
</item>
<item>
    <title>Spanglish</title>
    <meta>
        <imdb>tt0371246</imdb>
        <content>movie</content>
        <title>Spanglish</title>
        <year>2004</year>
    </meta>
    <link>
        <sublink>search</sublink>
        <sublink>searchsd</sublink>
    </link>
    <thumbnail>https://image.tmdb.org/t/p/w1280//eXsj4d6kP5z1n9Pkk7rosX2TF9w.jpg</thumbnail>
    <fanart>https://image.tmdb.org/t/p/w1280//awcak1m6yW8393FkyeRdiiwRC7W.jpg</fanart>
</item>
<item>
    <title>Stardust</title>
    <meta>
        <imdb>tt0486655</imdb>
        <content>movie</content>
        <title>Stardust</title>
        <year>2007</year>
    </meta>
    <link>
        <sublink>search</sublink>
        <sublink>searchsd</sublink>
    </link>
    <thumbnail>https://image.tmdb.org/t/p/w1280//A9gXvPOnMu961E36x5p3RT4FQ5E.jpg</thumbnail>
    <fanart>https://image.tmdb.org/t/p/w1280//q9FPpi6AkccX3nfQoA22P5S1HFp.jpg</fanart>
</item>
<item>
    <title>This Means War</title>
    <meta>
        <imdb>tt1596350</imdb>
        <content>movie</content>
        <title>This Means War</title>
        <year>2012</year>
    </meta>
    <link>
        <sublink>search</sublink>
        <sublink>searchsd</sublink>
    </link>
    <thumbnail>https://image.tmdb.org/t/p/w1280//8eqEw3NGdqAfGtHyCTiuoMb4RrM.jpg</thumbnail>
    <fanart>https://image.tmdb.org/t/p/w1280//aJh5rFH6jQRqvZyd0HR8BMiHhRn.jpg</fanart>
</item>
<item>
    <title>Titanic</title>
    <meta>
        <imdb>tt0120338</imdb>
        <content>movie</content>
        <title>Titanic</title>
        <year>1997</year>
    </meta>
    <link>
        <sublink>search</sublink>
        <sublink>searchsd</sublink>
    </link>
    <thumbnail>https://image.tmdb.org/t/p/w1280//kHXEpyfl6zqn8a6YuozZUujufXf.jpg</thumbnail>
    <fanart>https://image.tmdb.org/t/p/w1280//fVcZErSWa7gyENuj8IWp8eAfCnL.jpg</fanart>
</item>
<item>
    <title>The Tourist</title>
    <meta>
        <imdb>tt1243957</imdb>
        <content>movie</content>
        <title>The Tourist</title>
        <year>2010</year>
    </meta>
    <link>
        <sublink>search</sublink>
        <sublink>searchsd</sublink>
    </link>
    <thumbnail>https://image.tmdb.org/t/p/w1280//jfLFF0Qa9jAoTYQIKaSWmMWcKZd.jpg</thumbnail>
    <fanart>https://image.tmdb.org/t/p/w1280//2SChQOUxcGoilS3zxnFQ7LZZMgE.jpg</fanart>
</item>
<item>
    <title>True Romance</title>
    <meta>
        <imdb>tt0108399</imdb>
        <content>movie</content>
        <title>True Romance</title>
        <year>1993</year>
    </meta>
    <link>
        <sublink>search</sublink>
        <sublink>searchsd</sublink>
    </link>
    <thumbnail>https://image.tmdb.org/t/p/w1280//xBO8R3CZfrJ9rrwrZoJ68PgJyAR.jpg</thumbnail>
    <fanart>https://image.tmdb.org/t/p/w1280//f0qqTEyVmmztypEMV3THRdnBjFj.jpg</fanart>
</item>
<item>
    <title>Two Weeks Notice</title>
    <meta>
        <imdb>tt0313737</imdb>
        <content>movie</content>
        <title>Two Weeks Notice</title>
        <year>2002</year>
    </meta>
    <link>
        <sublink>search</sublink>
        <sublink>searchsd</sublink>
    </link>
    <thumbnail>https://image.tmdb.org/t/p/w1280//nfgAa80L1RCkLBbeob0W3Ydhg8H.jpg</thumbnail>
    <fanart>https://image.tmdb.org/t/p/w1280//hHkS7c18u6sc6CCE1GXi6J6TmHo.jpg</fanart>
</item>
<item>
    <title>Under the Tuscan Sun</title>
    <meta>
        <imdb>tt0328589</imdb>
        <content>movie</content>
        <title>Under the Tuscan Sun</title>
        <year>2003</year>
    </meta>
    <link>
        <sublink>search</sublink>
        <sublink>searchsd</sublink>
    </link>
    <thumbnail>https://image.tmdb.org/t/p/w1280//z5mqOKxS8R9mnzyRulIbMX0U6kG.jpg</thumbnail>
    <fanart>https://image.tmdb.org/t/p/w1280//781m92R7cz8MAqg9SA8Nvg5Rpzu.jpg</fanart>
</item>
<item>
    <title>Valentine</title>
    <meta>
        <imdb>tt0242998</imdb>
        <content>movie</content>
        <title>Valentine</title>
        <year>2001</year>
    </meta>
    <link>
        <sublink>search</sublink>
        <sublink>searchsd</sublink>
    </link>
    <thumbnail>https://image.tmdb.org/t/p/w1280//z5JhMLL9Atb6ukKex4K76l5gIxa.jpg</thumbnail>
    <fanart>https://image.tmdb.org/t/p/w1280//1Nv3g0CiXcN9V5wQrxmYcVfBiPK.jpg</fanart>
</item>
<item>
    <title>Valentine's Again</title>
    <meta>
        <imdb>tt6964966</imdb>
        <content>movie</content>
        <title>Valentine's Again</title>
        <year>2017</year>
    </meta>
    <link>
        <sublink>search</sublink>
        <sublink>searchsd</sublink>
    </link>
    <thumbnail>https://image.tmdb.org/t/p/w1280//nbluxIsETvjXYE3mwwZyMkqvZqC.jpg</thumbnail>
    <fanart/>
</item>
<item>
    <title>Valentine's Day</title>
    <meta>
        <imdb>tt0817230</imdb>
        <content>movie</content>
        <title>Valentine's Day</title>
        <year>2010</year>
    </meta>
    <link>
        <sublink>search</sublink>
        <sublink>searchsd</sublink>
    </link>
    <thumbnail>https://image.tmdb.org/t/p/w1280//qrZ49dcenKqtRWSbOK8zWLQC6GG.jpg</thumbnail>
    <fanart>https://image.tmdb.org/t/p/w1280//9yQWwc7mwWID0ssy4eIm50fxXCd.jpg</fanart>
</item>
<item>
    <title>The Vow</title>
    <meta>
        <imdb>tt1606389</imdb>
        <content>movie</content>
        <title>The Vow</title>
        <year>2012</year>
    </meta>
    <link>
        <sublink>search</sublink>
        <sublink>searchsd</sublink>
    </link>
    <thumbnail>https://image.tmdb.org/t/p/w1280//qHNjcjKa6VHJsa0Eu0DHl2BaYw3.jpg</thumbnail>
    <fanart>https://image.tmdb.org/t/p/w1280//cfp28CJU7Xak3MEjjIMkZLkTtIW.jpg</fanart>
</item>
<item>
    <title>Waitress</title>
    <meta>
        <imdb>tt0473308</imdb>
        <content>movie</content>
        <title>Waitress</title>
        <year>2007</year>
    </meta>
    <link>
        <sublink>search</sublink>
        <sublink>searchsd</sublink>
    </link>
    <thumbnail>https://image.tmdb.org/t/p/w1280//88FWNhsEvnCGELvUgQEpZ1E5nd5.jpg</thumbnail>
    <fanart>https://image.tmdb.org/t/p/w1280//rSjhIAm6reDmaEd9P6fHqrv6qh9.jpg</fanart>
</item>
<item>
    <title>Walk the Line</title>
    <meta>
        <imdb>tt0358273</imdb>
        <content>movie</content>
        <title>Walk the Line</title>
        <year>2005</year>
    </meta>
    <link>
        <sublink>search</sublink>
        <sublink>searchsd</sublink>
    </link>
    <thumbnail>https://image.tmdb.org/t/p/w1280//wdxL3Zyh3O5MIbmsSiZEevJAjtQ.jpg</thumbnail>
    <fanart>https://image.tmdb.org/t/p/w1280//oT79THuFrcBzrhlf4fiCddwZBCQ.jpg</fanart>
</item>
<item>
    <title>The Way We Were</title>
    <meta>
        <imdb>tt0070903</imdb>
        <content>movie</content>
        <title>The Way We Were</title>
        <year>1973</year>
    </meta>
    <link>
        <sublink>search</sublink>
        <sublink>searchsd</sublink>
    </link>
    <thumbnail>https://image.tmdb.org/t/p/w1280//nlpbvWFfqjawAilsjlY1EB7TbS8.jpg</thumbnail>
    <fanart>https://image.tmdb.org/t/p/w1280//ujBTiMtVi65e1Z8VcGGRWhQUCf2.jpg</fanart>
</item>
<item>
    <title>The Wedding Singer</title>
    <meta>
        <imdb>tt0120888</imdb>
        <content>movie</content>
        <title>The Wedding Singer</title>
        <year>1998</year>
    </meta>
    <link>
        <sublink>search</sublink>
        <sublink>searchsd</sublink>
    </link>
    <thumbnail>https://image.tmdb.org/t/p/w1280//t4M6RrwBQKTqbnG9vqG339G7FCC.jpg</thumbnail>
    <fanart>https://image.tmdb.org/t/p/w1280//sWGFvPVwfzMu8o259fA2j76m2uI.jpg</fanart>
</item>
<item>
    <title>When Harry Met Sally...</title>
    <meta>
        <imdb>tt0098635</imdb>
        <content>movie</content>
        <title>When Harry Met Sally...</title>
        <year>1989</year>
    </meta>
    <link>
        <sublink>search</sublink>
        <sublink>searchsd</sublink>
    </link>
    <thumbnail>https://image.tmdb.org/t/p/w1280//anYI1fzx90PgjO9PY3JStJZJmQT.jpg</thumbnail>
    <fanart>https://image.tmdb.org/t/p/w1280//npPW0YbZIYTwYuixpNqXZADgwkW.jpg</fanart>
</item>
<item>
    <title>When in Rome</title>
    <meta>
        <imdb>tt1185416</imdb>
        <content>movie</content>
        <title>When in Rome</title>
        <year>2010</year>
    </meta>
    <link>
        <sublink>search</sublink>
        <sublink>searchsd</sublink>
    </link>
    <thumbnail>https://image.tmdb.org/t/p/w1280//lsq9k09TGKXMbAqNr5lNj8EInQf.jpg</thumbnail>
    <fanart>https://image.tmdb.org/t/p/w1280//yT0dZm5EicwHZIWTJZvK2MvjDqO.jpg</fanart>
</item>
<item>
    <title>The Wolf of Wall Street</title>
    <meta>
        <imdb>tt0993846</imdb>
        <content>movie</content>
        <title>The Wolf of Wall Street</title>
        <year>2013</year>
    </meta>
    <link>
        <sublink>search</sublink>
        <sublink>searchsd</sublink>
    </link>
    <thumbnail>https://image.tmdb.org/t/p/w1280//vK1o5rZGqxyovfIhZyMELhk03wO.jpg</thumbnail>
    <fanart>https://image.tmdb.org/t/p/w1280//dYtAyg4vD88hIfrR1VKDnVGhnE6.jpg</fanart>
</item>
<item>
    <title>Working Girl</title>
    <meta>
        <imdb>tt0096463</imdb>
        <content>movie</content>
        <title>Working Girl</title>
        <year>1988</year>
    </meta>
    <link>
        <sublink>search</sublink>
        <sublink>searchsd</sublink>
    </link>
    <thumbnail>https://image.tmdb.org/t/p/w1280//nuI5dlPhKb0H1wyn85fIJirdwpX.jpg</thumbnail>
    <fanart>https://image.tmdb.org/t/p/w1280//5TmSUZKlDPeglPvqRnbfCU05KUQ.jpg</fanart>
</item>
<item>
    <title>Wristcutters: A Love Story</title>
    <meta>
        <imdb>tt0477139</imdb>
        <content>movie</content>
        <title>Wristcutters: A Love Story</title>
        <year>2006</year>
    </meta>
    <link>
        <sublink>search</sublink>
        <sublink>searchsd</sublink>
    </link>
    <thumbnail>https://image.tmdb.org/t/p/w1280//ahhikZOwn5nt2mqxzA8SiUFDjxk.jpg</thumbnail>
    <fanart>https://image.tmdb.org/t/p/w1280//wDLgGI6Rswo30YkWoM6TGq0VWVy.jpg</fanart>
</item>
<item>
    <title>You've Got Mail</title>
    <meta>
        <imdb>tt0128853</imdb>
        <content>movie</content>
        <title>You've Got Mail</title>
        <year>1998</year>
    </meta>
    <link>
        <sublink>search</sublink>
        <sublink>searchsd</sublink>
    </link>
    <thumbnail>https://image.tmdb.org/t/p/w1280//2XIsqnCwEE3Uf5TlP9H68STgtk6.jpg</thumbnail>
    <fanart>https://image.tmdb.org/t/p/w1280//jbdQ0PDyrWqz5HfzKmparE93ky9.jpg</fanart>
</item>
<item>
    <title>To Love or Not to Love</title>
    <meta>
        <imdb>tt7249784</imdb>
        <content>movie</content>
        <title>To Love or Not to Love</title>
        <year>2017</year>
    </meta>
    <link>
        <sublink>search</sublink>
        <sublink>searchsd</sublink>
    </link>
    <thumbnail>https://image.tmdb.org/t/p/w1280//fN3VezNZ3eYjonFIpf0N303ATDz.jpg</thumbnail>
    <fanart>https://image.tmdb.org/t/p/w1280//dqjmyCKhbS4qgYxts8jFUp6dqy4.jpg</fanart>
</item>
