<item>
    <title>13 Hours: The Secret Soldiers of Benghazi</title>
    <meta>
        <imdb>tt4172430</imdb>
        <content>movie</content>
        <title>13 Hours: The Secret Soldiers of Benghazi</title>
        <year>2016</year>
    </meta>
    <link>
        <sublink>search</sublink>
        <sublink>searchsd</sublink>
    </link>
    <thumbnail>https://image.tmdb.org/t/p/w1280//4gpW4MkRI0BB17GHOJzXq0WamDP.jpg</thumbnail>
    <fanart>https://image.tmdb.org/t/p/w1280//cVIb8GGPzASoN9j9z1jIJD942oJ.jpg</fanart>
</item>
<item>
    <title>A Bridge Too Far</title>
    <meta>
        <imdb>tt0075784</imdb>
        <content>movie</content>
        <title>A Bridge Too Far</title>
        <year>1977</year>
    </meta>
    <link>
        <sublink>search</sublink>
        <sublink>searchsd</sublink>
    </link>
    <thumbnail>https://image.tmdb.org/t/p/w1280//ormdFwSHGVgsWdrzP5pRPaA6nme.jpg</thumbnail>
    <fanart>https://image.tmdb.org/t/p/w1280//qHryw7hcO1Gcd7xQmJfDYPTgNLX.jpg</fanart>
</item>
<item>
    <title>Act of Valor</title>
    <meta>
        <imdb>tt1591479</imdb>
        <content>movie</content>
        <title>Act of Valor</title>
        <year>2012</year>
    </meta>
    <link>
        <sublink>search</sublink>
        <sublink>searchsd</sublink>
    </link>
    <thumbnail>https://image.tmdb.org/t/p/w1280//1Xcd5ci69pVXMPP02DU11Ffq0yY.jpg</thumbnail>
    <fanart>https://image.tmdb.org/t/p/w1280//htNeKbkSBubGrdmPPg8lFZjSUdH.jpg</fanart>
</item>
<item>
    <title>The African Queen</title>
    <meta>
        <imdb>tt0043265</imdb>
        <content>movie</content>
        <title>The African Queen</title>
        <year>1951</year>
    </meta>
    <link>
        <sublink>search</sublink>
        <sublink>searchsd</sublink>
    </link>
    <thumbnail>https://image.tmdb.org/t/p/w1280//6BEiFFQCKKJpz9A6rHbDOw8oGFk.jpg</thumbnail>
    <fanart>https://image.tmdb.org/t/p/w1280//xIrEPbPrnUD9EtH2i7e7ZCiGnsM.jpg</fanart>
</item>
<item>
    <title>Alias Maria</title>
    <meta>
        <imdb>tt3685554</imdb>
        <content>movie</content>
        <title>Alias Maria</title>
        <year>2015</year>
    </meta>
    <link>
        <sublink>search</sublink>
        <sublink>searchsd</sublink>
    </link>
    <thumbnail>https://image.tmdb.org/t/p/w1280//sh3ZzwevODVVdHzHq3XPDvvgJUI.jpg</thumbnail>
    <fanart>https://image.tmdb.org/t/p/w1280//l3GqBusA3Lm3HbIO4kNCUHJWSMN.jpg</fanart>
</item>
<item>
    <title>All Quiet on the Western Front</title>
    <meta>
        <imdb>tt0020629</imdb>
        <content>movie</content>
        <title>All Quiet on the Western Front</title>
        <year>1930</year>
    </meta>
    <link>
        <sublink>search</sublink>
        <sublink>searchsd</sublink>
    </link>
    <thumbnail>https://image.tmdb.org/t/p/w1280//9gn5ce3B2vOpk9pOGeUjmFecIo5.jpg</thumbnail>
    <fanart>https://image.tmdb.org/t/p/w1280//cmAHUFBqg8VO0InX9QdDTZQSg9H.jpg</fanart>
</item>
<item>
    <title>Almost Sunrise</title>
    <meta>
        <imdb>tt5118024</imdb>
        <content>movie</content>
        <title>Almost Sunrise</title>
        <year>2017</year>
    </meta>
    <link>
        <sublink>search</sublink>
        <sublink>searchsd</sublink>
    </link>
    <thumbnail>https://image.tmdb.org/t/p/w1280//iUKoerkAPohz7tTiGUBJ45uxZp7.jpg</thumbnail>
    <fanart/>
</item>
<item>
    <title>American Sniper</title>
    <meta>
        <imdb>tt2179136</imdb>
        <content>movie</content>
        <title>American Sniper</title>
        <year>2014</year>
    </meta>
    <link>
        <sublink>search</sublink>
        <sublink>searchsd</sublink>
    </link>
    <thumbnail>https://image.tmdb.org/t/p/w1280//svPHnYE7N5NAGO49dBmRhq0vDQ3.jpg</thumbnail>
    <fanart>https://image.tmdb.org/t/p/w1280//oJNu8vS6Wf10Cv2996KO65jt4C0.jpg</fanart>
</item>
<item>
    <title>Another Mother's Son</title>
    <meta>
        <imdb>tt5193790</imdb>
        <content>movie</content>
        <title>Another Mother's Son</title>
        <year>2017</year>
    </meta>
    <link>
        <sublink>search</sublink>
        <sublink>searchsd</sublink>
    </link>
    <thumbnail>https://image.tmdb.org/t/p/w1280//7DXppK31s66YptTNHrs5ekP2nRe.jpg</thumbnail>
    <fanart>https://image.tmdb.org/t/p/w1280//u5zEOjagma8vmQkvNU2BiGVR8Ge.jpg</fanart>
</item>
<item>
    <title>Anthropoid</title>
    <meta>
        <imdb>tt4190530</imdb>
        <content>movie</content>
        <title>Anthropoid</title>
        <year>2016</year>
    </meta>
    <link>
        <sublink>search</sublink>
        <sublink>searchsd</sublink>
    </link>
    <thumbnail>https://image.tmdb.org/t/p/w1280//5hUghRVVkBYufftfNQkGevY5AmE.jpg</thumbnail>
    <fanart>https://image.tmdb.org/t/p/w1280//lTjRJ18JzsSfpwIdhCjv5BAMs03.jpg</fanart>
</item>
<item>
    <title>Apocalypse Now</title>
    <meta>
        <imdb>tt0078788</imdb>
        <content>movie</content>
        <title>Apocalypse Now</title>
        <year>1979</year>
    </meta>
    <link>
        <sublink>search</sublink>
        <sublink>searchsd</sublink>
    </link>
    <thumbnail>https://image.tmdb.org/t/p/w1280//jcvJ2xcVWU9Wh0hZAxcs103s8nN.jpg</thumbnail>
    <fanart>https://image.tmdb.org/t/p/w1280//k91Dag8AZbhjIJqrtf7F1bQnGPg.jpg</fanart>
</item>
<dir>
    <title>Band of Brothers</title>
    <meta>
        <imdb>tt0185906</imdb>
        <content>tvshow</content>
        <tvshowtitle>Band of Brothers</tvshowtitle>
        <year>2001</year>
    </meta>
    <link>tmdb_tv_show(4613, 2001, Band of Brothers)</link>
    <thumbnail>https://image.tmdb.org/t/p/w1280//yjqu0KEVAWz9eJQBvzrQMFlGD84.jpg</thumbnail>
    <fanart>https://image.tmdb.org/t/p/w1280//1LrtAhWPSEetJLjblXvnaYtl7eA.jpg</fanart>
</dir>
<item>
    <title>The Battle of Midway</title>
    <meta>
        <imdb>tt0034498</imdb>
        <content>movie</content>
        <title>The Battle of Midway</title>
        <year>1942</year>
    </meta>
    <link>
        <sublink>search</sublink>
        <sublink>searchsd</sublink>
    </link>
    <thumbnail>https://image.tmdb.org/t/p/w1280//5Hisq6sR3sOveUPeBqidzF7JsQ6.jpg</thumbnail>
    <fanart>https://image.tmdb.org/t/p/w1280//tzgL5tzlVi8Gcuo0jiSE5aKeDl8.jpg</fanart>
</item>
<item>
    <title>Behind Enemy Lines</title>
    <meta>
        <imdb>tt0159273</imdb>
        <content>movie</content>
        <title>Behind Enemy Lines</title>
        <year>2001</year>
    </meta>
    <link>
        <sublink>search</sublink>
        <sublink>searchsd</sublink>
    </link>
    <thumbnail>https://image.tmdb.org/t/p/w1280//dl1OgKeKxKQsOAqGM7TZRNozbKf.jpg</thumbnail>
    <fanart>https://image.tmdb.org/t/p/w1280//zcvrdo5pJ7glbirKcE2An36K98Q.jpg</fanart>
</item>
<item>
    <title>Behind Enemy Lines II: Axis of Evil</title>
    <meta>
        <imdb>tt0497329</imdb>
        <content>movie</content>
        <title>Behind Enemy Lines II: Axis of Evil</title>
        <year>2006</year>
    </meta>
    <link>
        <sublink>search</sublink>
        <sublink>searchsd</sublink>
    </link>
    <thumbnail>https://image.tmdb.org/t/p/w1280//dw1ArDmyrKgqWYohM6CGEpRMxca.jpg</thumbnail>
    <fanart>https://image.tmdb.org/t/p/w1280//u7IzK6tISpsSuNkWMowl17gSA4e.jpg</fanart>
</item>
<item>
    <title>Behind Enemy Lines III: Colombia</title>
    <meta>
        <imdb>tt1208647</imdb>
        <content>movie</content>
        <title>Behind Enemy Lines III: Colombia</title>
        <year>2009</year>
    </meta>
    <link>
        <sublink>search</sublink>
        <sublink>searchsd</sublink>
    </link>
    <thumbnail>https://image.tmdb.org/t/p/w1280//eHVafhxHoPkmcAeRfR2TeS7wmwJ.jpg</thumbnail>
    <fanart>https://image.tmdb.org/t/p/w1280//bDK6duYzV9V0gyKvGdqF5JhWSn9.jpg</fanart>
</item>
<item>
    <title>The Big Red One</title>
    <meta>
        <imdb>tt0080437</imdb>
        <content>movie</content>
        <title>The Big Red One</title>
        <year>1980</year>
    </meta>
    <link>
        <sublink>search</sublink>
        <sublink>searchsd</sublink>
    </link>
    <thumbnail>https://image.tmdb.org/t/p/w1280//gjBEpIv2mC8HEP7tC7hcNuJSbBU.jpg</thumbnail>
    <fanart>https://image.tmdb.org/t/p/w1280//p4z0XDQcFNmyIAlsQdFZHP8GNsZ.jpg</fanart>
</item>
<item>
    <title>Billy Lynn's Long Halftime Walk</title>
    <meta>
        <imdb>tt2513074</imdb>
        <content>movie</content>
        <title>Billy Lynn's Long Halftime Walk</title>
        <year>2016</year>
    </meta>
    <link>
        <sublink>search</sublink>
        <sublink>searchsd</sublink>
    </link>
    <thumbnail>https://image.tmdb.org/t/p/w1280//jw60oWt2PWWCvuz8S93i2RH4XJh.jpg</thumbnail>
    <fanart>https://image.tmdb.org/t/p/w1280//lK4nbAZnzftmCbfKAwkbtI5IFlG.jpg</fanart>
</item>
<item>
    <title>Black Hawk Down</title>
    <meta>
        <imdb>tt0265086</imdb>
        <content>movie</content>
        <title>Black Hawk Down</title>
        <year>2001</year>
    </meta>
    <link>
        <sublink>search</sublink>
        <sublink>searchsd</sublink>
    </link>
    <thumbnail>https://image.tmdb.org/t/p/w1280//yUzQ4r3q1Dy0bUAkMvUIwf0rPpR.jpg</thumbnail>
    <fanart>https://image.tmdb.org/t/p/w1280//ysCQvbaEPFTEhg1ufY7B2G8oJmT.jpg</fanart>
</item>
<item>
    <title>Born on the Fourth of July</title>
    <meta>
        <imdb>tt0096969</imdb>
        <content>movie</content>
        <title>Born on the Fourth of July</title>
        <year>1989</year>
    </meta>
    <link>
        <sublink>search</sublink>
        <sublink>searchsd</sublink>
    </link>
    <thumbnail>https://image.tmdb.org/t/p/w1280//iAUSzQNpxf9fX1EvhNbeguo6aVA.jpg</thumbnail>
    <fanart>https://image.tmdb.org/t/p/w1280//t9MrNY0xM9U5JSe5vHN9z08UYty.jpg</fanart>
</item>
<item>
    <title>Coming Home</title>
    <meta>
        <imdb>tt0077362</imdb>
        <content>movie</content>
        <title>Coming Home</title>
        <year>1978</year>
    </meta>
    <link>
        <sublink>search</sublink>
        <sublink>searchsd</sublink>
    </link>
    <thumbnail>https://image.tmdb.org/t/p/w1280//A90BfmMNpsISTDN8kRdOUHSBsU6.jpg</thumbnail>
    <fanart>https://image.tmdb.org/t/p/w1280//cNcrdjtmd8Y0AqkjLfxDaRdVAST.jpg</fanart>
</item>
<item>
    <title>Darkest Hour</title>
    <meta>
        <imdb>tt4555426</imdb>
        <content>movie</content>
        <title>Darkest Hour</title>
        <year>2017</year>
    </meta>
    <link>
        <sublink>search</sublink>
        <sublink>searchsd</sublink>
    </link>
    <thumbnail>https://image.tmdb.org/t/p/w1280//xa6G3aKlysQeVg9wOb0dRcIGlWu.jpg</thumbnail>
    <fanart>https://image.tmdb.org/t/p/w1280//zXwFJMwvQcJFitP9GcHZvHAHGe8.jpg</fanart>
</item>
<item>
    <title>The Deer Hunter</title>
    <meta>
        <imdb>tt0077416</imdb>
        <content>movie</content>
        <title>The Deer Hunter</title>
        <year>1978</year>
    </meta>
    <link>
        <sublink>search</sublink>
        <sublink>searchsd</sublink>
    </link>
    <thumbnail>https://image.tmdb.org/t/p/w1280//slNJESItHPqp1CENEJQUPw8d7WE.jpg</thumbnail>
    <fanart>https://image.tmdb.org/t/p/w1280//kzRUFR2FiITeP9LMPe8j2zrC7Xv.jpg</fanart>
</item>
<item>
    <title>Defiance</title>
    <meta>
        <imdb>tt1034303</imdb>
        <content>movie</content>
        <title>Defiance</title>
        <year>2008</year>
    </meta>
    <link>
        <sublink>search</sublink>
        <sublink>searchsd</sublink>
    </link>
    <thumbnail>https://image.tmdb.org/t/p/w1280//ArY2fs0nK6DbrCKrxaMeCTVRZ0i.jpg</thumbnail>
    <fanart>https://image.tmdb.org/t/p/w1280//mP1kvOxeOSJ6sDB0bzqtmsDgXCQ.jpg</fanart>
</item>
<item>
    <title>Downfall</title>
    <meta>
        <imdb>tt0363163</imdb>
        <content>movie</content>
        <title>Downfall</title>
        <year>2004</year>
    </meta>
    <link>
        <sublink>search</sublink>
        <sublink>searchsd</sublink>
    </link>
    <thumbnail>https://image.tmdb.org/t/p/w1280//2QmpblYvUThzBQ4ArdT1Kp43DZi.jpg</thumbnail>
    <fanart>https://image.tmdb.org/t/p/w1280//d3AmCJXvsP818di5KcCj4fNi36.jpg</fanart>
</item>
<item>
    <title>The Dirty Dozen</title>
    <meta>
        <imdb>tt0061578</imdb>
        <content>movie</content>
        <title>The Dirty Dozen</title>
        <year>1967</year>
    </meta>
    <link>
        <sublink>search</sublink>
        <sublink>searchsd</sublink>
    </link>
    <thumbnail>https://image.tmdb.org/t/p/w1280//5SawqeuARDbUPrFohTulwd2PZ2N.jpg</thumbnail>
    <fanart>https://image.tmdb.org/t/p/w1280//hJ6JHtIdFbwjp0IRNT7oUlweWst.jpg</fanart>
</item>
<item>
    <title>The Dirty Dozen: Next Mission</title>
    <meta>
        <imdb>tt0089026</imdb>
        <content>movie</content>
        <title>The Dirty Dozen: Next Mission</title>
        <year>1985</year>
    </meta>
    <link>
        <sublink>search</sublink>
        <sublink>searchsd</sublink>
    </link>
    <thumbnail>https://image.tmdb.org/t/p/w1280//4pdtXE8L1vpOlZ1IGrW5EZVNxik.jpg</thumbnail>
    <fanart>https://image.tmdb.org/t/p/w1280//ft8V8U1002N1XwT8tiE2LJAiU4N.jpg</fanart>
</item>
<item>
    <title>The Dirty Dozen: The Deadly Mission</title>
    <meta>
        <imdb>tt0092891</imdb>
        <content>movie</content>
        <title>The Dirty Dozen: The Deadly Mission</title>
        <year>1987</year>
    </meta>
    <link>
        <sublink>search</sublink>
        <sublink>searchsd</sublink>
    </link>
    <thumbnail>https://image.tmdb.org/t/p/w1280//sl0gHqf9nZKgE6iMp9gGZmykK3b.jpg</thumbnail>
    <fanart>https://image.tmdb.org/t/p/w1280//fIeumMjDHVokSAOUl60aOprLj8z.jpg</fanart>
</item>
<item>
    <title>The Dirty Dozen: The Fatal Mission</title>
    <meta>
        <imdb>tt0095022</imdb>
        <content>movie</content>
        <title>The Dirty Dozen: The Fatal Mission</title>
        <year>1988</year>
    </meta>
    <link>
        <sublink>search</sublink>
        <sublink>searchsd</sublink>
    </link>
    <thumbnail>https://image.tmdb.org/t/p/w1280//6cIpOFEquC5mI4bGYkCu5oADuJY.jpg</thumbnail>
    <fanart>https://image.tmdb.org/t/p/w1280//eafJ9uTiEwXxHw21Qd4o8aILSXf.jpg</fanart>
</item>
<item>
    <title>Dunkirk</title>
    <meta>
        <imdb>tt5013056</imdb>
        <content>movie</content>
        <title>Dunkirk</title>
        <year>2017</year>
    </meta>
    <link>
        <sublink>search</sublink>
        <sublink>searchsd</sublink>
    </link>
    <thumbnail>https://image.tmdb.org/t/p/w1280//ebSnODDg9lbsMIaWg2uAbjn7TO5.jpg</thumbnail>
    <fanart>https://image.tmdb.org/t/p/w1280//4yjJNAgXBmzxpS6sogj4ftwd270.jpg</fanart>
</item>
<item>
    <title>The Eagle Has Landed</title>
    <meta>
        <imdb>tt0074452</imdb>
        <content>movie</content>
        <title>The Eagle Has Landed</title>
        <year>1976</year>
    </meta>
    <link>
        <sublink>search</sublink>
        <sublink>searchsd</sublink>
    </link>
    <thumbnail>https://image.tmdb.org/t/p/w1280//o22XW3pFNhUy9jPzBTLipKhUg5t.jpg</thumbnail>
    <fanart>https://image.tmdb.org/t/p/w1280//lK8GChOUNcqGDU0VARSqzrZsjel.jpg</fanart>
</item>
<item>
    <title>Empire of the Sun</title>
    <meta>
        <imdb>tt0092965</imdb>
        <content>movie</content>
        <title>Empire of the Sun</title>
        <year>1987</year>
    </meta>
    <link>
        <sublink>search</sublink>
        <sublink>searchsd</sublink>
    </link>
    <thumbnail>https://image.tmdb.org/t/p/w1280//mD5BkLNSPXS8GZDB0VRRrI7YV5V.jpg</thumbnail>
    <fanart>https://image.tmdb.org/t/p/w1280//qfBRuSHMNHR19HkCVdwiBeaXXt1.jpg</fanart>
</item>
<item>
    <title>Enemy at the Gates</title>
    <meta>
        <imdb>tt0215750</imdb>
        <content>movie</content>
        <title>Enemy at the Gates</title>
        <year>2001</year>
    </meta>
    <link>
        <sublink>search</sublink>
        <sublink>searchsd</sublink>
    </link>
    <thumbnail>https://image.tmdb.org/t/p/w1280//9cSoNnB31hGY2mL78VT8mAbz6nR.jpg</thumbnail>
    <fanart>https://image.tmdb.org/t/p/w1280//70G2k5LYyvatd87Rai7DJM0DcYj.jpg</fanart>
</item>
<item>
    <title>Escape from Sobibor</title>
    <meta>
        <imdb>tt0092978</imdb>
        <content>movie</content>
        <title>Escape from Sobibor</title>
        <year>1987</year>
    </meta>
    <link>
        <sublink>search</sublink>
        <sublink>searchsd</sublink>
    </link>
    <thumbnail>https://image.tmdb.org/t/p/w1280//pvwYZX8o6YFeQ8cIr5GPeArZ4qL.jpg</thumbnail>
    <fanart>https://image.tmdb.org/t/p/w1280//o7tMMHu2Rsl3p6uicMh20Sg3018.jpg</fanart>
</item>
<item>
    <title>First Blood</title>
    <meta>
        <imdb>tt0083944</imdb>
        <content>movie</content>
        <title>First Blood</title>
        <year>1982</year>
    </meta>
    <link>
        <sublink>search</sublink>
        <sublink>searchsd</sublink>
    </link>
    <thumbnail>https://image.tmdb.org/t/p/w1280//bbYNNEGLXrV3lJpHDg7CKaPscCb.jpg</thumbnail>
    <fanart>https://image.tmdb.org/t/p/w1280//cU3goO0TMNDWxgDwILAARyiblXK.jpg</fanart>
</item>
<item>
    <title>Flags of Our Fathers</title>
    <meta>
        <imdb>tt0418689</imdb>
        <content>movie</content>
        <title>Flags of Our Fathers</title>
        <year>2006</year>
    </meta>
    <link>
        <sublink>search</sublink>
        <sublink>searchsd</sublink>
    </link>
    <thumbnail>https://image.tmdb.org/t/p/w1280//4tbKYa8vZSsTCHKca9D6rS4NJ08.jpg</thumbnail>
    <fanart>https://image.tmdb.org/t/p/w1280//Zl6NIsHLunLAOS4sMoKQwSPDiI.jpg</fanart>
</item>
<item>
    <title>Flying Tigers</title>
    <meta>
        <imdb>tt0034742</imdb>
        <content>movie</content>
        <title>Flying Tigers</title>
        <year>1942</year>
    </meta>
    <link>
        <sublink>search</sublink>
        <sublink>searchsd</sublink>
    </link>
    <thumbnail>https://image.tmdb.org/t/p/w1280//4QfH6IsuGOBLoVMBVIIRU5r3IDG.jpg</thumbnail>
    <fanart>https://image.tmdb.org/t/p/w1280//yLouTGMVvvX5vFQQMdaKSG1zEZc.jpg</fanart>
</item>
<item>
    <title>Forbidden Ground</title>
    <meta>
        <imdb>tt2186783</imdb>
        <content>movie</content>
        <title>Forbidden Ground</title>
        <year>2013</year>
    </meta>
    <link>
        <sublink>search</sublink>
        <sublink>searchsd</sublink>
    </link>
    <thumbnail>https://image.tmdb.org/t/p/w1280//qy7RjS18AoS24hSiopUC2cSyXWr.jpg</thumbnail>
    <fanart>https://image.tmdb.org/t/p/w1280//tn5bwK1RqPTj7fWRowmt1cQ6Q8Y.jpg</fanart>
</item>
<item>
    <title>Full Metal Jacket</title>
    <meta>
        <imdb>tt0093058</imdb>
        <content>movie</content>
        <title>Full Metal Jacket</title>
        <year>1987</year>
    </meta>
    <link>
        <sublink>search</sublink>
        <sublink>searchsd</sublink>
    </link>
    <thumbnail>https://image.tmdb.org/t/p/w1280//29veIwD38rVL2qY74emXQw4y25H.jpg</thumbnail>
    <fanart>https://image.tmdb.org/t/p/w1280//nfm6JCKUaM6dT0mATmShLY6cpmc.jpg</fanart>
</item>
<item>
    <title>Fury</title>
    <meta>
        <imdb>tt2713180</imdb>
        <content>movie</content>
        <title>Fury</title>
        <year>2014</year>
    </meta>
    <link>
        <sublink>search</sublink>
        <sublink>searchsd</sublink>
    </link>
    <thumbnail>https://image.tmdb.org/t/p/w1280//pfte7wdMobMF4CVHuOxyu6oqeeA.jpg</thumbnail>
    <fanart>https://image.tmdb.org/t/p/w1280//pKawqrtCBMmxarft7o1LbEynys7.jpg</fanart>
</item>
<item>
    <title>Glory</title>
    <meta>
        <imdb>tt0097441</imdb>
        <content>movie</content>
        <title>Glory</title>
        <year>1989</year>
    </meta>
    <link>
        <sublink>search</sublink>
        <sublink>searchsd</sublink>
    </link>
    <thumbnail>https://image.tmdb.org/t/p/w1280//6pDBbYmR9iqg3IF8lgyY9pWFiqT.jpg</thumbnail>
    <fanart>https://image.tmdb.org/t/p/w1280//sqnYSuxXa0noQmz0VC6kNIBYIyj.jpg</fanart>
</item>
<item>
    <title>Good Morning, Vietnam</title>
    <meta>
        <imdb>tt0093105</imdb>
        <content>movie</content>
        <title>Good Morning, Vietnam</title>
        <year>1987</year>
    </meta>
    <link>
        <sublink>search</sublink>
        <sublink>searchsd</sublink>
    </link>
    <thumbnail>https://image.tmdb.org/t/p/w1280//62Ve2yREvobU0qo4DxdSrShh1YO.jpg</thumbnail>
    <fanart>https://image.tmdb.org/t/p/w1280//5HdzBJBdvaqpPHjbH3qcSqHPJ0S.jpg</fanart>
</item>
<item>
    <title>Gran Torino</title>
    <meta>
        <imdb>tt1205489</imdb>
        <content>movie</content>
        <title>Gran Torino</title>
        <year>2008</year>
    </meta>
    <link>
        <sublink>search</sublink>
        <sublink>searchsd</sublink>
    </link>
    <thumbnail>https://image.tmdb.org/t/p/w1280//yeBc5vpEiqIAZrbVQnl833GlBEi.jpg</thumbnail>
    <fanart>https://image.tmdb.org/t/p/w1280//f2fFY79HLf8FadJwoxHxuHN7Bzn.jpg</fanart>
</item>
<item>
    <title>The Great Escape</title>
    <meta>
        <imdb>tt0057115</imdb>
        <content>movie</content>
        <title>The Great Escape</title>
        <year>1963</year>
    </meta>
    <link>
        <sublink>search</sublink>
        <sublink>searchsd</sublink>
    </link>
    <thumbnail>https://image.tmdb.org/t/p/w1280//qhy4HgUqhEbwQ1ekKTv7yEB3b0e.jpg</thumbnail>
    <fanart>https://image.tmdb.org/t/p/w1280//ubbZeZzxccUDVwSo1E98XYcUFvt.jpg</fanart>
</item>
<item>
    <title>The Great Escape II: The Untold Story</title>
    <meta>
        <imdb>tt0095252</imdb>
        <content>movie</content>
        <title>The Great Escape II: The Untold Story</title>
        <year>1988</year>
    </meta>
    <link>
        <sublink>search</sublink>
        <sublink>searchsd</sublink>
    </link>
    <thumbnail>https://image.tmdb.org/t/p/w1280//uAmd5utHiV1kICIcYcOnyjyaejT.jpg</thumbnail>
    <fanart/>
</item>
<item>
    <title>Green Zone</title>
    <meta>
        <imdb>tt0947810</imdb>
        <content>movie</content>
        <title>Green Zone</title>
        <year>2010</year>
    </meta>
    <link>
        <sublink>search</sublink>
        <sublink>searchsd</sublink>
    </link>
    <thumbnail>https://image.tmdb.org/t/p/w1280//7O3IkeHvp1sq5yMN0O8FsTee1C0.jpg</thumbnail>
    <fanart>https://image.tmdb.org/t/p/w1280//lxxkBvUqfCDTh5o4Ny0RQ3CNwlG.jpg</fanart>
</item>
<item>
    <title>The Guns of Navarone</title>
    <meta>
        <imdb>tt0054953</imdb>
        <content>movie</content>
        <title>The Guns of Navarone</title>
        <year>1961</year>
    </meta>
    <link>
        <sublink>search</sublink>
        <sublink>searchsd</sublink>
    </link>
    <thumbnail>https://image.tmdb.org/t/p/w1280//4REb08G4Bk00lp9TFWjC6iEsStZ.jpg</thumbnail>
    <fanart>https://image.tmdb.org/t/p/w1280//oSUAezCAa2dXbkJblUqJQwcKVKK.jpg</fanart>
</item>
<item>
    <title>Hacksaw Ridge</title>
    <meta>
        <imdb>tt2119532</imdb>
        <content>movie</content>
        <title>Hacksaw Ridge</title>
        <year>2016</year>
    </meta>
    <link>
        <sublink>search</sublink>
        <sublink>searchsd</sublink>
    </link>
    <thumbnail>https://image.tmdb.org/t/p/w1280//bndiUFfJxNd2fYx8XO610L9a07m.jpg</thumbnail>
    <fanart>https://image.tmdb.org/t/p/w1280//zBK4QZONMQXhcgaJv1YYTdCW7q9.jpg</fanart>
</item>
<item>
    <title>Hamburger Hill</title>
    <meta>
        <imdb>tt0093137</imdb>
        <content>movie</content>
        <title>Hamburger Hill</title>
        <year>1987</year>
    </meta>
    <link>
        <sublink>search</sublink>
        <sublink>searchsd</sublink>
    </link>
    <thumbnail>https://image.tmdb.org/t/p/w1280//dv7kAXS2wFWuCdMmB1lw1dyo358.jpg</thumbnail>
    <fanart>https://image.tmdb.org/t/p/w1280//jZceVSceDrPN4qXodU2dvFAdFXB.jpg</fanart>
</item>
<item>
    <title>Hart's War</title>
    <meta>
        <imdb>tt0251114</imdb>
        <content>movie</content>
        <title>Hart's War</title>
        <year>2002</year>
    </meta>
    <link>
        <sublink>search</sublink>
        <sublink>searchsd</sublink>
    </link>
    <thumbnail>https://image.tmdb.org/t/p/w1280//yRUhSU7vzs5ePa72LNPcKKCCMZ5.jpg</thumbnail>
    <fanart>https://image.tmdb.org/t/p/w1280//7A6IWD6tA5h1zeVXJ8KtfqvDPmS.jpg</fanart>
</item>
<item>
    <title>Heartbreak Ridge</title>
    <meta>
        <imdb>tt0091187</imdb>
        <content>movie</content>
        <title>Heartbreak Ridge</title>
        <year>1986</year>
    </meta>
    <link>
        <sublink>search</sublink>
        <sublink>searchsd</sublink>
    </link>
    <thumbnail>https://image.tmdb.org/t/p/w1280//hbKkfRpjtoCYabxEmhklM6MhF7g.jpg</thumbnail>
    <fanart>https://image.tmdb.org/t/p/w1280//AjE2mqKN5qulD1TOugPiT9kvuZp.jpg</fanart>
</item>
<item>
    <title>The Hill</title>
    <meta>
        <imdb>tt0059274</imdb>
        <content>movie</content>
        <title>The Hill</title>
        <year>1965</year>
    </meta>
    <link>
        <sublink>search</sublink>
        <sublink>searchsd</sublink>
    </link>
    <thumbnail>https://image.tmdb.org/t/p/w1280//4ZQcVEkj3Ru2FKSczz068cVdDtk.jpg</thumbnail>
    <fanart>https://image.tmdb.org/t/p/w1280//cs63mPQ8ctMj4nSRHpwbDzHI8uU.jpg</fanart>
</item>
<item>
    <title>Home of the Brave</title>
    <meta>
        <imdb>tt0763840</imdb>
        <content>movie</content>
        <title>Home of the Brave</title>
        <year>2006</year>
    </meta>
    <link>
        <sublink>search</sublink>
        <sublink>searchsd</sublink>
    </link>
    <thumbnail>https://image.tmdb.org/t/p/w1280//tdWD0m4sZ5rLzOf2KtriLb3Mu85.jpg</thumbnail>
    <fanart>https://image.tmdb.org/t/p/w1280//8ecDem8Hpn4KBxK8lPqYslNpmIz.jpg</fanart>
</item>
<item>
    <title>The Hurt Locker</title>
    <meta>
        <imdb>tt0887912</imdb>
        <content>movie</content>
        <title>The Hurt Locker</title>
        <year>2008</year>
    </meta>
    <link>
        <sublink>search</sublink>
        <sublink>searchsd</sublink>
    </link>
    <thumbnail>https://image.tmdb.org/t/p/w1280//uduCNFTuEcbvhvK8rrvNdf3ahzW.jpg</thumbnail>
    <fanart>https://image.tmdb.org/t/p/w1280//3iPnZOXR9mpcK8RwvAW7b7Axr8v.jpg</fanart>
</item>
<item>
    <title>Days of Glory</title>
    <meta>
        <imdb>tt0444182</imdb>
        <content>movie</content>
        <title>Days of Glory</title>
        <year>2006</year>
    </meta>
    <link>
        <sublink>search</sublink>
        <sublink>searchsd</sublink>
    </link>
    <thumbnail>https://image.tmdb.org/t/p/w1280//kVXGxm7xEjz5cFEXqwWf1bjYOBE.jpg</thumbnail>
    <fanart>https://image.tmdb.org/t/p/w1280//uVUqJ7tsyAWoM7uxSeE76t86h0t.jpg</fanart>
</item>
<item>
    <title>Inglourious Basterds</title>
    <meta>
        <imdb>tt0361748</imdb>
        <content>movie</content>
        <title>Inglourious Basterds</title>
        <year>2009</year>
    </meta>
    <link>
        <sublink>search</sublink>
        <sublink>searchsd</sublink>
    </link>
    <thumbnail>https://image.tmdb.org/t/p/w1280//ai0LXkzVM3hMjDhvFdKMUemoBe.jpg</thumbnail>
    <fanart>https://image.tmdb.org/t/p/w1280//7nF6B9yCEq1ZCT82sGJVtNxOcl5.jpg</fanart>
</item>
<item>
    <title>Jarhead</title>
    <meta>
        <imdb>tt0418763</imdb>
        <content>movie</content>
        <title>Jarhead</title>
        <year>2005</year>
    </meta>
    <link>
        <sublink>search</sublink>
        <sublink>searchsd</sublink>
    </link>
    <thumbnail>https://image.tmdb.org/t/p/w1280//kmbyO0XUHRHcMyxVSZAWDdrpxIu.jpg</thumbnail>
    <fanart>https://image.tmdb.org/t/p/w1280//shg7ZGAGVxhM9ZfOtV6bp93QZwt.jpg</fanart>
</item>
<item>
    <title>Jarhead 2: Field of Fire</title>
    <meta>
        <imdb>tt3699508</imdb>
        <content>movie</content>
        <title>Jarhead 2: Field of Fire</title>
        <year>2014</year>
    </meta>
    <link>
        <sublink>search</sublink>
        <sublink>searchsd</sublink>
    </link>
    <thumbnail>https://image.tmdb.org/t/p/w1280//723etWj5uk3yekIXnzCGVQPR8sp.jpg</thumbnail>
    <fanart>https://image.tmdb.org/t/p/w1280//tkxq8pg3TY5AroMuV4ZSUa83DWG.jpg</fanart>
</item>
<item>
    <title>Jarhead 3: The Siege</title>
    <meta>
        <imdb>tt4616014</imdb>
        <content>movie</content>
        <title>Jarhead 3: The Siege</title>
        <year>2016</year>
    </meta>
    <link>
        <sublink>search</sublink>
        <sublink>searchsd</sublink>
    </link>
    <thumbnail>https://image.tmdb.org/t/p/w1280//dMSGHERrKfbKqRwhQNb2oqYJvO6.jpg</thumbnail>
    <fanart>https://image.tmdb.org/t/p/w1280//d8N4CM46TwQRCL8JLcUF1reUgW4.jpg</fanart>
</item>
<item>
    <title>Katyn</title>
    <meta>
        <imdb>tt0879843</imdb>
        <content>movie</content>
        <title>Katyn</title>
        <year>2007</year>
    </meta>
    <link>
        <sublink>search</sublink>
        <sublink>searchsd</sublink>
    </link>
    <thumbnail>https://image.tmdb.org/t/p/w1280//yNOxe78EYZO5LcQTfDwTeIuvDcK.jpg</thumbnail>
    <fanart>https://image.tmdb.org/t/p/w1280//pE6azU9L4FLAtfq8KOnwawUespQ.jpg</fanart>
</item>
<item>
    <title>The King's Choice</title>
    <meta>
        <imdb>tt4353996</imdb>
        <content>movie</content>
        <title>The King's Choice</title>
        <year>2016</year>
    </meta>
    <link>
        <sublink>search</sublink>
        <sublink>searchsd</sublink>
    </link>
    <thumbnail>https://image.tmdb.org/t/p/w1280//9NNxwavpQoaBTt696o0QHKoUM7g.jpg</thumbnail>
    <fanart>https://image.tmdb.org/t/p/w1280//5Kelu1OhtOGGd6ayzMxILVrR6UK.jpg</fanart>
</item>
<item>
    <title>Last Flag Flying</title>
    <meta>
        <imdb>tt6018306</imdb>
        <content>movie</content>
        <title>Last Flag Flying</title>
        <year>2017</year>
    </meta>
    <link>
        <sublink>search</sublink>
        <sublink>searchsd</sublink>
    </link>
    <thumbnail>https://image.tmdb.org/t/p/w1280//pizynKUzJ9YucGff1O1MYisY1WM.jpg</thumbnail>
    <fanart>https://image.tmdb.org/t/p/w1280//xHPH0QvysNtrJA3HkFI0rtOKYm1.jpg</fanart>
</item>
<item>
    <title>Lawrence of Arabia</title>
    <meta>
        <imdb>tt0056172</imdb>
        <content>movie</content>
        <title>Lawrence of Arabia</title>
        <year>1962</year>
    </meta>
    <link>
        <sublink>search</sublink>
        <sublink>searchsd</sublink>
    </link>
    <thumbnail>https://image.tmdb.org/t/p/w1280//j21UXCOq0EbV8EPTtmPn1CGePfB.jpg</thumbnail>
    <fanart>https://image.tmdb.org/t/p/w1280//lENerYvUcfl9GlolqA1emj5gb4k.jpg</fanart>
</item>
<item>
    <title>Letters from Baghdad</title>
    <meta>
        <imdb>tt6086614</imdb>
        <content>movie</content>
        <title>Letters from Baghdad</title>
        <year>2016</year>
    </meta>
    <link>
        <sublink>search</sublink>
        <sublink>searchsd</sublink>
    </link>
    <thumbnail>https://image.tmdb.org/t/p/w1280//9YaJ589jqiO0AsQhvsBw9sGUZQc.jpg</thumbnail>
    <fanart>https://image.tmdb.org/t/p/w1280//ywogXOiBS7uLt5TWl4ghdEWPKgp.jpg</fanart>
</item>
<item>
    <title>Letters from Iwo Jima</title>
    <meta>
        <imdb>tt0498380</imdb>
        <content>movie</content>
        <title>Letters from Iwo Jima</title>
        <year>2006</year>
    </meta>
    <link>
        <sublink>search</sublink>
        <sublink>searchsd</sublink>
    </link>
    <thumbnail>https://image.tmdb.org/t/p/w1280//nWJJqOryTQOmVXvKUkLcEETUHgT.jpg</thumbnail>
    <fanart>https://image.tmdb.org/t/p/w1280//iMiKWZFILSbzwFWdp30mS1HciT7.jpg</fanart>
</item>
<item>
    <title>Lions for Lambs</title>
    <meta>
        <imdb>tt0891527</imdb>
        <content>movie</content>
        <title>Lions for Lambs</title>
        <year>2007</year>
    </meta>
    <link>
        <sublink>search</sublink>
        <sublink>searchsd</sublink>
    </link>
    <thumbnail>https://image.tmdb.org/t/p/w1280//iLuo4swOCHF2a8BlaxXZGdqETUs.jpg</thumbnail>
    <fanart>https://image.tmdb.org/t/p/w1280//wEjX9ZSTJ2VYjDOkbFccZKJPqYK.jpg</fanart>
</item>
<item>
    <title>Lone Survivor</title>
    <meta>
        <imdb>tt1091191</imdb>
        <content>movie</content>
        <title>Lone Survivor</title>
        <year>2013</year>
    </meta>
    <link>
        <sublink>search</sublink>
        <sublink>searchsd</sublink>
    </link>
    <thumbnail>https://image.tmdb.org/t/p/w1280//8ST6iVp3fkUSbUpXRAc2Q96YQRk.jpg</thumbnail>
    <fanart>https://image.tmdb.org/t/p/w1280//pPFbXcONHBntJIAsEn8TaIPPCpZ.jpg</fanart>
</item>
<item>
    <title>The Longest Day</title>
    <meta>
        <imdb>tt0056197</imdb>
        <content>movie</content>
        <title>The Longest Day</title>
        <year>1962</year>
    </meta>
    <link>
        <sublink>search</sublink>
        <sublink>searchsd</sublink>
    </link>
    <thumbnail>https://image.tmdb.org/t/p/w1280//oiZn5znggo1G5CbXUNyF3UK8zqj.jpg</thumbnail>
    <fanart>https://image.tmdb.org/t/p/w1280//s5rP9nQ6fqvhkrpBEe4JrSRMmOf.jpg</fanart>
</item>
<item>
    <title>The Lost Battalion</title>
    <meta>
        <imdb>tt0287535</imdb>
        <content>movie</content>
        <title>The Lost Battalion</title>
        <year>2001</year>
    </meta>
    <link>
        <sublink>search</sublink>
        <sublink>searchsd</sublink>
    </link>
    <thumbnail>https://image.tmdb.org/t/p/w1280//tvOtcDgENsSkN78hPqkzF5etrGm.jpg</thumbnail>
    <fanart>https://image.tmdb.org/t/p/w1280//Gtm7Kd276QgyH90VYbseQYVv4O.jpg</fanart>
</item>
<item>
    <title>Love and Honor</title>
    <meta>
        <imdb>tt1976989</imdb>
        <content>movie</content>
        <title>Love and Honor</title>
        <year>2013</year>
    </meta>
    <link>
        <sublink>search</sublink>
        <sublink>searchsd</sublink>
    </link>
    <thumbnail>https://image.tmdb.org/t/p/w1280//e5R69Z5FviS3Ngp23IExu9G3rTW.jpg</thumbnail>
    <fanart>https://image.tmdb.org/t/p/w1280//9KixRGJrkgVMC7EERMyqvlwNnt4.jpg</fanart>
</item>
<item>
    <title>The Man with the Iron Heart</title>
    <meta>
        <imdb>tt3296908</imdb>
        <content>movie</content>
        <title>The Man with the Iron Heart</title>
        <year>2017</year>
    </meta>
    <link>
        <sublink>search</sublink>
        <sublink>searchsd</sublink>
    </link>
    <thumbnail>https://image.tmdb.org/t/p/w1280//ZVQfCY2DgCjrm8w2saXvT8Ao3B.jpg</thumbnail>
    <fanart>https://image.tmdb.org/t/p/w1280//3yd3Ae2X9KkKBHFG4WZexFVvkd8.jpg</fanart>
</item>
<item>
    <title>Megan Leavey</title>
    <meta>
        <imdb>tt4899370</imdb>
        <content>movie</content>
        <title>Megan Leavey</title>
        <year>2017</year>
    </meta>
    <link>
        <sublink>search</sublink>
        <sublink>searchsd</sublink>
    </link>
    <thumbnail>https://image.tmdb.org/t/p/w1280//yq66hYkXFaj2DDqCkF6T2wT7VxQ.jpg</thumbnail>
    <fanart>https://image.tmdb.org/t/p/w1280//lrHfbfrEl9keXee7lLngtKtStS8.jpg</fanart>
</item>
<item>
    <title>Men of Honor</title>
    <meta>
        <imdb>tt0203019</imdb>
        <content>movie</content>
        <title>Men of Honor</title>
        <year>2000</year>
    </meta>
    <link>
        <sublink>search</sublink>
        <sublink>searchsd</sublink>
    </link>
    <thumbnail>https://image.tmdb.org/t/p/w1280//4mCuFJ0r3lV1A8Vj5tq6O9aBpjZ.jpg</thumbnail>
    <fanart>https://image.tmdb.org/t/p/w1280//7wVtInOyDrYlcZGQcaGGH4rm8iJ.jpg</fanart>
</item>
<item>
    <title>Midway</title>
    <meta>
        <imdb>tt0074899</imdb>
        <content>movie</content>
        <title>Midway</title>
        <year>1976</year>
    </meta>
    <link>
        <sublink>search</sublink>
        <sublink>searchsd</sublink>
    </link>
    <thumbnail>https://image.tmdb.org/t/p/w1280//2JF27vjTCCneksfgzTQgUanP79x.jpg</thumbnail>
    <fanart>https://image.tmdb.org/t/p/w1280//6jeTEV03QLsjkEomKM6XhjoVJch.jpg</fanart>
</item>
<item>
    <title>Mine</title>
    <meta>
        <imdb>tt3707104</imdb>
        <content>movie</content>
        <title>Mine</title>
        <year>2016</year>
    </meta>
    <link>
        <sublink>search</sublink>
        <sublink>searchsd</sublink>
    </link>
    <thumbnail>https://image.tmdb.org/t/p/w1280//xfQV6nTH6zpvhmdcTOoBR2Q4Z2M.jpg</thumbnail>
    <fanart>https://image.tmdb.org/t/p/w1280//dEJryRu1avfAiRF2jZ90Iq14TPP.jpg</fanart>
</item>
<item>
    <title>One Soldier's Story: The Journey of American Sniper</title>
    <meta>
        <imdb>tt4781700</imdb>
        <content>movie</content>
        <title>One Soldier's Story: The Journey of American Sniper</title>
        <year>2015</year>
    </meta>
    <link>
        <sublink>search</sublink>
        <sublink>searchsd</sublink>
    </link>
    <thumbnail>https://image.tmdb.org/t/p/w1280//7ysuEOf4NofVdDabP1f8WxDLEgV.jpg</thumbnail>
    <fanart>https://image.tmdb.org/t/p/w1280//piYQ6BOdWZ1Jw59Fej57RHpH0dv.jpg</fanart>
</item>
<item>
    <title>Operation Dunkirk</title>
    <meta>
        <imdb>tt6836772</imdb>
        <content>movie</content>
        <title>Operation Dunkirk</title>
        <year>2017</year>
    </meta>
    <link>
        <sublink>search</sublink>
        <sublink>searchsd</sublink>
    </link>
    <thumbnail>https://image.tmdb.org/t/p/w1280//zJZcdzN7J6x1240pM1eJT6Ic7Oe.jpg</thumbnail>
    <fanart>https://image.tmdb.org/t/p/w1280//eMjAkh0Xnfy8LDPFuMsGfPd3F0C.jpg</fanart>
</item>
<item>
    <title>Operation Pacific</title>
    <meta>
        <imdb>tt0043887</imdb>
        <content>movie</content>
        <title>Operation Pacific</title>
        <year>1951</year>
    </meta>
    <link>
        <sublink>search</sublink>
        <sublink>searchsd</sublink>
    </link>
    <thumbnail>https://image.tmdb.org/t/p/w1280//59Lh5KFTg7LzBMSng8qZIkcngig.jpg</thumbnail>
    <fanart>https://image.tmdb.org/t/p/w1280//pe2M2YNVcNEFY8krALHTUVXyQaC.jpg</fanart>
</item>
<dir>
    <title>The Pacific</title>
    <meta>
        <imdb>tt0374463</imdb>
        <content>tvshow</content>
        <tvshowtitle>The Pacific</tvshowtitle>
        <year>2010</year>
    </meta>
    <link>tmdb_tv_show(16997, 2010, The Pacific)</link>
    <thumbnail>https://image.tmdb.org/t/p/w1280//xV7FKNqOwnO3aJSiRM8WCrwdRS8.jpg</thumbnail>
    <fanart>https://image.tmdb.org/t/p/w1280//jPT0fSpq1VPgqFbOgQgrG88u6ao.jpg</fanart>
</dir>
<item>
    <title>Paths of Glory</title>
    <meta>
        <imdb>tt0050825</imdb>
        <content>movie</content>
        <title>Paths of Glory</title>
        <year>1957</year>
    </meta>
    <link>
        <sublink>search</sublink>
        <sublink>searchsd</sublink>
    </link>
    <thumbnail>https://image.tmdb.org/t/p/w1280//f3DEXseCs3WBtvCv9pVPCtoluuG.jpg</thumbnail>
    <fanart>https://image.tmdb.org/t/p/w1280//vSDl3hqsxxNaj0tE5ZLsTQeL0dS.jpg</fanart>
</item>
<item>
    <title>Patton</title>
    <meta>
        <imdb>tt0066206</imdb>
        <content>movie</content>
        <title>Patton</title>
        <year>1970</year>
    </meta>
    <link>
        <sublink>search</sublink>
        <sublink>searchsd</sublink>
    </link>
    <thumbnail>https://image.tmdb.org/t/p/w1280//6pyN7udgYaGr6uNIP2MuLUcqmPh.jpg</thumbnail>
    <fanart>https://image.tmdb.org/t/p/w1280//iCLuDtSSU0cFLH1oTM1828STIOB.jpg</fanart>
</item>
<item>
    <title>Pearl Harbor</title>
    <meta>
        <imdb>tt0213149</imdb>
        <content>movie</content>
        <title>Pearl Harbor</title>
        <year>2001</year>
    </meta>
    <link>
        <sublink>search</sublink>
        <sublink>searchsd</sublink>
    </link>
    <thumbnail>https://image.tmdb.org/t/p/w1280//gzjMpcyV1RksWonaA87DZ8wQTH0.jpg</thumbnail>
    <fanart>https://image.tmdb.org/t/p/w1280//cDctk61tUeQz4LX7tTFPknI28ea.jpg</fanart>
</item>
<item>
    <title>Platoon</title>
    <meta>
        <imdb>tt0091763</imdb>
        <content>movie</content>
        <title>Platoon</title>
        <year>1986</year>
    </meta>
    <link>
        <sublink>search</sublink>
        <sublink>searchsd</sublink>
    </link>
    <thumbnail>https://image.tmdb.org/t/p/w1280//sYPOQI57JVNmjiLI3KeZ5KA8O9i.jpg</thumbnail>
    <fanart>https://image.tmdb.org/t/p/w1280//ufqPsRItWyFzdFz3MevDkxRF8pT.jpg</fanart>
</item>
<item>
    <title>Pork Chop Hill</title>
    <meta>
        <imdb>tt0053183</imdb>
        <content>movie</content>
        <title>Pork Chop Hill</title>
        <year>1959</year>
    </meta>
    <link>
        <sublink>search</sublink>
        <sublink>searchsd</sublink>
    </link>
    <thumbnail>https://image.tmdb.org/t/p/w1280//3EJmYJyj2eyDArf36EXttVak3I3.jpg</thumbnail>
    <fanart>https://image.tmdb.org/t/p/w1280//3Zgga09C6ufIcyOob7xdR03LSl5.jpg</fanart>
</item>
<item>
    <title>Rambo</title>
    <meta>
        <imdb>tt0462499</imdb>
        <content>movie</content>
        <title>Rambo</title>
        <year>2008</year>
    </meta>
    <link>
        <sublink>search</sublink>
        <sublink>searchsd</sublink>
    </link>
    <thumbnail>https://image.tmdb.org/t/p/w1280//ec1m7YgBYb4os06OSNW3QBaNYqZ.jpg</thumbnail>
    <fanart>https://image.tmdb.org/t/p/w1280//mgSMefETH89UnNWMffevxZPKDnO.jpg</fanart>
</item>
<item>
    <title>Rambo III</title>
    <meta>
        <imdb>tt0095956</imdb>
        <content>movie</content>
        <title>Rambo III</title>
        <year>1988</year>
    </meta>
    <link>
        <sublink>search</sublink>
        <sublink>searchsd</sublink>
    </link>
    <thumbnail>https://image.tmdb.org/t/p/w1280//oCD41FfUs1OMCdPaf5EcJ6dxxMW.jpg</thumbnail>
    <fanart>https://image.tmdb.org/t/p/w1280//mx0x96S8ZCXXoSxFinMbyI1117f.jpg</fanart>
</item>
<item>
    <title>Rambo: First Blood Part II</title>
    <meta>
        <imdb>tt0089880</imdb>
        <content>movie</content>
        <title>Rambo: First Blood Part II</title>
        <year>1985</year>
    </meta>
    <link>
        <sublink>search</sublink>
        <sublink>searchsd</sublink>
    </link>
    <thumbnail>https://image.tmdb.org/t/p/w1280//l6zUaYqaQ5TFokesv3BPzBvSN0.jpg</thumbnail>
    <fanart>https://image.tmdb.org/t/p/w1280//2a8Dr2iHznBKjdpXceVRmpxQEgm.jpg</fanart>
</item>
<item>
    <title>Redacted</title>
    <meta>
        <imdb>tt0937237</imdb>
        <content>movie</content>
        <title>Redacted</title>
        <year>2007</year>
    </meta>
    <link>
        <sublink>search</sublink>
        <sublink>searchsd</sublink>
    </link>
    <thumbnail>https://image.tmdb.org/t/p/w1280//59SCyrGk5KtTtqZg16QmHx7BInt.jpg</thumbnail>
    <fanart>https://image.tmdb.org/t/p/w1280//ejxWJ819RLeySKRq3FcCzRfpZNs.jpg</fanart>
</item>
<item>
    <title>Renegades</title>
    <meta>
        <imdb>tt4106376</imdb>
        <content>movie</content>
        <title>Renegades</title>
        <year>2017</year>
    </meta>
    <link>
        <sublink>search</sublink>
        <sublink>searchsd</sublink>
    </link>
    <thumbnail>https://image.tmdb.org/t/p/w1280//hx4nxhesaagsvJNhRw2fTobg8o.jpg</thumbnail>
    <fanart>https://image.tmdb.org/t/p/w1280//1mgNutzOvNtzO1rncsHc7Eju4Y7.jpg</fanart>
</item>
<item>
    <title>Rescue Dawn</title>
    <meta>
        <imdb>tt0462504</imdb>
        <content>movie</content>
        <title>Rescue Dawn</title>
        <year>2006</year>
    </meta>
    <link>
        <sublink>search</sublink>
        <sublink>searchsd</sublink>
    </link>
    <thumbnail>https://image.tmdb.org/t/p/w1280//sNQ1drGljoZ0PpCJoKYtIDiNQ61.jpg</thumbnail>
    <fanart>https://image.tmdb.org/t/p/w1280//bj1ZF5vj23N8pFIGlG2f7IPTtpf.jpg</fanart>
</item>
<item>
    <title>Rommel</title>
    <meta>
        <imdb>tt2157346</imdb>
        <content>movie</content>
        <title>Rommel</title>
        <year>2012</year>
    </meta>
    <link>
        <sublink>search</sublink>
        <sublink>searchsd</sublink>
    </link>
    <thumbnail>https://image.tmdb.org/t/p/w1280//99QvumY17NTE20M38CkNYSxswsl.jpg</thumbnail>
    <fanart>https://image.tmdb.org/t/p/w1280//kqaZy547ohe31Qx8MeoKx4OPMtO.jpg</fanart>
</item>
<item>
    <title>Salvador</title>
    <meta>
        <imdb>tt0091886</imdb>
        <content>movie</content>
        <title>Salvador</title>
        <year>1986</year>
    </meta>
    <link>
        <sublink>search</sublink>
        <sublink>searchsd</sublink>
    </link>
    <thumbnail>https://image.tmdb.org/t/p/w1280//1aNbLMXB2E7e00ko2rDPEyogI9A.jpg</thumbnail>
    <fanart>https://image.tmdb.org/t/p/w1280//iYf4NUl5NL8aYXnSsNEK8lC8x3e.jpg</fanart>
</item>
<item>
    <title>Sand Castle</title>
    <meta>
        <imdb>tt2582576</imdb>
        <content>movie</content>
        <title>Sand Castle</title>
        <year>2017</year>
    </meta>
    <link>
        <sublink>search</sublink>
        <sublink>searchsd</sublink>
    </link>
    <thumbnail>https://image.tmdb.org/t/p/w1280//c9buG2jVRgAu68E4D4jpwlgqhO1.jpg</thumbnail>
    <fanart>https://image.tmdb.org/t/p/w1280//eM9MZ1dhDCbRzwQg0FWpWWtLPMn.jpg</fanart>
</item>
<item>
    <title>Sands of Iwo Jima</title>
    <meta>
        <imdb>tt0041841</imdb>
        <content>movie</content>
        <title>Sands of Iwo Jima</title>
        <year>1949</year>
    </meta>
    <link>
        <sublink>search</sublink>
        <sublink>searchsd</sublink>
    </link>
    <thumbnail>https://image.tmdb.org/t/p/w1280//utpy9JLuyhsxpw2E3yExw23f3eS.jpg</thumbnail>
    <fanart>https://image.tmdb.org/t/p/w1280//upb2343U23pPcEFcHAzX1SXfEHf.jpg</fanart>
</item>
<item>
    <title>Saving Private Ryan</title>
    <meta>
        <imdb>tt0120815</imdb>
        <content>movie</content>
        <title>Saving Private Ryan</title>
        <year>1998</year>
    </meta>
    <link>
        <sublink>search</sublink>
        <sublink>searchsd</sublink>
    </link>
    <thumbnail>https://image.tmdb.org/t/p/w1280//miDoEMlYDJhOCvxlzI0wZqBs9Yt.jpg</thumbnail>
    <fanart>https://image.tmdb.org/t/p/w1280//gRtLcCQOpYUI9ThdVzi4VUP8QO3.jpg</fanart>
</item>
<item>
    <title>Sergeant York</title>
    <meta>
        <imdb>tt0034167</imdb>
        <content>movie</content>
        <title>Sergeant York</title>
        <year>1941</year>
    </meta>
    <link>
        <sublink>search</sublink>
        <sublink>searchsd</sublink>
    </link>
    <thumbnail>https://image.tmdb.org/t/p/w1280//2oQZp8RMxUNW6NwE1HdZuy8kWvV.jpg</thumbnail>
    <fanart>https://image.tmdb.org/t/p/w1280//bdlPChI9zgbEp8Nr0Vme2TRCk8u.jpg</fanart>
</item>
<item>
    <title>The Siege of Jadotville</title>
    <meta>
        <imdb>tt3922798</imdb>
        <content>movie</content>
        <title>The Siege of Jadotville</title>
        <year>2016</year>
    </meta>
    <link>
        <sublink>search</sublink>
        <sublink>searchsd</sublink>
    </link>
    <thumbnail>https://image.tmdb.org/t/p/w1280//9r21jawIp226dlQ8dLzwSBrRDNY.jpg</thumbnail>
    <fanart>https://image.tmdb.org/t/p/w1280//lwIVCU2LozEIVaGRZs4CMTdk4wc.jpg</fanart>
</item>
<item>
    <title>As Far As My Feet Will Carry ME</title>
    <meta>
        <imdb/>
        <content>movie</content>
        <title>As Far As My Feet Will Carry ME</title>
        <year>2001</year>
    </meta>
    <link>
        <sublink>search</sublink>
        <sublink>searchsd</sublink>
    </link>
    <thumbnail>https://image.tmdb.org/t/p/w1280//pxQUNOx9IMrYhc7Uzyv64WgXdw1.jpg</thumbnail>
    <fanart/>
</item>
<item>
    <title>Soldiers Of The Damned</title>
    <meta>
        <imdb>tt2396671</imdb>
        <content>movie</content>
        <title>Soldiers Of The Damned</title>
        <year>2017</year>
    </meta>
    <link>
        <sublink>search</sublink>
        <sublink>searchsd</sublink>
    </link>
    <thumbnail>https://image.tmdb.org/t/p/w1280//itdfycoMpjGWiGdjLUKMdAe9oQ5.jpg</thumbnail>
    <fanart>https://image.tmdb.org/t/p/w1280//4KTHZhKB5JPKRv1QuBc6Tt2R1aG.jpg</fanart>
</item>
<item>
    <title>Stalingrad</title>
    <meta>
        <imdb>tt0108211</imdb>
        <content>movie</content>
        <title>Stalingrad</title>
        <year>1993</year>
    </meta>
    <link>
        <sublink>search</sublink>
        <sublink>searchsd</sublink>
    </link>
    <thumbnail>https://image.tmdb.org/t/p/w1280//hmk6RDLpScF7lpHYRuJvwRSug18.jpg</thumbnail>
    <fanart>https://image.tmdb.org/t/p/w1280//aR7CYaB6h6rioF9SdBOsU4jDr7G.jpg</fanart>
</item>
<item>
    <title>The Winter War</title>
    <meta>
        <imdb>tt0098437</imdb>
        <content>movie</content>
        <title>The Winter War</title>
        <year>1989</year>
    </meta>
    <link>
        <sublink>search</sublink>
        <sublink>searchsd</sublink>
    </link>
    <thumbnail>https://image.tmdb.org/t/p/w1280//hoXzrghg8RMtw9ErlWZ6lfixOR9.jpg</thumbnail>
    <fanart>https://image.tmdb.org/t/p/w1280//5Spikk4HNlwtujd4GuWdQgxtiHa.jpg</fanart>
</item>
<item>
    <title>Thank You for Your Service</title>
    <meta>
        <imdb>tt2776878</imdb>
        <content>movie</content>
        <title>Thank You for Your Service</title>
        <year>2017</year>
    </meta>
    <link>
        <sublink>search</sublink>
        <sublink>searchsd</sublink>
    </link>
    <thumbnail>https://image.tmdb.org/t/p/w1280//z8OKWw6DAZAOyz8F421euawr3Hs.jpg</thumbnail>
    <fanart>https://image.tmdb.org/t/p/w1280//156zFVuXIUUZ3hhUbS7CiYRvwpj.jpg</fanart>
</item>
<item>
    <title>They Were Expendable</title>
    <meta>
        <imdb>tt0038160</imdb>
        <content>movie</content>
        <title>They Were Expendable</title>
        <year>1945</year>
    </meta>
    <link>
        <sublink>search</sublink>
        <sublink>searchsd</sublink>
    </link>
    <thumbnail>https://image.tmdb.org/t/p/w1280//p6ezq35S7eMlqgN64f3rYgPBVFD.jpg</thumbnail>
    <fanart>https://image.tmdb.org/t/p/w1280//kYkKifko0cwoO3qhDHJigRXSRa2.jpg</fanart>
</item>
<item>
    <title>The Thin Red Line</title>
    <meta>
        <imdb>tt0120863</imdb>
        <content>movie</content>
        <title>The Thin Red Line</title>
        <year>1998</year>
    </meta>
    <link>
        <sublink>search</sublink>
        <sublink>searchsd</sublink>
    </link>
    <thumbnail>https://image.tmdb.org/t/p/w1280//jGDK6eM6vb8VEUmR0ZoaghcCG8f.jpg</thumbnail>
    <fanart>https://image.tmdb.org/t/p/w1280//sn0HQZthLpYamYb8VSPbEAWT4kF.jpg</fanart>
</item>
<item>
    <title>Three Kings</title>
    <meta>
        <imdb>tt0120188</imdb>
        <content>movie</content>
        <title>Three Kings</title>
        <year>1999</year>
    </meta>
    <link>
        <sublink>search</sublink>
        <sublink>searchsd</sublink>
    </link>
    <thumbnail>https://image.tmdb.org/t/p/w1280//7CPVhTgTU5s1a2chC4yne9FuYV7.jpg</thumbnail>
    <fanart>https://image.tmdb.org/t/p/w1280//d2fSA6N7xUvj5jA62SAsGvLdVk5.jpg</fanart>
</item>
<item>
    <title>Tigerland</title>
    <meta>
        <imdb>tt0170691</imdb>
        <content>movie</content>
        <title>Tigerland</title>
        <year>2000</year>
    </meta>
    <link>
        <sublink>search</sublink>
        <sublink>searchsd</sublink>
    </link>
    <thumbnail>https://image.tmdb.org/t/p/w1280//yyW54WcjMFX4NTRy1NnKIeaWhLS.jpg</thumbnail>
    <fanart>https://image.tmdb.org/t/p/w1280//fjHKnEnlgTswengC5eCjUM6by3m.jpg</fanart>
</item>
<item>
    <title>Top Gun</title>
    <meta>
        <imdb>tt0092099</imdb>
        <content>movie</content>
        <title>Top Gun</title>
        <year>1986</year>
    </meta>
    <link>
        <sublink>search</sublink>
        <sublink>searchsd</sublink>
    </link>
    <thumbnail>https://image.tmdb.org/t/p/w1280//orGXnBKfT41LxZhitLkXhqUfJJW.jpg</thumbnail>
    <fanart>https://image.tmdb.org/t/p/w1280//9GyBSsMiGkPSk4OESIYZuedijBI.jpg</fanart>
</item>
<item>
    <title>Tora! Tora! Tora!</title>
    <meta>
        <imdb>tt0066473</imdb>
        <content>movie</content>
        <title>Tora! Tora! Tora!</title>
        <year>1970</year>
    </meta>
    <link>
        <sublink>search</sublink>
        <sublink>searchsd</sublink>
    </link>
    <thumbnail>https://image.tmdb.org/t/p/w1280//njNKZEgVVTk7Q0Fir99fuvEMCf7.jpg</thumbnail>
    <fanart>https://image.tmdb.org/t/p/w1280//fztkRpVydDJKSo07oEdqOYTZF1q.jpg</fanart>
</item>
<item>
    <title>The True Story of Black Hawk Down</title>
    <meta>
        <imdb>tt0372579</imdb>
        <content>movie</content>
        <title>The True Story of Black Hawk Down</title>
        <year>2003</year>
    </meta>
    <link>
        <sublink>search</sublink>
        <sublink>searchsd</sublink>
    </link>
    <thumbnail>https://image.tmdb.org/t/p/w1280//1lYBwHZgHuJvHWnWnVzExDEC0a.jpg</thumbnail>
    <fanart>https://image.tmdb.org/t/p/w1280//eOr8SZqlrkpAdFhb7gyFqfnkbwt.jpg</fanart>
</item>
<dir>
    <title>Twelve O'Clock High</title>
    <meta>
        <imdb>tt0057793</imdb>
        <content>tvshow</content>
        <tvshowtitle>Twelve O'Clock High</tvshowtitle>
        <year>1964</year>
    </meta>
    <link>tmdb_tv_show(13905, 1964, Twelve O'Clock High)</link>
    <thumbnail>https://image.tmdb.org/t/p/w1280//7OcdqXqw13fvUC7mjFFLyw239ix.jpg</thumbnail>
    <fanart>https://image.tmdb.org/t/p/w1280//uVwpgONFTk730xrEieepqn5J4Jr.jpg</fanart>
</dir>
<item>
    <title>U-571</title>
    <meta>
        <imdb>tt0141926</imdb>
        <content>movie</content>
        <title>U-571</title>
        <year>2000</year>
    </meta>
    <link>
        <sublink>search</sublink>
        <sublink>searchsd</sublink>
    </link>
    <thumbnail>https://image.tmdb.org/t/p/w1280//6zdPIbSF9vxCBZpntNvishPo5ol.jpg</thumbnail>
    <fanart>https://image.tmdb.org/t/p/w1280//prGcR88VZWi7HsRyTdIJRjmHSgC.jpg</fanart>
</item>
<item>
    <title>Unbroken</title>
    <meta>
        <imdb>tt1809398</imdb>
        <content>movie</content>
        <title>Unbroken</title>
        <year>2014</year>
    </meta>
    <link>
        <sublink>search</sublink>
        <sublink>searchsd</sublink>
    </link>
    <thumbnail>https://image.tmdb.org/t/p/w1280//1un8i8UtCjSCnY3OfdxtB5kDRvF.jpg</thumbnail>
    <fanart>https://image.tmdb.org/t/p/w1280//eSbKT3v3RKFRGeOmxJbZhIvrevR.jpg</fanart>
</item>
<item>
    <title>Unfallen</title>
    <meta>
        <imdb>tt5632272</imdb>
        <content>movie</content>
        <title>Unfallen</title>
        <year>2017</year>
    </meta>
    <link>
        <sublink>search</sublink>
        <sublink>searchsd</sublink>
    </link>
    <thumbnail>https://image.tmdb.org/t/p/w1280//zXybaMMuVyrIXLasuWoA9Lqk4qf.jpg</thumbnail>
    <fanart>https://image.tmdb.org/t/p/w1280//yt5CjHmVaSBsOsFLHTjjZmjy70J.jpg</fanart>
</item>
<item>
    <title>Valkyrie</title>
    <meta>
        <imdb>tt0985699</imdb>
        <content>movie</content>
        <title>Valkyrie</title>
        <year>2008</year>
    </meta>
    <link>
        <sublink>search</sublink>
        <sublink>searchsd</sublink>
    </link>
    <thumbnail>https://image.tmdb.org/t/p/w1280//54GgkO63zZyJJb5Fk2CKvNIoUvr.jpg</thumbnail>
    <fanart>https://image.tmdb.org/t/p/w1280//ptNcTh2bewqzcV2qVpjDgsh6pTs.jpg</fanart>
</item>
<item>
    <title>The Wall</title>
    <meta>
        <imdb>tt4218696</imdb>
        <content>movie</content>
        <title>The Wall</title>
        <year>2017</year>
    </meta>
    <link>
        <sublink>search</sublink>
        <sublink>searchsd</sublink>
    </link>
    <thumbnail>https://image.tmdb.org/t/p/w1280//8POAZwZpp24l1IgKKM8ZRAQ2kid.jpg</thumbnail>
    <fanart>https://image.tmdb.org/t/p/w1280//eDw3ydtUpCE541mBFnEnSHyYuaH.jpg</fanart>
</item>
<item>
    <title>War Horse</title>
    <meta>
        <imdb>tt1568911</imdb>
        <content>movie</content>
        <title>War Horse</title>
        <year>2011</year>
    </meta>
    <link>
        <sublink>search</sublink>
        <sublink>searchsd</sublink>
    </link>
    <thumbnail>https://image.tmdb.org/t/p/w1280//6wMoQyJddEiLCzLUHiX7LNWhDol.jpg</thumbnail>
    <fanart>https://image.tmdb.org/t/p/w1280//iO4fslQ9CenAOcg3JfhN6o9va2.jpg</fanart>
</item>
<item>
    <title>The War at Home</title>
    <meta>
        <imdb>tt0118117</imdb>
        <content>movie</content>
        <title>The War at Home</title>
        <year>1996</year>
    </meta>
    <link>
        <sublink>search</sublink>
        <sublink>searchsd</sublink>
    </link>
    <thumbnail>https://image.tmdb.org/t/p/w1280//la11ac7YYCDBsizOkKxqwn71VKQ.jpg</thumbnail>
    <fanart>https://image.tmdb.org/t/p/w1280//34SVWEX4LogftDzb73QwbxGNOcp.jpg</fanart>
</item>
<item>
    <title>We Were Soldiers</title>
    <meta>
        <imdb>tt0277434</imdb>
        <content>movie</content>
        <title>We Were Soldiers</title>
        <year>2002</year>
    </meta>
    <link>
        <sublink>search</sublink>
        <sublink>searchsd</sublink>
    </link>
    <thumbnail>https://image.tmdb.org/t/p/w1280//kjG02l5Nqcgd3ZOb7aMBb9CIIIi.jpg</thumbnail>
    <fanart>https://image.tmdb.org/t/p/w1280//8ikyF16LecHlHkkMmuZJDV9GWa7.jpg</fanart>
</item>
<item>
    <title>Winter War</title>
    <meta>
        <imdb>tt6353716</imdb>
        <content>movie</content>
        <title>Winter War</title>
        <year>2017</year>
    </meta>
    <link>
        <sublink>search</sublink>
        <sublink>searchsd</sublink>
    </link>
    <thumbnail>https://image.tmdb.org/t/p/w1280//gwPL8EO9UGacZ0Sh4L7PiwEhHxd.jpg</thumbnail>
    <fanart>https://image.tmdb.org/t/p/w1280//o1sJxmT6yPqWKNnGHe30qEgWUS2.jpg</fanart>
</item>
<item>
    <title>Black Book</title>
    <meta>
        <imdb>tt0389557</imdb>
        <content>movie</content>
        <title>Black Book</title>
        <year>2006</year>
    </meta>
    <link>
        <sublink>search</sublink>
        <sublink>searchsd</sublink>
    </link>
    <thumbnail>https://image.tmdb.org/t/p/w1280//mvQj4ckJL7jP5MerFMnoONKjkHq.jpg</thumbnail>
    <fanart>https://image.tmdb.org/t/p/w1280//nHUgWsYFyDOKYf2AsDdHHlHmRtJ.jpg</fanart>
</item>
<item>
    <title>Fortress of War</title>
    <meta>
        <imdb>tt1343703</imdb>
        <content>movie</content>
        <title>Fortress of War</title>
        <year>2010</year>
    </meta>
    <link>
        <sublink>search</sublink>
        <sublink>searchsd</sublink>
    </link>
    <thumbnail>https://image.tmdb.org/t/p/w1280//hAaeoxdBHjvmtF04SdYURrxILCE.jpg</thumbnail>
    <fanart>https://image.tmdb.org/t/p/w1280//ztZiFOj7Hc2iqhbTsHa55C7DdkE.jpg</fanart>
</item>
<item>
    <title>Wolf Warrior 2</title>
    <meta>
        <imdb>tt7131870</imdb>
        <content>movie</content>
        <title>Wolf Warrior 2</title>
        <year>2017</year>
    </meta>
    <link>
        <sublink>search</sublink>
        <sublink>searchsd</sublink>
    </link>
    <thumbnail>https://image.tmdb.org/t/p/w1280//ophb3WpBZz5oNLoUbOTelvIzeku.jpg</thumbnail>
    <fanart>https://image.tmdb.org/t/p/w1280//dpbjivY5OdZjAr1gmRZVCsEkYRC.jpg</fanart>
</item>
<item>
    <title>Merry Christmas Mr. Lawrence</title>
    <meta>
        <imdb>tt0085933</imdb>
        <content>movie</content>
        <title>Merry Christmas Mr. Lawrence</title>
        <year>1983</year>
    </meta>
    <link>
        <sublink>search</sublink>
        <sublink>searchsd</sublink>
    </link>
    <thumbnail>https://image.tmdb.org/t/p/w1280//dusGjI5GPpdG6qbqXYGmTkAEmEb.jpg</thumbnail>
    <fanart>https://image.tmdb.org/t/p/w1280//7uGwihVQBdFTiBBLKDv7krhAnLE.jpg</fanart>
</item>
<item>
    <title>Fires on the Plain</title>
    <meta>
        <imdb>tt3893038</imdb>
        <content>movie</content>
        <title>Fires on the Plain</title>
        <year>2014</year>
    </meta>
    <link>
        <sublink>search</sublink>
        <sublink>searchsd</sublink>
    </link>
    <thumbnail>https://image.tmdb.org/t/p/w1280//JnLPMBZTg8tCpt5F54bNlLiwZA.jpg</thumbnail>
    <fanart>https://image.tmdb.org/t/p/w1280//cJc13wHSKjHI7rUbKkfmXzRRlFn.jpg</fanart>
</item>
<item>
    <title>The Front Line</title>
    <meta>
        <imdb>tt2007387</imdb>
        <content>movie</content>
        <title>The Front Line</title>
        <year>2011</year>
    </meta>
    <link>
        <sublink>search</sublink>
        <sublink>searchsd</sublink>
    </link>
    <thumbnail>https://image.tmdb.org/t/p/w1280//gMwoaKyFrS6WUFhvM3t3IFBoefJ.jpg</thumbnail>
    <fanart>https://image.tmdb.org/t/p/w1280//uOX9lSfQlfJEXlrwOZwEIBd6BZw.jpg</fanart>
</item>
<item>
    <title>Tae Guk Gi: The Brotherhood of War</title>
    <meta>
        <imdb>tt0386064</imdb>
        <content>movie</content>
        <title>Tae Guk Gi: The Brotherhood of War</title>
        <year>2004</year>
    </meta>
    <link>
        <sublink>search</sublink>
        <sublink>searchsd</sublink>
    </link>
    <thumbnail>https://image.tmdb.org/t/p/w1280//1SEDI2qeNZgBK5XiJfKwWTmhZqC.jpg</thumbnail>
    <fanart>https://image.tmdb.org/t/p/w1280//66qO1fhZZsRE9qGCVSoeC8lGl0F.jpg</fanart>
</item>
