<theknob>
    <dir>
        <title>Recent Videos</title>
        <cnw>recent</cnw>
        <thumbnail>special://home/addons/plugin.video.bobomk/resources/media/cnw.png</thumbnail>
    </dir>

    <dir>
        <title>Popular Videos</title>
        <cnw>popular</cnw>
        <thumbnail>special://home/addons/plugin.video.bobomk/resources/media/cnw.png</thumbnail>
    </dir>

    <dir>
        <title>Categories</title>
        <link>file://cnw/cats.xml</link>
        <thumbnail>special://home/addons/plugin.video.bobomk/resources/media/cnw.png</thumbnail>
    </dir>

    <dir>
        <title>Search for Celebrities</title>
        <cnw>search</cnw>
        <thumbnail>special://home/addons/plugin.video.bobomk/resources/media/cnw.png</thumbnail>
    </dir>
</theknob>
