<arrakis>
    <highlights>
        <plugin>
            <title>[COLOR orange][ MLB Highlights ][/COLOR]</title>
            <meta>
                <summary>MLB Highlight Channel</summary>
            </meta>
            <link>plugin://plugin.video.youtube/channel/UCoLrcjPV5PbUrUyXq5mjc_A/</link>
            <thumbnail>https://raw.githubusercontent.com/muaddibttv/artwork/master/sportshub/mlb.png</thumbnail>
        </plugin>

        <plugin>
            <title>[COLOR orange][ NBA Highlights ][/COLOR]</title>
            <meta>
                <summary>NBA Highlight Channel</summary>
            </meta>
            <link>plugin://plugin.video.youtube/channel/UCWJ2lWNubArHWmf3FIHbfcQ/</link>
            <thumbnail>https://raw.githubusercontent.com/muaddibttv/artwork/master/sportshub/nba.png</thumbnail>
        </plugin>

        <plugin>
            <title>[COLOR orange][ NFL Highlights ][/COLOR]</title>
            <meta>
                <summary>NFL Highlight Channel</summary>
            </meta>
            <link>plugin://plugin.video.youtube/channel/UCDVYQ4Zhbm3S2dlz7P1GBDg/</link>
            <thumbnail>https://raw.githubusercontent.com/muaddibttv/artwork/master/sportshub/nfl.png</thumbnail>
        </plugin>

        <plugin>
            <title>[COLOR orange][ NHL Highlights ][/COLOR]</title>
            <meta>
                <summary>NHL Highlight Channel</summary>
            </meta>
            <link>plugin://plugin.video.youtube/channel/UCqFMzb-4AUf6WAIbl132QKA/</link>
            <thumbnail>https://raw.githubusercontent.com/muaddibttv/artwork/master/sportshub/nhl.png</thumbnail>
        </plugin>
    </highlights>
</arrakis>
