<sportshub>
    <sportsmain>
        <dir>
            <title>[COLOR limegreen][ Live Sports ][/COLOR]</title>
            <meta>
                <summary>Live Sports Events and Sports Channels. If you can't find it here, you won't find it.</summary>
            </meta>
            <link>file://scrapers.xml</link>
            <thumbnail>https://raw.githubusercontent.com/muaddibttv/artwork/master/sportshub/onair.png</thumbnail>
        </dir>

        <dir>
            <title>[COLOR orange][ Highlights ][/COLOR]</title>
            <meta>
                <summary>North American Sports Highlights</summary>
            </meta>
            <link>file://highlights.xml</link>
            <thumbnail>https://raw.githubusercontent.com/muaddibttv/artwork/master/sportshub/highlights.png</thumbnail>
        </dir>

        <dir>
            <title>[COLOR yellow][ Pro Sports Archive ][/COLOR]</title>
            <meta>
                <summary>Pro Sports Replays</summary>
            </meta>
            <link>file://pro_archive.xml</link>
            <thumbnail>https://raw.githubusercontent.com/muaddibttv/artwork/master/sportshub/archiveicon.png</thumbnail>
        </dir>

        <dir>
            <title>[COLOR yellow][ Motor Archive ][/COLOR]</title>
            <meta>
                <summary>Replays for various motor sport organizations</summary>
            </meta>
            <link>file://moto_archive.xml</link>
            <thumbnail>https://raw.githubusercontent.com/muaddibttv/artwork/master/sportshub/motorarchive.png</thumbnail>
        </dir>

        <dir>
            <title>[COLOR yellow][ WWE Archive ][/COLOR]</title>
            <meta>
                <summary>Replays for various WWE Shows - These get taken down quickly, so be sure to watch them soon after airing so you do not miss them</summary>
            </meta>
            <link>file://wwe_archive.xml</link>
            <thumbnail>https://raw.githubusercontent.com/muaddibttv/artwork/master/sportshub/wwearchive.png</thumbnail>
        </dir>

        <dir>
            <title>[COLOR yellow][ General Archive ][/COLOR]</title>
            <meta>
                <summary>Covers replays from various sports such as Nascar, UFC, and so on. Maintained by another team with all credit to them, not me</summary>
            </meta>
            <arraki_air>YXBwV3RmMUdTOFBCQ2haYU58U3BvcnRzX3JlcGxheXN8NzAwfE5vbmV8R3JpZCB2aWV3fGtleU9IYXhzVEd6SFU5RUVo</arraki_air>
            <thumbnail>https://raw.githubusercontent.com/muaddibttv/artwork/master/sportshub/archiveicon.png</thumbnail>
        </dir>
    </sportsmain>
</sportshub>