<arrakis>
    <sportsmain>
        <dir>
            <title>[COLOR yellow][ FM ][/COLOR] Archive</title>
            <fullmatch>nba_replay/1</fullmatch>
            <thumbnail>https://raw.githubusercontent.com/muaddibttv/artwork/master/sportshub/nbaarchive.png</thumbnail>
        </dir>

        <dir>
            <title>[COLOR yellow][ NBAReplay ][/COLOR] Archive #1</title>
            <sportshub>nbareplayhd/6/1</sportshub>
            <thumbnail>https://raw.githubusercontent.com/muaddibttv/artwork/master/sportshub/nbaarchive.png</thumbnail>
        </dir>

        <dir>
            <title>[COLOR yellow][ NBAReplay ][/COLOR] Archive #2</title>
            <sportshub>nbareplayhd/43/1</sportshub>
            <thumbnail>https://raw.githubusercontent.com/muaddibttv/artwork/master/sportshub/nbaarchive.png</thumbnail>
        </dir>
    </sportsmain>
</arrakis>
