<sportshub>
    <pro_archive>
        <dir>
            <title>[COLOR yellow][ MLB Archive ][/COLOR]</title>
            <meta>
                <summary>Major League Baseball Replays</summary>
            </meta>
            <link>file://mlb_archive.xml</link>
            <thumbnail>https://raw.githubusercontent.com/muaddibttv/artwork/master/sportshub/mlbarchive.png</thumbnail>
        </dir>

        <dir>
            <title>[COLOR yellow][ NBA Archive ][/COLOR]</title>
            <meta>
                <summary>National Basketball Association Replays</summary>
            </meta>
            <link>file://nba_archive.xml</link>
            <thumbnail>https://raw.githubusercontent.com/muaddibttv/artwork/master/sportshub/nbaarchive.png</thumbnail>
        </dir>

        <dir>
            <title>[COLOR yellow][ NFL Archive ][/COLOR]</title>
            <meta>
                <summary>National Football League Replays</summary>
            </meta>
            <link>file://nfl_archive.xml</link>
            <thumbnail>https://raw.githubusercontent.com/muaddibttv/artwork/master/sportshub/nflarchive.png</thumbnail>
        </dir>

        <dir>
            <title>[COLOR yellow][ NHL Archive ][/COLOR]</title>
            <meta>
                <summary>National Hockey League Replays</summary>
            </meta>
            <link>file://nhl_archive.xml</link>
            <thumbnail>https://raw.githubusercontent.com/muaddibttv/artwork/master/sportshub/nhlarchive.png</thumbnail>
        </dir>
    </pro_archive>
</sportshub>