<item>
    <title>976-Evil II</title>
    <meta>
        <imdb>tt0101256</imdb>
        <content>movie</content>
        <title>976-Evil II</title>
        <year>1992</year>
    </meta>
    <link>
        <sublink>search</sublink>
        <sublink>searchsd</sublink>
    </link>
    <thumbnail>https://image.tmdb.org/t/p/w1280//aY3R5qHjk6KDkKeKvenVnAKIwDz.jpg</thumbnail>
    <fanart>https://image.tmdb.org/t/p/w1280//9LK9GhELxSehuJJloCMxoWw29l7.jpg</fanart>
</item>
<item>
    <title>Alien3</title>
    <meta>
        <imdb>tt0103644</imdb>
        <content>movie</content>
        <title>Alien3</title>
        <year>1992</year>
    </meta>
    <link>
        <sublink>search</sublink>
        <sublink>searchsd</sublink>
    </link>
    <thumbnail>https://image.tmdb.org/t/p/w1280//p7mUd9GpmCYV5qhkKGmiEerFK3i.jpg</thumbnail>
    <fanart>https://image.tmdb.org/t/p/w1280//oVV6z4Tqbklvy2uQAPAKZGokqzS.jpg</fanart>
</item>
<item>
    <title>Amityville 1992: It's About Time</title>
    <meta>
        <imdb>tt0103678</imdb>
        <content>movie</content>
        <title>Amityville 1992: It's About Time</title>
        <year>1992</year>
    </meta>
    <link>
        <sublink>search</sublink>
        <sublink>searchsd</sublink>
    </link>
    <thumbnail>https://image.tmdb.org/t/p/w1280//nJiglOtMoWIwBpiGLxMRVqk2GGG.jpg</thumbnail>
    <fanart>https://image.tmdb.org/t/p/w1280//zKQ6yUCmcaaHNUfNopSB9R27CTH.jpg</fanart>
</item>
<item>
    <title>Army of Darkness</title>
    <meta>
        <imdb>tt0106308</imdb>
        <content>movie</content>
        <title>Army of Darkness</title>
        <year>1992</year>
    </meta>
    <link>
        <sublink>search</sublink>
        <sublink>searchsd</sublink>
    </link>
    <thumbnail>https://image.tmdb.org/t/p/w1280//2eZKDIwLNnySbwqQtAaUz0kYDIL.jpg</thumbnail>
    <fanart>https://image.tmdb.org/t/p/w1280//iPBohQuaB2gJEgap3jhdfiaQ7Jm.jpg</fanart>
</item>
<item>
    <title>Benny's Video</title>
    <meta>
        <imdb>tt0103793</imdb>
        <content>movie</content>
        <title>Benny's Video</title>
        <year>1993</year>
    </meta>
    <link>
        <sublink>search</sublink>
        <sublink>searchsd</sublink>
    </link>
    <thumbnail>https://image.tmdb.org/t/p/w1280//ijTvqs8WDsr2XO38zbvLFR3ID6G.jpg</thumbnail>
    <fanart>https://image.tmdb.org/t/p/w1280//cQBJyOU2RD0aUhAYIZiFsOE74vd.jpg</fanart>
</item>
<item>
    <title>Dangerous Seductress</title>
    <meta>
        <imdb>tt0272063</imdb>
        <content>movie</content>
        <title>Dangerous Seductress</title>
        <year>1995</year>
    </meta>
    <link>
        <sublink>search</sublink>
        <sublink>searchsd</sublink>
    </link>
    <thumbnail>https://image.tmdb.org/t/p/w1280//nomNny1WdiZ2qxHwqs38g9JOPlT.jpg</thumbnail>
    <fanart>https://image.tmdb.org/t/p/w1280//sSPDZly2uuKmD453H8ZNFlFEsq8.jpg</fanart>
</item>
<item>
    <title>Bloodlust</title>
    <meta>
        <imdb>tt0103841</imdb>
        <content>movie</content>
        <title>Bloodlust</title>
        <year>1992</year>
    </meta>
    <link>
        <sublink>search</sublink>
        <sublink>searchsd</sublink>
    </link>
    <thumbnail>https://image.tmdb.org/t/p/w1280//oVa5uzRAB6bEn1NstS9xVzalWzk.jpg</thumbnail>
    <fanart>https://image.tmdb.org/t/p/w1280//7wcSjMQR0W2YjvwzIys9XAnKyel.jpg</fanart>
</item>
<item>
    <title>Buffy the Vampire Slayer</title>
    <meta>
        <imdb>tt0103893</imdb>
        <content>movie</content>
        <title>Buffy the Vampire Slayer</title>
        <year>1992</year>
    </meta>
    <link>
        <sublink>search</sublink>
        <sublink>searchsd</sublink>
    </link>
    <thumbnail>https://image.tmdb.org/t/p/w1280//r0feHChsxNVMpqwT6Wk9GIJxs2n.jpg</thumbnail>
    <fanart>https://image.tmdb.org/t/p/w1280//sEx5TxWlWynwZrqqXdPKbKJXQHl.jpg</fanart>
</item>
<item>
    <title>The Burning Moon</title>
    <meta>
        <imdb>tt0103898</imdb>
        <content>movie</content>
        <title>The Burning Moon</title>
        <year>1992</year>
    </meta>
    <link>
        <sublink>search</sublink>
        <sublink>searchsd</sublink>
    </link>
    <thumbnail>https://image.tmdb.org/t/p/w1280//exerHKAbpF5EAjfTfhVYsQcSecV.jpg</thumbnail>
    <fanart/>
</item>
<item>
    <title>Candyman</title>
    <meta>
        <imdb>tt0103919</imdb>
        <content>movie</content>
        <title>Candyman</title>
        <year>1992</year>
    </meta>
    <link>
        <sublink>search</sublink>
        <sublink>searchsd</sublink>
    </link>
    <thumbnail>https://image.tmdb.org/t/p/w1280//w5YQqrwzreHfa7RmXCB7rpLLxbe.jpg</thumbnail>
    <fanart>https://image.tmdb.org/t/p/w1280//ytzqiDJ1mixWxBhFr1Lmp0VZjtT.jpg</fanart>
</item>
<item>
    <title>Children of the Corn II: The Final Sacrifice</title>
    <meta>
        <imdb>tt0106557</imdb>
        <content>movie</content>
        <title>Children of the Corn II: The Final Sacrifice</title>
        <year>1993</year>
    </meta>
    <link>
        <sublink>search</sublink>
        <sublink>searchsd</sublink>
    </link>
    <thumbnail>https://image.tmdb.org/t/p/w1280//9rTfoxrfQTW0ckNWVYrrR38Ztym.jpg</thumbnail>
    <fanart>https://image.tmdb.org/t/p/w1280//o2lvPXjltJBDqYxnYE52fYIEoUX.jpg</fanart>
</item>
<item>
    <title>Critters 4</title>
    <meta>
        <imdb>tt0101628</imdb>
        <content>movie</content>
        <title>Critters 4</title>
        <year>1992</year>
    </meta>
    <link>
        <sublink>search</sublink>
        <sublink>searchsd</sublink>
    </link>
    <thumbnail>https://image.tmdb.org/t/p/w1280//w7AnAlh5wyR0ItcSg7CeFHDYONW.jpg</thumbnail>
    <fanart>https://image.tmdb.org/t/p/w1280//7GHXvhvildJxOnoK6EkufJa7LSl.jpg</fanart>
</item>
<item>
    <title>The Johnsons</title>
    <meta>
        <imdb>tt0104568</imdb>
        <content>movie</content>
        <title>The Johnsons</title>
        <year>1992</year>
    </meta>
    <link>
        <sublink>search</sublink>
        <sublink>searchsd</sublink>
    </link>
    <thumbnail>https://image.tmdb.org/t/p/w1280//yTkCcGJYFN1dMnDCgHUXqbXleRX.jpg</thumbnail>
    <fanart>https://image.tmdb.org/t/p/w1280//ylmAlhszOuB5HYJ2pnUuXJ3jTkC.jpg</fanart>
</item>
<item>
    <title>Demonic Toys</title>
    <meta>
        <imdb>tt0104083</imdb>
        <content>movie</content>
        <title>Demonic Toys</title>
        <year>1992</year>
    </meta>
    <link>
        <sublink>search</sublink>
        <sublink>searchsd</sublink>
    </link>
    <thumbnail>https://image.tmdb.org/t/p/w1280//g4L0SDFT0AeJGNKlq1CTOC8NBk8.jpg</thumbnail>
    <fanart>https://image.tmdb.org/t/p/w1280//z4eWlwR4sSIwm04zw0ugGBRgDnM.jpg</fanart>
</item>
<item>
    <title>Dr. Giggles</title>
    <meta>
        <imdb>tt0104139</imdb>
        <content>movie</content>
        <title>Dr. Giggles</title>
        <year>1992</year>
    </meta>
    <link>
        <sublink>search</sublink>
        <sublink>searchsd</sublink>
    </link>
    <thumbnail>https://image.tmdb.org/t/p/w1280//5JDLNXWiSCVRLur0oziJk6q5VVk.jpg</thumbnail>
    <fanart>https://image.tmdb.org/t/p/w1280//8OwISRb9sAqIJBD2P810lryYA6t.jpg</fanart>
</item>
<item>
    <title>Dracula</title>
    <meta>
        <imdb>tt0103874</imdb>
        <content>movie</content>
        <title>Dracula</title>
        <year>1992</year>
    </meta>
    <link>
        <sublink>search</sublink>
        <sublink>searchsd</sublink>
    </link>
    <thumbnail>https://image.tmdb.org/t/p/w1280//ioHxm3D3JdSXR61LRhcVb8KdZOz.jpg</thumbnail>
    <fanart>https://image.tmdb.org/t/p/w1280//x4RwLFKvVm5X6zkrKRLBUkDIwuq.jpg</fanart>
</item>
<item>
    <title>Drillbit</title>
    <meta>
        <imdb>tt0326546</imdb>
        <content>movie</content>
        <title>Drillbit</title>
        <year>1992</year>
    </meta>
    <link>
        <sublink>search</sublink>
        <sublink>searchsd</sublink>
    </link>
    <thumbnail>https://image.tmdb.org/t/p/w1280//mpkW7HyHISQR8TeSUMhvng6Vfab.jpg</thumbnail>
    <fanart/>
</item>
<item>
    <title>Dust Devil</title>
    <meta>
        <imdb>tt0104155</imdb>
        <content>movie</content>
        <title>Dust Devil</title>
        <year>1992</year>
    </meta>
    <link>
        <sublink>search</sublink>
        <sublink>searchsd</sublink>
    </link>
    <thumbnail>https://image.tmdb.org/t/p/w1280//2afP9d514NBTJXsPZgp7eoX32oy.jpg</thumbnail>
    <fanart>https://image.tmdb.org/t/p/w1280//ahIjjueXRe2OvogW1uscI0zWGi6.jpg</fanart>
</item>
<item>
    <title>Ghostwatch</title>
    <meta>
        <imdb>tt0200659</imdb>
        <content>movie</content>
        <title>Ghostwatch</title>
        <year>1992</year>
    </meta>
    <link>
        <sublink>search</sublink>
        <sublink>searchsd</sublink>
    </link>
    <thumbnail>https://image.tmdb.org/t/p/w1280//6cwPZQoXbDl5yHjYPat4i2GUuve.jpg</thumbnail>
    <fanart>https://image.tmdb.org/t/p/w1280//qIGB8jr1lNm3bh5JEFjPtXRFEfd.jpg</fanart>
</item>
<item>
    <title>Grave Secrets: The Legacy of Hilltop Drive</title>
    <meta>
        <imdb>tt0104365</imdb>
        <content>movie</content>
        <title>Grave Secrets: The Legacy of Hilltop Drive</title>
        <year>1992</year>
    </meta>
    <link>
        <sublink>search</sublink>
        <sublink>searchsd</sublink>
    </link>
    <thumbnail>https://image.tmdb.org/t/p/w1280//dZH3tz3OdAMeFBraY8QLOD4HGLr.jpg</thumbnail>
    <fanart>https://image.tmdb.org/t/p/w1280//4GsSSyZU7HM3d28Wmjrl4v7CcT6.jpg</fanart>
</item>
<item>
    <title>Happy Hell Night</title>
    <meta>
        <imdb>tt0236283</imdb>
        <content>movie</content>
        <title>Happy Hell Night</title>
        <year>1992</year>
    </meta>
    <link>
        <sublink>search</sublink>
        <sublink>searchsd</sublink>
    </link>
    <thumbnail>https://image.tmdb.org/t/p/w1280//hBQTmp3ghUhpdYdbSMPYq9BVxHW.jpg</thumbnail>
    <fanart>https://image.tmdb.org/t/p/w1280//sAUmFI4cT3hKSdEphENwGPYs4as.jpg</fanart>
</item>
<item>
    <title>Hellmaster</title>
    <meta>
        <imdb>tt0165489</imdb>
        <content>movie</content>
        <title>Hellmaster</title>
        <year>1992</year>
    </meta>
    <link>
        <sublink>search</sublink>
        <sublink>searchsd</sublink>
    </link>
    <thumbnail>https://image.tmdb.org/t/p/w1280//zMbEoXDeCEVPsaRUUFfzYQnXmiy.jpg</thumbnail>
    <fanart>https://image.tmdb.org/t/p/w1280//1XqRIN9HpujHqJqEOO9WtHC0i1h.jpg</fanart>
</item>
<item>
    <title>Hellraiser III: Hell on Earth</title>
    <meta>
        <imdb>tt0104409</imdb>
        <content>movie</content>
        <title>Hellraiser III: Hell on Earth</title>
        <year>1992</year>
    </meta>
    <link>
        <sublink>search</sublink>
        <sublink>searchsd</sublink>
    </link>
    <thumbnail>https://image.tmdb.org/t/p/w1280//hTzWX5HYcKpg5DdQIDoFy39yMAm.jpg</thumbnail>
    <fanart>https://image.tmdb.org/t/p/w1280//9qAb7Xq8MeqP6zpMO9UtTlZVTq7.jpg</fanart>
</item>
<item>
    <title>House IV</title>
    <meta>
        <imdb>tt0104449</imdb>
        <content>movie</content>
        <title>House IV</title>
        <year>1992</year>
    </meta>
    <link>
        <sublink>search</sublink>
        <sublink>searchsd</sublink>
    </link>
    <thumbnail>https://image.tmdb.org/t/p/w1280//2hVNBtlUlOTWhL1rtY07g74MWEk.jpg</thumbnail>
    <fanart>https://image.tmdb.org/t/p/w1280//8t0KYCkBaK3aAgNvfrgVHpcuNI6.jpg</fanart>
</item>
<item>
    <title>Innocent Blood</title>
    <meta>
        <imdb>tt0104511</imdb>
        <content>movie</content>
        <title>Innocent Blood</title>
        <year>1992</year>
    </meta>
    <link>
        <sublink>search</sublink>
        <sublink>searchsd</sublink>
    </link>
    <thumbnail>https://image.tmdb.org/t/p/w1280//tUzvtT4fo2da15I2PrZrfBqkqzV.jpg</thumbnail>
    <fanart>https://image.tmdb.org/t/p/w1280//6pnwhJNF1vNTXV7UiMtHVJkAcbm.jpg</fanart>
</item>
<item>
    <title>The Guard from the Underground</title>
    <meta>
        <imdb>tt0230367</imdb>
        <content>movie</content>
        <title>The Guard from the Underground</title>
        <year>1992</year>
    </meta>
    <link>
        <sublink>search</sublink>
        <sublink>searchsd</sublink>
    </link>
    <thumbnail>https://image.tmdb.org/t/p/w1280//r5u3WzL6sUH6fbnzZ7ZeKAghJIT.jpg</thumbnail>
    <fanart>https://image.tmdb.org/t/p/w1280//17HZy2sqGBYnvkM2bgvmsCQeB7g.jpg</fanart>
</item>
<item>
    <title>Junoon</title>
    <meta>
        <imdb>tt0156658</imdb>
        <content>movie</content>
        <title>Junoon</title>
        <year>1992</year>
    </meta>
    <link>
        <sublink>search</sublink>
        <sublink>searchsd</sublink>
    </link>
    <thumbnail>https://image.tmdb.org/t/p/w1280//5h9gC8H1pQGc9UOzpO7cAEo1MDk.jpg</thumbnail>
    <fanart/>
</item>
<item>
    <title>The Lawnmower Man</title>
    <meta>
        <imdb>tt0104692</imdb>
        <content>movie</content>
        <title>The Lawnmower Man</title>
        <year>1992</year>
    </meta>
    <link>
        <sublink>search</sublink>
        <sublink>searchsd</sublink>
    </link>
    <thumbnail>https://image.tmdb.org/t/p/w1280//3tWLM3zMyh3KZOactn8mfjHml05.jpg</thumbnail>
    <fanart>https://image.tmdb.org/t/p/w1280//fXCoMFPV7PSwNBZb02SPRFRp7T4.jpg</fanart>
</item>
<item>
    <title>Mad at the Moon</title>
    <meta>
        <imdb>tt0104787</imdb>
        <content>movie</content>
        <title>Mad at the Moon</title>
        <year>1992</year>
    </meta>
    <link>
        <sublink>search</sublink>
        <sublink>searchsd</sublink>
    </link>
    <thumbnail>https://image.tmdb.org/t/p/w1280//mijoiGgnL1jTo05HFbEnawYsQvC.jpg</thumbnail>
    <fanart/>
</item>
<item>
    <title>Mikey</title>
    <meta>
        <imdb>tt0104870</imdb>
        <content>movie</content>
        <title>Mikey</title>
        <year>1992</year>
    </meta>
    <link>
        <sublink>search</sublink>
        <sublink>searchsd</sublink>
    </link>
    <thumbnail>https://image.tmdb.org/t/p/w1280//tLfojBGlZSz8B6tbWVetlCtiGyj.jpg</thumbnail>
    <fanart>https://image.tmdb.org/t/p/w1280//vnHSBBuoKQE77jmBdgG78eWV1aB.jpg</fanart>
</item>
<item>
    <title>Netherworld</title>
    <meta>
        <imdb>tt0104987</imdb>
        <content>movie</content>
        <title>Netherworld</title>
        <year>1992</year>
    </meta>
    <link>
        <sublink>search</sublink>
        <sublink>searchsd</sublink>
    </link>
    <thumbnail>https://image.tmdb.org/t/p/w1280//3QQXPVhjbJY90nXBrhqAHYHhV7T.jpg</thumbnail>
    <fanart>https://image.tmdb.org/t/p/w1280//8GyepiLQrxscipZY8Y3KyvShSuz.jpg</fanart>
</item>
<item>
    <title>All Night Long</title>
    <meta>
        <imdb>tt0190230</imdb>
        <content>movie</content>
        <title>All Night Long</title>
        <year>1992</year>
    </meta>
    <link>
        <sublink>search</sublink>
        <sublink>searchsd</sublink>
    </link>
    <thumbnail>https://image.tmdb.org/t/p/w1280//5YI0huj5Bl3wDnBYi6nvJ48a8jP.jpg</thumbnail>
    <fanart>https://image.tmdb.org/t/p/w1280//bUxTtsjU5C5qTwhxs1h52caoeLC.jpg</fanart>
</item>
<item>
    <title>Pet Sematary II</title>
    <meta>
        <imdb>tt0105128</imdb>
        <content>movie</content>
        <title>Pet Sematary II</title>
        <year>1992</year>
    </meta>
    <link>
        <sublink>search</sublink>
        <sublink>searchsd</sublink>
    </link>
    <thumbnail>https://image.tmdb.org/t/p/w1280//oCDqdolR3XctVY63O74KK4C7yh4.jpg</thumbnail>
    <fanart>https://image.tmdb.org/t/p/w1280//9rBui4Ipju1b0uFe43fDkTjtDro.jpg</fanart>
</item>
<item>
    <title>Project: Shadowchaser</title>
    <meta>
        <imdb>tt0105178</imdb>
        <content>movie</content>
        <title>Project: Shadowchaser</title>
        <year>1992</year>
    </meta>
    <link>
        <sublink>search</sublink>
        <sublink>searchsd</sublink>
    </link>
    <thumbnail>https://image.tmdb.org/t/p/w1280//m8kxyK731jirr0WJkFIz1R8sh6R.jpg</thumbnail>
    <fanart>https://image.tmdb.org/t/p/w1280//cFDYWyA03rJ1Glsmu7HX3EyXCGl.jpg</fanart>
</item>
<item>
    <title>Prom Night IV: Deliver Us from Evil</title>
    <meta>
        <imdb>tt0105179</imdb>
        <content>movie</content>
        <title>Prom Night IV: Deliver Us from Evil</title>
        <year>1992</year>
    </meta>
    <link>
        <sublink>search</sublink>
        <sublink>searchsd</sublink>
    </link>
    <thumbnail>https://image.tmdb.org/t/p/w1280//tjq1iWClSBCfi3SjpVJblOU6q4F.jpg</thumbnail>
    <fanart>https://image.tmdb.org/t/p/w1280//ijAmcuTQLz5CpTK8kvb4Mn1sHQW.jpg</fanart>
</item>
<item>
    <title>Raising Cain</title>
    <meta>
        <imdb>tt0105217</imdb>
        <content>movie</content>
        <title>Raising Cain</title>
        <year>1992</year>
    </meta>
    <link>
        <sublink>search</sublink>
        <sublink>searchsd</sublink>
    </link>
    <thumbnail>https://image.tmdb.org/t/p/w1280//upKnvCg33FiYlhJh6h3QGAxOJU4.jpg</thumbnail>
    <fanart>https://image.tmdb.org/t/p/w1280//mJEMYlFdewwuqefyUdwAChzqSXX.jpg</fanart>
</item>
<item>
    <title>Seedpeople</title>
    <meta>
        <imdb>tt0105347</imdb>
        <content>movie</content>
        <title>Seedpeople</title>
        <year>1992</year>
    </meta>
    <link>
        <sublink>search</sublink>
        <sublink>searchsd</sublink>
    </link>
    <thumbnail>https://image.tmdb.org/t/p/w1280//8uBYXZeRZyqzj4xeds8S2lTRwOo.jpg</thumbnail>
    <fanart>https://image.tmdb.org/t/p/w1280//wbj8JACZCJQIb1JdfwN0nk0XF2o.jpg</fanart>
</item>
<item>
    <title>Sleepwalkers</title>
    <meta>
        <imdb>tt0105428</imdb>
        <content>movie</content>
        <title>Sleepwalkers</title>
        <year>1992</year>
    </meta>
    <link>
        <sublink>search</sublink>
        <sublink>searchsd</sublink>
    </link>
    <thumbnail>https://image.tmdb.org/t/p/w1280//shrSYke0ABLGx0vA6iZnUOCB1tw.jpg</thumbnail>
    <fanart>https://image.tmdb.org/t/p/w1280//pCKWyeBDfiR3R4ggpKQbrBW9MkS.jpg</fanart>
</item>
<item>
    <title>Spellcaster</title>
    <meta>
        <imdb>tt0096153</imdb>
        <content>movie</content>
        <title>Spellcaster</title>
        <year>1992</year>
    </meta>
    <link>
        <sublink>search</sublink>
        <sublink>searchsd</sublink>
    </link>
    <thumbnail>https://image.tmdb.org/t/p/w1280//lyutVCUMmHH9iUoUXE9Q9es8qFE.jpg</thumbnail>
    <fanart>https://image.tmdb.org/t/p/w1280//vFkMmENjLH4hl2aQw089pJGbX95.jpg</fanart>
</item>
<item>
    <title>Split Second</title>
    <meta>
        <imdb>tt0105459</imdb>
        <content>movie</content>
        <title>Split Second</title>
        <year>1992</year>
    </meta>
    <link>
        <sublink>search</sublink>
        <sublink>searchsd</sublink>
    </link>
    <thumbnail>https://image.tmdb.org/t/p/w1280//p4kPTjdNziADHuTXFNl6hLgKpCL.jpg</thumbnail>
    <fanart>https://image.tmdb.org/t/p/w1280//dUaUqJMpNivPw6JxszQNfADVQow.jpg</fanart>
</item>
<item>
    <title>Star Time</title>
    <meta>
        <imdb>tt0105464</imdb>
        <content>movie</content>
        <title>Star Time</title>
        <year>1992</year>
    </meta>
    <link>
        <sublink>search</sublink>
        <sublink>searchsd</sublink>
    </link>
    <thumbnail>https://image.tmdb.org/t/p/w1280//wSPB502b3cPqVOoLcsAbntugNj5.jpg</thumbnail>
    <fanart/>
</item>
<item>
    <title>Stepfather III</title>
    <meta>
        <imdb>tt0105470</imdb>
        <content>movie</content>
        <title>Stepfather III</title>
        <year>1992</year>
    </meta>
    <link>
        <sublink>search</sublink>
        <sublink>searchsd</sublink>
    </link>
    <thumbnail>https://image.tmdb.org/t/p/w1280//JnRGsEmPM9qD0xmHawIrgZf3JE.jpg</thumbnail>
    <fanart>https://image.tmdb.org/t/p/w1280//93M5dfLU4oUqiKo00m6zU2rQm6h.jpg</fanart>
</item>
<item>
    <title>Twin Peaks: Fire Walk with Me</title>
    <meta>
        <imdb>tt0105665</imdb>
        <content>movie</content>
        <title>Twin Peaks: Fire Walk with Me</title>
        <year>1992</year>
    </meta>
    <link>
        <sublink>search</sublink>
        <sublink>searchsd</sublink>
    </link>
    <thumbnail>https://image.tmdb.org/t/p/w1280//tOQekTHJmVCgfUYXTb6dLAu6l8W.jpg</thumbnail>
    <fanart>https://image.tmdb.org/t/p/w1280//bGyusx5LtsTLbyAq0ow1DrdE7K6.jpg</fanart>
</item>
<item>
    <title>Two-Fisted Tales</title>
    <meta>
        <imdb>tt0166002</imdb>
        <content>movie</content>
        <title>Two-Fisted Tales</title>
        <year>1992</year>
    </meta>
    <link>
        <sublink>search</sublink>
        <sublink>searchsd</sublink>
    </link>
    <thumbnail>https://image.tmdb.org/t/p/w1280//walRAzpkYoAtm90FKIpIzD7Px1a.jpg</thumbnail>
    <fanart/>
</item>
<item>
    <title>The Vagrant</title>
    <meta>
        <imdb>tt0105719</imdb>
        <content>movie</content>
        <title>The Vagrant</title>
        <year>1992</year>
    </meta>
    <link>
        <sublink>search</sublink>
        <sublink>searchsd</sublink>
    </link>
    <thumbnail>https://image.tmdb.org/t/p/w1280//uUijLbc7O88osmCP3Gp0EYTy4pP.jpg</thumbnail>
    <fanart>https://image.tmdb.org/t/p/w1280//wQ6Ur8C0Ncz47DEGgRyCcOXEe7V.jpg</fanart>
</item>
<item>
    <title>Waxwork II: Lost in Time</title>
    <meta>
        <imdb>tt0105792</imdb>
        <content>movie</content>
        <title>Waxwork II: Lost in Time</title>
        <year>1992</year>
    </meta>
    <link>
        <sublink>search</sublink>
        <sublink>searchsd</sublink>
    </link>
    <thumbnail>https://image.tmdb.org/t/p/w1280//y3scVVQqb213vcPfVwT2QsnJvrl.jpg</thumbnail>
    <fanart>https://image.tmdb.org/t/p/w1280//5raaYwfCqm0o3P9QMN7cwOoVh0M.jpg</fanart>
</item>
<item>
    <title>Witchcraft IV: The Virgin Heart</title>
    <meta>
        <imdb>tt0105827</imdb>
        <content>movie</content>
        <title>Witchcraft IV: The Virgin Heart</title>
        <year>1992</year>
    </meta>
    <link>
        <sublink>search</sublink>
        <sublink>searchsd</sublink>
    </link>
    <thumbnail>https://image.tmdb.org/t/p/w1280//8iejCm3VlvzAetXK90qJmLu9dVT.jpg</thumbnail>
    <fanart/>
</item>
<item>
    <title>Zipperface</title>
    <meta>
        <imdb>tt0105898</imdb>
        <content>movie</content>
        <title>Zipperface</title>
        <year>1992</year>
    </meta>
    <link>
        <sublink>search</sublink>
        <sublink>searchsd</sublink>
    </link>
    <thumbnail>https://image.tmdb.org/t/p/w1280//Aqj6Myvitg3MSVZJO5BCCUcTank.jpg</thumbnail>
    <fanart/>
</item>
<item>
    <title>Raat</title>
    <meta>
        <imdb>tt0266875</imdb>
        <content>movie</content>
        <title>Raat</title>
        <year>1992</year>
    </meta>
    <link>
        <sublink>search</sublink>
        <sublink>searchsd</sublink>
    </link>
    <thumbnail>https://image.tmdb.org/t/p/w1280//y9yiCZQQ5ZVX74PObdx4oDKWR9h.jpg</thumbnail>
    <fanart/>
</item>
<item>
    <title>Tetsuo II: Body Hammer</title>
    <meta>
        <imdb>tt0105569</imdb>
        <content>movie</content>
        <title>Tetsuo II: Body Hammer</title>
        <year>1992</year>
    </meta>
    <link>
        <sublink>search</sublink>
        <sublink>searchsd</sublink>
    </link>
    <thumbnail>https://image.tmdb.org/t/p/w1280//xZh9BOhps8LFVe2cigj9D1NNZDF.jpg</thumbnail>
    <fanart>https://image.tmdb.org/t/p/w1280//3LsGIsLAPx0QDltVmEXAW4Tc7xa.jpg</fanart>
</item>
