<item>
    <title>The Addiction</title>
    <meta>
        <imdb>tt0112288</imdb>
        <content>movie</content>
        <title>The Addiction</title>
        <year>1995</year>
    </meta>
    <link>
        <sublink>search</sublink>
        <sublink>searchsd</sublink>
    </link>
    <thumbnail>https://image.tmdb.org/t/p/w1280//ej0gD547grj5QMoKuzqKyHuc3Xi.jpg</thumbnail>
    <fanart>https://image.tmdb.org/t/p/w1280//wOfnAqBlGz221UNCw1QAasI8HJs.jpg</fanart>
</item>
<item>
    <title>Alien Terminator</title>
    <meta>
        <imdb>tt0112320</imdb>
        <content>movie</content>
        <title>Alien Terminator</title>
        <year>1996</year>
    </meta>
    <link>
        <sublink>search</sublink>
        <sublink>searchsd</sublink>
    </link>
    <thumbnail>https://image.tmdb.org/t/p/w1280//9snpbaIprFQZFDlL65iXVTMhkpy.jpg</thumbnail>
    <fanart/>
</item>
<item>
    <title>Blood & Donuts</title>
    <meta>
        <imdb>tt0112527</imdb>
        <content>movie</content>
        <title>Blood & Donuts</title>
        <year>1995</year>
    </meta>
    <link>
        <sublink>search</sublink>
        <sublink>searchsd</sublink>
    </link>
    <thumbnail>https://image.tmdb.org/t/p/w1280//fptdameNlReLAB55g0y4bIRcjEB.jpg</thumbnail>
    <fanart>https://image.tmdb.org/t/p/w1280//beNd2qkX3GdsS8F7eZyV3SSnrib.jpg</fanart>
</item>
<item>
    <title>Burial of the Rats</title>
    <meta>
        <imdb>tt0112599</imdb>
        <content>movie</content>
        <title>Burial of the Rats</title>
        <year>1995</year>
    </meta>
    <link>
        <sublink>search</sublink>
        <sublink>searchsd</sublink>
    </link>
    <thumbnail>https://image.tmdb.org/t/p/w1280//xC04AmbUmsWikF7n8rFmtgrtqeD.jpg</thumbnail>
    <fanart>https://image.tmdb.org/t/p/w1280//ssd03StRkb5ouuC9S2XESBQ4ifH.jpg</fanart>
</item>
<item>
    <title>Candyman: Farewell to the Flesh</title>
    <meta>
        <imdb>tt0112625</imdb>
        <content>movie</content>
        <title>Candyman: Farewell to the Flesh</title>
        <year>1995</year>
    </meta>
    <link>
        <sublink>search</sublink>
        <sublink>searchsd</sublink>
    </link>
    <thumbnail>https://image.tmdb.org/t/p/w1280//yYIMENwSbHM6mt3pSkoAV5RqSHR.jpg</thumbnail>
    <fanart>https://image.tmdb.org/t/p/w1280//sNBzGzogMy51c6EXH4ybVo2sVb4.jpg</fanart>
</item>
<item>
    <title>Carnosaur 2</title>
    <meta>
        <imdb>tt0112634</imdb>
        <content>movie</content>
        <title>Carnosaur 2</title>
        <year>1995</year>
    </meta>
    <link>
        <sublink>search</sublink>
        <sublink>searchsd</sublink>
    </link>
    <thumbnail>https://image.tmdb.org/t/p/w1280//bGuXeWTn6JNYcGdORwvSSI2U5BI.jpg</thumbnail>
    <fanart>https://image.tmdb.org/t/p/w1280//wMpoXjaHgURcsP7u9mGAlEzHzXy.jpg</fanart>
</item>
<item>
    <title>Castle Freak</title>
    <meta>
        <imdb>tt0112643</imdb>
        <content>movie</content>
        <title>Castle Freak</title>
        <year>1995</year>
    </meta>
    <link>
        <sublink>search</sublink>
        <sublink>searchsd</sublink>
    </link>
    <thumbnail>https://image.tmdb.org/t/p/w1280//eeO3BIHJoI3sabtkqfYOStdbOwm.jpg</thumbnail>
    <fanart>https://image.tmdb.org/t/p/w1280//hsuV3VluhxRm8AC4rT2BESq0hdK.jpg</fanart>
</item>
<item>
    <title>Children of the Corn III: Urban Harvest</title>
    <meta>
        <imdb>tt0109415</imdb>
        <content>movie</content>
        <title>Children of the Corn III: Urban Harvest</title>
        <year>1995</year>
    </meta>
    <link>
        <sublink>search</sublink>
        <sublink>searchsd</sublink>
    </link>
    <thumbnail>https://image.tmdb.org/t/p/w1280//Ajp5lVNAW0Kfi3uUlCCpIri28B8.jpg</thumbnail>
    <fanart>https://image.tmdb.org/t/p/w1280//st1Nst7Lqt5FnpVcJ9je9MjTM9n.jpg</fanart>
</item>
<item>
    <title>Copycat</title>
    <meta>
        <imdb>tt0112722</imdb>
        <content>movie</content>
        <title>Copycat</title>
        <year>1995</year>
    </meta>
    <link>
        <sublink>search</sublink>
        <sublink>searchsd</sublink>
    </link>
    <thumbnail>https://image.tmdb.org/t/p/w1280//80czeJGSoik22fhtUM9WzyjUU4r.jpg</thumbnail>
    <fanart>https://image.tmdb.org/t/p/w1280//gE1DHa82NZVb9B2Lx2cLNz43Iwd.jpg</fanart>
</item>
<item>
    <title>Darkman II: The Return of Durant</title>
    <meta>
        <imdb>tt0109552</imdb>
        <content>movie</content>
        <title>Darkman II: The Return of Durant</title>
        <year>1995</year>
    </meta>
    <link>
        <sublink>search</sublink>
        <sublink>searchsd</sublink>
    </link>
    <thumbnail>https://image.tmdb.org/t/p/w1280//m1L7j3KFdBehzrdckHiCk6YOBnW.jpg</thumbnail>
    <fanart>https://image.tmdb.org/t/p/w1280//xy8HF5Pa25WkwF1JmWqY8o1nnKX.jpg</fanart>
</item>
<item>
    <title>Dracula: Dead and Loving It</title>
    <meta>
        <imdb>tt0112896</imdb>
        <content>movie</content>
        <title>Dracula: Dead and Loving It</title>
        <year>1995</year>
    </meta>
    <link>
        <sublink>search</sublink>
        <sublink>searchsd</sublink>
    </link>
    <thumbnail>https://image.tmdb.org/t/p/w1280//xve4cgfYItnOhtzLYoTwTVy5FGr.jpg</thumbnail>
    <fanart>https://image.tmdb.org/t/p/w1280//y7N276seR43H31xvDbWMWxEsDr.jpg</fanart>
</item>
<item>
    <title>Eko Eko Azarak: Wizard of Darkness</title>
    <meta>
        <imdb>tt0112939</imdb>
        <content>movie</content>
        <title>Eko Eko Azarak: Wizard of Darkness</title>
        <year>1995</year>
    </meta>
    <link>
        <sublink>search</sublink>
        <sublink>searchsd</sublink>
    </link>
    <thumbnail>https://image.tmdb.org/t/p/w1280//qamkPZw7u86jP5zEr4MK6Z7U5tP.jpg</thumbnail>
    <fanart/>
</item>
<item>
    <title>The Day of the Beast</title>
    <meta>
        <imdb>tt0112922</imdb>
        <content>movie</content>
        <title>The Day of the Beast</title>
        <year>1995</year>
    </meta>
    <link>
        <sublink>search</sublink>
        <sublink>searchsd</sublink>
    </link>
    <thumbnail>https://image.tmdb.org/t/p/w1280//jZLvcv73dNd4WjiY86hRo7p1wCW.jpg</thumbnail>
    <fanart>https://image.tmdb.org/t/p/w1280//6zhTkGFrTY9WDuvcuaOSx2xGVnx.jpg</fanart>
</item>
<item>
    <title>Embrace of the Vampire</title>
    <meta>
        <imdb>tt0109723</imdb>
        <content>movie</content>
        <title>Embrace of the Vampire</title>
        <year>1995</year>
    </meta>
    <link>
        <sublink>search</sublink>
        <sublink>searchsd</sublink>
    </link>
    <thumbnail>https://image.tmdb.org/t/p/w1280//uOxKpn3aY4N6JQy49pKdoIz5STE.jpg</thumbnail>
    <fanart>https://image.tmdb.org/t/p/w1280//hTTLuS0U6MWK1OuoXrtahc6rYNa.jpg</fanart>
</item>
<item>
    <title>Evil Ed</title>
    <meta>
        <imdb>tt0116247</imdb>
        <content>movie</content>
        <title>Evil Ed</title>
        <year>1995</year>
    </meta>
    <link>
        <sublink>search</sublink>
        <sublink>searchsd</sublink>
    </link>
    <thumbnail>https://image.tmdb.org/t/p/w1280//xnfYoAaNVFM4XZbpEN7MtI5R4Hp.jpg</thumbnail>
    <fanart>https://image.tmdb.org/t/p/w1280//eCjfsPLuunxoTTbkTaldytjgHM9.jpg</fanart>
</item>
<item>
    <title>Halloween: The Curse of Michael Myers</title>
    <meta>
        <imdb>tt0113253</imdb>
        <content>movie</content>
        <title>Halloween: The Curse of Michael Myers</title>
        <year>1995</year>
    </meta>
    <link>
        <sublink>search</sublink>
        <sublink>searchsd</sublink>
    </link>
    <thumbnail>https://image.tmdb.org/t/p/w1280//8Tw5IttoEATGD2FHhcG9bDzqwbi.jpg</thumbnail>
    <fanart>https://image.tmdb.org/t/p/w1280//shNOTvaMz7C05LxBOWpakfJVWHc.jpg</fanart>
</item>
<item>
    <title>Haunted</title>
    <meta>
        <imdb>tt0113269</imdb>
        <content>movie</content>
        <title>Haunted</title>
        <year>1995</year>
    </meta>
    <link>
        <sublink>search</sublink>
        <sublink>searchsd</sublink>
    </link>
    <thumbnail>https://image.tmdb.org/t/p/w1280//xUYFkSOJOHY50jq7LnC7j9VsqqW.jpg</thumbnail>
    <fanart>https://image.tmdb.org/t/p/w1280//17CdJCDBprKcxExGPGi7wpguNHi.jpg</fanart>
</item>
<item>
    <title>The Haunting of Helen Walker</title>
    <meta>
        <imdb>tt0113271</imdb>
        <content>movie</content>
        <title>The Haunting of Helen Walker</title>
        <year>1995</year>
    </meta>
    <link>
        <sublink>search</sublink>
        <sublink>searchsd</sublink>
    </link>
    <thumbnail>https://image.tmdb.org/t/p/w1280//uTwt9Ghvt2DHMpwOET1FCY1An1o.jpg</thumbnail>
    <fanart/>
</item>
<item>
    <title>Hideaway</title>
    <meta>
        <imdb>tt0113303</imdb>
        <content>movie</content>
        <title>Hideaway</title>
        <year>1995</year>
    </meta>
    <link>
        <sublink>search</sublink>
        <sublink>searchsd</sublink>
    </link>
    <thumbnail>https://image.tmdb.org/t/p/w1280//oVaurD05v55CklwT62uZwENXDw1.jpg</thumbnail>
    <fanart>https://image.tmdb.org/t/p/w1280//xxJA2E3NShzWM8uoaiewTlFxNvF.jpg</fanart>
</item>
<item>
    <title>The Howling: New Moon Rising</title>
    <meta>
        <imdb>tt0113349</imdb>
        <content>movie</content>
        <title>The Howling: New Moon Rising</title>
        <year>1995</year>
    </meta>
    <link>
        <sublink>search</sublink>
        <sublink>searchsd</sublink>
    </link>
    <thumbnail>https://image.tmdb.org/t/p/w1280//cAlbtlLXob3bemacbUzNMlgOdAh.jpg</thumbnail>
    <fanart>https://image.tmdb.org/t/p/w1280//hJGMCPt6RHHIJF7QkIPnURE2UsG.jpg</fanart>
</item>
<item>
    <title>Huntress: Spirit of the Night</title>
    <meta>
        <imdb>tt0113361</imdb>
        <content>movie</content>
        <title>Huntress: Spirit of the Night</title>
        <year>1995</year>
    </meta>
    <link>
        <sublink>search</sublink>
        <sublink>searchsd</sublink>
    </link>
    <thumbnail>https://image.tmdb.org/t/p/w1280//jCoHUKEAwANoUyilgRkRsVKwRSR.jpg</thumbnail>
    <fanart>https://image.tmdb.org/t/p/w1280//ugMR2MNfNgSQ94THGqN5MIvdpzt.jpg</fanart>
</item>
<item>
    <title>Ice Cream Man</title>
    <meta>
        <imdb>tt0113376</imdb>
        <content>movie</content>
        <title>Ice Cream Man</title>
        <year>1995</year>
    </meta>
    <link>
        <sublink>search</sublink>
        <sublink>searchsd</sublink>
    </link>
    <thumbnail>https://image.tmdb.org/t/p/w1280//bpCSgPHXdTIDPG9ZyGWljvuQOyn.jpg</thumbnail>
    <fanart>https://image.tmdb.org/t/p/w1280//uSKlocM3PXfQIS8cv0uOVMWmIC2.jpg</fanart>
</item>
<item>
    <title>Leprechaun 3</title>
    <meta>
        <imdb>tt0113636</imdb>
        <content>movie</content>
        <title>Leprechaun 3</title>
        <year>1995</year>
    </meta>
    <link>
        <sublink>search</sublink>
        <sublink>searchsd</sublink>
    </link>
    <thumbnail>https://image.tmdb.org/t/p/w1280//z9NT2smK66pYOjBtmZuKFFTZ478.jpg</thumbnail>
    <fanart>https://image.tmdb.org/t/p/w1280//wR7ymcbZDTygjvSSgbIIkEzQbq8.jpg</fanart>
</item>
<item>
    <title>Lord of Illusions</title>
    <meta>
        <imdb>tt0113690</imdb>
        <content>movie</content>
        <title>Lord of Illusions</title>
        <year>1995</year>
    </meta>
    <link>
        <sublink>search</sublink>
        <sublink>searchsd</sublink>
    </link>
    <thumbnail>https://image.tmdb.org/t/p/w1280//9pwdoUes8V8ntTetsKtv2ThGeIm.jpg</thumbnail>
    <fanart>https://image.tmdb.org/t/p/w1280//oyiIM1QuTq3DHBLxJbCauH07lbe.jpg</fanart>
</item>
<item>
    <title>The Mangler</title>
    <meta>
        <imdb>tt0113762</imdb>
        <content>movie</content>
        <title>The Mangler</title>
        <year>1995</year>
    </meta>
    <link>
        <sublink>search</sublink>
        <sublink>searchsd</sublink>
    </link>
    <thumbnail>https://image.tmdb.org/t/p/w1280//vwRZOUzIX17luLM69sCC9meM9od.jpg</thumbnail>
    <fanart>https://image.tmdb.org/t/p/w1280//ApJQpxeiQHKsSCrORbQrRIt8crK.jpg</fanart>
</item>
<item>
    <title>Mind Ripper</title>
    <meta>
        <imdb>tt0114070</imdb>
        <content>movie</content>
        <title>Mind Ripper</title>
        <year>1995</year>
    </meta>
    <link>
        <sublink>search</sublink>
        <sublink>searchsd</sublink>
    </link>
    <thumbnail>https://image.tmdb.org/t/p/w1280//yhjTygYHeLg0LDTHPq1TgRjmeJr.jpg</thumbnail>
    <fanart>https://image.tmdb.org/t/p/w1280//c43RGUQCKIVbwU50Y1tVuPq2lqf.jpg</fanart>
</item>
<item>
    <title>Monster Mash: The Movie</title>
    <meta>
        <imdb>tt0113105</imdb>
        <content>movie</content>
        <title>Monster Mash: The Movie</title>
        <year>1995</year>
    </meta>
    <link>
        <sublink>search</sublink>
        <sublink>searchsd</sublink>
    </link>
    <thumbnail>https://image.tmdb.org/t/p/w1280//hbHnhp2zxdCsL0fimZnSRVl1wab.jpg</thumbnail>
    <fanart/>
</item>
<item>
    <title>Mutant Species</title>
    <meta>
        <imdb>tt0113881</imdb>
        <content>movie</content>
        <title>Mutant Species</title>
        <year>1995</year>
    </meta>
    <link>
        <sublink>search</sublink>
        <sublink>searchsd</sublink>
    </link>
    <thumbnail>https://image.tmdb.org/t/p/w1280//hGW21uiWVwy3BnDizDk2fPgEkNP.jpg</thumbnail>
    <fanart>https://image.tmdb.org/t/p/w1280//9uXADwVf0gxlU0zP60f5daNubZA.jpg</fanart>
</item>
<item>
    <title>Night of the Scarecrow</title>
    <meta>
        <imdb>tt0113982</imdb>
        <content>movie</content>
        <title>Night of the Scarecrow</title>
        <year>1995</year>
    </meta>
    <link>
        <sublink>search</sublink>
        <sublink>searchsd</sublink>
    </link>
    <thumbnail>https://image.tmdb.org/t/p/w1280//5CWk4stIYcsfbnb4gdj7Jw0GSjI.jpg</thumbnail>
    <fanart>https://image.tmdb.org/t/p/w1280//uBFsanhhCIWNOsUdMV6GRhXyamo.jpg</fanart>
</item>
<item>
    <title>Outbreak</title>
    <meta>
        <imdb>tt0114069</imdb>
        <content>movie</content>
        <title>Outbreak</title>
        <year>1995</year>
    </meta>
    <link>
        <sublink>search</sublink>
        <sublink>searchsd</sublink>
    </link>
    <thumbnail>https://image.tmdb.org/t/p/w1280//4KymNvlWR0XF0sqX2BWRd9Z3yXR.jpg</thumbnail>
    <fanart>https://image.tmdb.org/t/p/w1280//wrlZRyyOnD24KQzo3OVi4lWyqdF.jpg</fanart>
</item>
<item>
    <title>Piranha</title>
    <meta>
        <imdb>tt0114137</imdb>
        <content>movie</content>
        <title>Piranha</title>
        <year>1995</year>
    </meta>
    <link>
        <sublink>search</sublink>
        <sublink>searchsd</sublink>
    </link>
    <thumbnail>https://image.tmdb.org/t/p/w1280//pbd8Y5B6Wj2KgcEbiJij92ixuB.jpg</thumbnail>
    <fanart>https://image.tmdb.org/t/p/w1280//tYjj9FY0HvygEmU9OmdetFbt8st.jpg</fanart>
</item>
<item>
    <title>Project Shadowchaser III</title>
    <meta>
        <imdb>tt0114192</imdb>
        <content>movie</content>
        <title>Project Shadowchaser III</title>
        <year>1995</year>
    </meta>
    <link>
        <sublink>search</sublink>
        <sublink>searchsd</sublink>
    </link>
    <thumbnail>https://image.tmdb.org/t/p/w1280//goLlo3kkchxkDe5XSNpNLet44OS.jpg</thumbnail>
    <fanart>https://image.tmdb.org/t/p/w1280//lnth0BxTRjfDxnzQWeedHvAzSbG.jpg</fanart>
</item>
<item>
    <title>Project: Metalbeast</title>
    <meta>
        <imdb>tt0114193</imdb>
        <content>movie</content>
        <title>Project: Metalbeast</title>
        <year>1995</year>
    </meta>
    <link>
        <sublink>search</sublink>
        <sublink>searchsd</sublink>
    </link>
    <thumbnail>https://image.tmdb.org/t/p/w1280//1G2CKtbcIqzGW4jOA6zpSDahqkh.jpg</thumbnail>
    <fanart/>
</item>
<item>
    <title>The Prophecy</title>
    <meta>
        <imdb>tt0114194</imdb>
        <content>movie</content>
        <title>The Prophecy</title>
        <year>1995</year>
    </meta>
    <link>
        <sublink>search</sublink>
        <sublink>searchsd</sublink>
    </link>
    <thumbnail>https://image.tmdb.org/t/p/w1280//A3aYGp8LLxuFdzG2ETnhfbWPk7h.jpg</thumbnail>
    <fanart>https://image.tmdb.org/t/p/w1280//iysdHlouCC0E1AJUaWAfe6zxIQE.jpg</fanart>
</item>
<item>
    <title>Rumpelstiltskin</title>
    <meta>
        <imdb>tt0114306</imdb>
        <content>movie</content>
        <title>Rumpelstiltskin</title>
        <year>1995</year>
    </meta>
    <link>
        <sublink>search</sublink>
        <sublink>searchsd</sublink>
    </link>
    <thumbnail>https://image.tmdb.org/t/p/w1280//7UfsJ1OqbWyBxId4XxPqLF3S6J4.jpg</thumbnail>
    <fanart>https://image.tmdb.org/t/p/w1280//cbp3Jbd0cWVvKuhliPFfvkSbmWE.jpg</fanart>
</item>
<item>
    <title>Scanners: The Showdown</title>
    <meta>
        <imdb>tt0114344</imdb>
        <content>movie</content>
        <title>Scanners: The Showdown</title>
        <year>1995</year>
    </meta>
    <link>
        <sublink>search</sublink>
        <sublink>searchsd</sublink>
    </link>
    <thumbnail>https://image.tmdb.org/t/p/w1280//gQzKZS8GCGEwXKNTliFC3rMbjEo.jpg</thumbnail>
    <fanart>https://image.tmdb.org/t/p/w1280//m6d6noG2wPWbFx6WDgOFNZCFPMe.jpg</fanart>
</item>
<item>
    <title>Screamers</title>
    <meta>
        <imdb>tt0114367</imdb>
        <content>movie</content>
        <title>Screamers</title>
        <year>1995</year>
    </meta>
    <link>
        <sublink>search</sublink>
        <sublink>searchsd</sublink>
    </link>
    <thumbnail>https://image.tmdb.org/t/p/w1280//aFEs7D7IQ2IehTsniRIojDkiDl6.jpg</thumbnail>
    <fanart>https://image.tmdb.org/t/p/w1280//A44eWjgfBnIQ9b49QveLt2svXL0.jpg</fanart>
</item>
<item>
    <title>Se7en</title>
    <meta>
        <imdb>tt0114369</imdb>
        <content>movie</content>
        <title>Se7en</title>
        <year>1995</year>
    </meta>
    <link>
        <sublink>search</sublink>
        <sublink>searchsd</sublink>
    </link>
    <thumbnail>https://image.tmdb.org/t/p/w1280//8zw8IL4zEPjkh8Aysdcd0FwGMb0.jpg</thumbnail>
    <fanart>https://image.tmdb.org/t/p/w1280//ba4CpvnaxvAgff2jHiaqJrVpZJ5.jpg</fanart>
</item>
<item>
    <title>Species</title>
    <meta>
        <imdb>tt0114508</imdb>
        <content>movie</content>
        <title>Species</title>
        <year>1995</year>
    </meta>
    <link>
        <sublink>search</sublink>
        <sublink>searchsd</sublink>
    </link>
    <thumbnail>https://image.tmdb.org/t/p/w1280//94P6kzKH8aPmQmPr9yZjgy7BtQQ.jpg</thumbnail>
    <fanart>https://image.tmdb.org/t/p/w1280//sG8QOhXqX3lrHvb1KUTyOgjuTfw.jpg</fanart>
</item>
<item>
    <title>Tales from the Crypt: Demon Knight</title>
    <meta>
        <imdb>tt0114608</imdb>
        <content>movie</content>
        <title>Tales from the Crypt: Demon Knight</title>
        <year>1995</year>
    </meta>
    <link>
        <sublink>search</sublink>
        <sublink>searchsd</sublink>
    </link>
    <thumbnail>https://image.tmdb.org/t/p/w1280//8uD5yk0ECebJ59lhvhTBKhUojc.jpg</thumbnail>
    <fanart>https://image.tmdb.org/t/p/w1280//IhS8mxCgGPNXZwFr4ZuGBWIfjC.jpg</fanart>
</item>
<item>
    <title>Tales from the Hood</title>
    <meta>
        <imdb>tt0114609</imdb>
        <content>movie</content>
        <title>Tales from the Hood</title>
        <year>1995</year>
    </meta>
    <link>
        <sublink>search</sublink>
        <sublink>searchsd</sublink>
    </link>
    <thumbnail>https://image.tmdb.org/t/p/w1280//3OrapxFNr12AhRxupQ8Z2jP1D13.jpg</thumbnail>
    <fanart>https://image.tmdb.org/t/p/w1280//1XUVnsnv7G1MMnPoN3lO5gYNPcg.jpg</fanart>
</item>
<item>
    <title>Tokyo Fist</title>
    <meta>
        <imdb>tt0114690</imdb>
        <content>movie</content>
        <title>Tokyo Fist</title>
        <year>1995</year>
    </meta>
    <link>
        <sublink>search</sublink>
        <sublink>searchsd</sublink>
    </link>
    <thumbnail>https://image.tmdb.org/t/p/w1280//svAlY2ZBMtWLpVX6A3BFKTnJmRS.jpg</thumbnail>
    <fanart>https://image.tmdb.org/t/p/w1280//1QrZ9l7ZWOGHgTsVNYtlMB8sKDm.jpg</fanart>
</item>
<item>
    <title>Vampire in Brooklyn</title>
    <meta>
        <imdb>tt0114825</imdb>
        <content>movie</content>
        <title>Vampire in Brooklyn</title>
        <year>1995</year>
    </meta>
    <link>
        <sublink>search</sublink>
        <sublink>searchsd</sublink>
    </link>
    <thumbnail>https://image.tmdb.org/t/p/w1280//bH1v8z12ZU7Y6zANgU1B00a86Co.jpg</thumbnail>
    <fanart>https://image.tmdb.org/t/p/w1280//iPjz3w5J8BY56aZSnAhUQ72BavC.jpg</fanart>
</item>
<item>
    <title>Village of the Damned</title>
    <meta>
        <imdb>tt0114852</imdb>
        <content>movie</content>
        <title>Village of the Damned</title>
        <year>1995</year>
    </meta>
    <link>
        <sublink>search</sublink>
        <sublink>searchsd</sublink>
    </link>
    <thumbnail>https://image.tmdb.org/t/p/w1280//iwmI6kZWPJ9TYC4PJ0fi80TNFx5.jpg</thumbnail>
    <fanart>https://image.tmdb.org/t/p/w1280//5OcRgYf28xjZhnSt9rIOJE490L8.jpg</fanart>
</item>
<item>
    <title>The Wasp Woman</title>
    <meta>
        <imdb>tt0114896</imdb>
        <content>movie</content>
        <title>The Wasp Woman</title>
        <year>1996</year>
    </meta>
    <link>
        <sublink>search</sublink>
        <sublink>searchsd</sublink>
    </link>
    <thumbnail>https://image.tmdb.org/t/p/w1280//f4icCm9htUvXMs7TV8WPitl7asU.jpg</thumbnail>
    <fanart>https://image.tmdb.org/t/p/w1280//eWG3NUh1MWYl4nykjlMHJfGiBlw.jpg</fanart>
</item>
<item>
    <title>Witchboard III: The Possession</title>
    <meta>
        <imdb>tt0114957</imdb>
        <content>movie</content>
        <title>Witchboard III: The Possession</title>
        <year>1995</year>
    </meta>
    <link>
        <sublink>search</sublink>
        <sublink>searchsd</sublink>
    </link>
    <thumbnail>https://image.tmdb.org/t/p/w1280//pJJJ8tsu7QURtrGxUl12t0FpGyv.jpg</thumbnail>
    <fanart>https://image.tmdb.org/t/p/w1280//vcbcMxluD3MdathSDpLWrAIZnHY.jpg</fanart>
</item>
<item>
    <title>Witchcraft VII: Judgement Hour</title>
    <meta>
        <imdb>tt0114958</imdb>
        <content>movie</content>
        <title>Witchcraft VII: Judgement Hour</title>
        <year>1995</year>
    </meta>
    <link>
        <sublink>search</sublink>
        <sublink>searchsd</sublink>
    </link>
    <thumbnail>https://image.tmdb.org/t/p/w1280//eMdxYPC7EJtR3aFSc7u38JKLxTR.jpg</thumbnail>
    <fanart/>
</item>
<item>
    <title>Xtro 3: Watch the Skies</title>
    <meta>
        <imdb>tt0115006</imdb>
        <content>movie</content>
        <title>Xtro 3: Watch the Skies</title>
        <year>1995</year>
    </meta>
    <link>
        <sublink>search</sublink>
        <sublink>searchsd</sublink>
    </link>
    <thumbnail>https://image.tmdb.org/t/p/w1280//aEVZ06AqCVd4CfIRhXv920KKAJa.jpg</thumbnail>
    <fanart>https://image.tmdb.org/t/p/w1280//lMKQT6THJI0nwY52jWbKRx35Q55.jpg</fanart>
</item>
<item>
    <title>Godzilla vs. Destoroyah</title>
    <meta>
        <imdb>tt0113187</imdb>
        <content>movie</content>
        <title>Godzilla vs. Destoroyah</title>
        <year>1995</year>
    </meta>
    <link>
        <sublink>search</sublink>
        <sublink>searchsd</sublink>
    </link>
    <thumbnail>https://image.tmdb.org/t/p/w1280//t28laxbteoyubkGPQZJFmrEEdGl.jpg</thumbnail>
    <fanart>https://image.tmdb.org/t/p/w1280//mn8WHTtkdjTOpqvSW0uG1EVRGQv.jpg</fanart>
</item>
<item>
    <title>Ring: Kanzenban</title>
    <meta>
        <imdb>tt0235133</imdb>
        <content>movie</content>
        <title>Ring: Kanzenban</title>
        <year>1995</year>
    </meta>
    <link>
        <sublink>search</sublink>
        <sublink>searchsd</sublink>
    </link>
    <thumbnail>https://image.tmdb.org/t/p/w1280//zuT6PrsV6Ki7rsx1VoCR2xbN6lD.jpg</thumbnail>
    <fanart>https://image.tmdb.org/t/p/w1280//sbOcUaGzNAnD4T4BUi8O8eEUpWP.jpg</fanart>
</item>
<item>
    <title>301, 302</title>
    <meta>
        <imdb>tt0112257</imdb>
        <content>movie</content>
        <title>301, 302</title>
        <year>1995</year>
    </meta>
    <link>
        <sublink>search</sublink>
        <sublink>searchsd</sublink>
    </link>
    <thumbnail>https://image.tmdb.org/t/p/w1280//jQ2ZukcQMpVytK2uZHQs6az07ed.jpg</thumbnail>
    <fanart>https://image.tmdb.org/t/p/w1280//yrjPnOUd0OWeK7OGYGhR33LExOh.jpg</fanart>
</item>
