<item>
    <title>Satan Returns</title>
    <meta>
        <imdb>tt0173167</imdb>
        <content>movie</content>
        <title>Satan Returns</title>
        <year>1996</year>
    </meta>
    <link>
        <sublink>search</sublink>
        <sublink>searchsd</sublink>
    </link>
    <thumbnail>https://image.tmdb.org/t/p/w1280//fILGbJLy9wGGJzZ47R1NP5XPYAw.jpg</thumbnail>
    <fanart>https://image.tmdb.org/t/p/w1280//uh4Rfu7Ngrq7pzmkYeKyd9RnvO8.jpg</fanart>
</item>
<item>
    <title>Aatank</title>
    <meta>
        <imdb>tt0446889</imdb>
        <content>movie</content>
        <title>Aatank</title>
        <year>1996</year>
    </meta>
    <link>
        <sublink>search</sublink>
        <sublink>searchsd</sublink>
    </link>
    <thumbnail>https://image.tmdb.org/t/p/w1280//sCJc2XqYLN3b1ORF3DEcTSD4tKG.jpg</thumbnail>
    <fanart>https://image.tmdb.org/t/p/w1280//5Vc67tR3TU7hijiRkkvPI23oFce.jpg</fanart>
</item>
<item>
    <title>Amityville: Dollhouse</title>
    <meta>
        <imdb>tt0115535</imdb>
        <content>movie</content>
        <title>Amityville: Dollhouse</title>
        <year>1996</year>
    </meta>
    <link>
        <sublink>search</sublink>
        <sublink>searchsd</sublink>
    </link>
    <thumbnail>https://image.tmdb.org/t/p/w1280//e2h6nV7RAUiNQNeK4dqbmqbEorF.jpg</thumbnail>
    <fanart>https://image.tmdb.org/t/p/w1280//xCtK8ny3aDTY9GKcF9ISZ7FhKUW.jpg</fanart>
</item>
<item>
    <title>Bad Moon</title>
    <meta>
        <imdb>tt0115610</imdb>
        <content>movie</content>
        <title>Bad Moon</title>
        <year>1996</year>
    </meta>
    <link>
        <sublink>search</sublink>
        <sublink>searchsd</sublink>
    </link>
    <thumbnail>https://image.tmdb.org/t/p/w1280//ivjPm80ZT4MXO1DifALrP0GkOBZ.jpg</thumbnail>
    <fanart>https://image.tmdb.org/t/p/w1280//u71KG4VK09yYUz5xpV570Dd2qDr.jpg</fanart>
</item>
<item>
    <title>Bordello of Blood</title>
    <meta>
        <imdb>tt0117826</imdb>
        <content>movie</content>
        <title>Bordello of Blood</title>
        <year>1996</year>
    </meta>
    <link>
        <sublink>search</sublink>
        <sublink>searchsd</sublink>
    </link>
    <thumbnail>https://image.tmdb.org/t/p/w1280//292zoBgpb7CzMdMqTZDrJROXduR.jpg</thumbnail>
    <fanart>https://image.tmdb.org/t/p/w1280//tvlN062QAndxhxHXgKwJoFjea6F.jpg</fanart>
</item>
<item>
    <title>Carnosaur 3: Primal Species</title>
    <meta>
        <imdb>tt0115834</imdb>
        <content>movie</content>
        <title>Carnosaur 3: Primal Species</title>
        <year>1996</year>
    </meta>
    <link>
        <sublink>search</sublink>
        <sublink>searchsd</sublink>
    </link>
    <thumbnail>https://image.tmdb.org/t/p/w1280//ewNhASQV6zZnzomND2m1VBfs2Hh.jpg</thumbnail>
    <fanart>https://image.tmdb.org/t/p/w1280//cG8JfLpTUdzNTOHI8xRJLpeZd1X.jpg</fanart>
</item>
<item>
    <title>Children of the Corn IV: The Gathering</title>
    <meta>
        <imdb>tt0115885</imdb>
        <content>movie</content>
        <title>Children of the Corn IV: The Gathering</title>
        <year>1996</year>
    </meta>
    <link>
        <sublink>search</sublink>
        <sublink>searchsd</sublink>
    </link>
    <thumbnail>https://image.tmdb.org/t/p/w1280//tRjeV9AZgCXGTqyvlp7Ui55Yb3l.jpg</thumbnail>
    <fanart>https://image.tmdb.org/t/p/w1280//nDlE10yY2kXla8SBtLvqz32LhTO.jpg</fanart>
</item>
<item>
    <title>The Craft</title>
    <meta>
        <imdb>tt0115963</imdb>
        <content>movie</content>
        <title>The Craft</title>
        <year>1996</year>
    </meta>
    <link>
        <sublink>search</sublink>
        <sublink>searchsd</sublink>
    </link>
    <thumbnail>https://image.tmdb.org/t/p/w1280//5QoAIazIjidUcnD4Vggvmvg42NW.jpg</thumbnail>
    <fanart>https://image.tmdb.org/t/p/w1280//doMoN3efVN4NefceDtLVY8879fR.jpg</fanart>
</item>
<item>
    <title>The Dentist</title>
    <meta>
        <imdb>tt0116075</imdb>
        <content>movie</content>
        <title>The Dentist</title>
        <year>1996</year>
    </meta>
    <link>
        <sublink>search</sublink>
        <sublink>searchsd</sublink>
    </link>
    <thumbnail>https://image.tmdb.org/t/p/w1280//aCi2qpZPpzyNw6UQ32zs7W11Aje.jpg</thumbnail>
    <fanart>https://image.tmdb.org/t/p/w1280//gkGrcxU9qtzQ17zEPtN58BTYZgg.jpg</fanart>
</item>
<item>
    <title>Diabolique</title>
    <meta>
        <imdb>tt0116095</imdb>
        <content>movie</content>
        <title>Diabolique</title>
        <year>1996</year>
    </meta>
    <link>
        <sublink>search</sublink>
        <sublink>searchsd</sublink>
    </link>
    <thumbnail>https://image.tmdb.org/t/p/w1280//woBHA1Obn53zziO6h0N9340SGMv.jpg</thumbnail>
    <fanart>https://image.tmdb.org/t/p/w1280//xe3l0BfhHFk4tIB7DpxLwFbFV9b.jpg</fanart>
</item>
<item>
    <title>Eko Eko Azarak II</title>
    <meta>
        <imdb>tt0116178</imdb>
        <content>movie</content>
        <title>Eko Eko Azarak II</title>
        <year>1996</year>
    </meta>
    <link>
        <sublink>search</sublink>
        <sublink>searchsd</sublink>
    </link>
    <thumbnail>https://image.tmdb.org/t/p/w1280//t1ldCKzpqyQ5kOxdkWKq3h92fhX.jpg</thumbnail>
    <fanart>https://image.tmdb.org/t/p/w1280//loNFzugbMAwZrMFTa9ob1hqjGrA.jpg</fanart>
</item>
<item>
    <title>Feeders</title>
    <meta>
        <imdb>tt0183072</imdb>
        <content>movie</content>
        <title>Feeders</title>
        <year>1996</year>
    </meta>
    <link>
        <sublink>search</sublink>
        <sublink>searchsd</sublink>
    </link>
    <thumbnail>https://image.tmdb.org/t/p/w1280//r2d0ka2w4DlBkWn3mewHntAHHAW.jpg</thumbnail>
    <fanart/>
</item>
<item>
    <title>The Frighteners</title>
    <meta>
        <imdb>tt0116365</imdb>
        <content>movie</content>
        <title>The Frighteners</title>
        <year>1996</year>
    </meta>
    <link>
        <sublink>search</sublink>
        <sublink>searchsd</sublink>
    </link>
    <thumbnail>https://image.tmdb.org/t/p/w1280//cS3QPtMsE1jsEWUww5WsPE275Jb.jpg</thumbnail>
    <fanart>https://image.tmdb.org/t/p/w1280//tUjjDjFRLIXS0298EnskwskTA23.jpg</fanart>
</item>
<item>
    <title>From Dusk Till Dawn</title>
    <meta>
        <imdb>tt0116367</imdb>
        <content>movie</content>
        <title>From Dusk Till Dawn</title>
        <year>1996</year>
    </meta>
    <link>
        <sublink>search</sublink>
        <sublink>searchsd</sublink>
    </link>
    <thumbnail>https://image.tmdb.org/t/p/w1280//ce0d4kM5KxT4x1Oq8JkSuNYevri.jpg</thumbnail>
    <fanart>https://image.tmdb.org/t/p/w1280//3kPTAFgx2BftDOexBe41k8kqSRD.jpg</fanart>
</item>
<item>
    <title>Frostbiter: Wrath of the Wendigo</title>
    <meta>
        <imdb>tt0116371</imdb>
        <content>movie</content>
        <title>Frostbiter: Wrath of the Wendigo</title>
        <year>1995</year>
    </meta>
    <link>
        <sublink>search</sublink>
        <sublink>searchsd</sublink>
    </link>
    <thumbnail>https://image.tmdb.org/t/p/w1280//s1B8VoY7vUn17FPUoOQOjAPwNE6.jpg</thumbnail>
    <fanart/>
</item>
<item>
    <title>The Ghost and the Darkness</title>
    <meta>
        <imdb>tt0116409</imdb>
        <content>movie</content>
        <title>The Ghost and the Darkness</title>
        <year>1996</year>
    </meta>
    <link>
        <sublink>search</sublink>
        <sublink>searchsd</sublink>
    </link>
    <thumbnail>https://image.tmdb.org/t/p/w1280//3KEPs6RKlin9pT9fqjtW7MSLC8H.jpg</thumbnail>
    <fanart>https://image.tmdb.org/t/p/w1280//6WnOmyB03Wqwssms5Wc89SBDN02.jpg</fanart>
</item>
<item>
    <title>The Grave</title>
    <meta>
        <imdb>tt0116446</imdb>
        <content>movie</content>
        <title>The Grave</title>
        <year>1996</year>
    </meta>
    <link>
        <sublink>search</sublink>
        <sublink>searchsd</sublink>
    </link>
    <thumbnail>https://image.tmdb.org/t/p/w1280//sV96CEKMWQN5AtVWrT9NMx7RBDS.jpg</thumbnail>
    <fanart>https://image.tmdb.org/t/p/w1280//4bF8c15XabWXF0PQTvy8whJJ4vo.jpg</fanart>
</item>
<item>
    <title>Head of the Family</title>
    <meta>
        <imdb>tt0116503</imdb>
        <content>movie</content>
        <title>Head of the Family</title>
        <year>1996</year>
    </meta>
    <link>
        <sublink>search</sublink>
        <sublink>searchsd</sublink>
    </link>
    <thumbnail>https://image.tmdb.org/t/p/w1280//y81EP5y8tkYJ0tuvhr7agjnqRHo.jpg</thumbnail>
    <fanart>https://image.tmdb.org/t/p/w1280//a0Bt1e93nWzJbA5LDL62OkErixl.jpg</fanart>
</item>
<item>
    <title>Hellraiser: Bloodline</title>
    <meta>
        <imdb>tt0116514</imdb>
        <content>movie</content>
        <title>Hellraiser: Bloodline</title>
        <year>1996</year>
    </meta>
    <link>
        <sublink>search</sublink>
        <sublink>searchsd</sublink>
    </link>
    <thumbnail>https://image.tmdb.org/t/p/w1280//gw8wzitvvPUX7pK6a56KPDbxFqB.jpg</thumbnail>
    <fanart>https://image.tmdb.org/t/p/w1280//eguO5JybsZ649vW14ktBt8Tn4Tz.jpg</fanart>
</item>
<item>
    <title>The Island of Dr. Moreau</title>
    <meta>
        <imdb>tt0116654</imdb>
        <content>movie</content>
        <title>The Island of Dr. Moreau</title>
        <year>1996</year>
    </meta>
    <link>
        <sublink>search</sublink>
        <sublink>searchsd</sublink>
    </link>
    <thumbnail>https://image.tmdb.org/t/p/w1280//hOJeQXve8W9rNRhdgC1WV3GQJyA.jpg</thumbnail>
    <fanart>https://image.tmdb.org/t/p/w1280//zLwMAxyb0du3NDPsjqjWcQBlKrG.jpg</fanart>
</item>
<item>
    <title>Judge and Jury</title>
    <meta>
        <imdb>tt0116723</imdb>
        <content>movie</content>
        <title>Judge and Jury</title>
        <year>1997</year>
    </meta>
    <link>
        <sublink>search</sublink>
        <sublink>searchsd</sublink>
    </link>
    <thumbnail>https://image.tmdb.org/t/p/w1280//u7CXGo4Xz8gNsCYBo0whr6M40Eu.jpg</thumbnail>
    <fanart/>
</item>
<item>
    <title>The Stendhal Syndrome</title>
    <meta>
        <imdb>tt0117658</imdb>
        <content>movie</content>
        <title>The Stendhal Syndrome</title>
        <year>1996</year>
    </meta>
    <link>
        <sublink>search</sublink>
        <sublink>searchsd</sublink>
    </link>
    <thumbnail>https://image.tmdb.org/t/p/w1280//hYGuGcIOBG4RRucfRB1m3PJLq3M.jpg</thumbnail>
    <fanart>https://image.tmdb.org/t/p/w1280//8wx8mjGjmDFpHFjFZpapEYZ9oNS.jpg</fanart>
</item>
<item>
    <title>Lawnmower Man 2: Beyond Cyberspace</title>
    <meta>
        <imdb>tt0116839</imdb>
        <content>movie</content>
        <title>Lawnmower Man 2: Beyond Cyberspace</title>
        <year>1996</year>
    </meta>
    <link>
        <sublink>search</sublink>
        <sublink>searchsd</sublink>
    </link>
    <thumbnail>https://image.tmdb.org/t/p/w1280//i0hBsWBLw64XRehFzCL44PaCs1y.jpg</thumbnail>
    <fanart>https://image.tmdb.org/t/p/w1280//lm18OwMdkW34dbuU2x6CFEub3ar.jpg</fanart>
</item>
<item>
    <title>The Legend of Gator Face</title>
    <meta>
        <imdb>tt0116848</imdb>
        <content>movie</content>
        <title>The Legend of Gator Face</title>
        <year>1996</year>
    </meta>
    <link>
        <sublink>search</sublink>
        <sublink>searchsd</sublink>
    </link>
    <thumbnail>https://image.tmdb.org/t/p/w1280//dE7yLthIC9cRBG17hWynz0vsJtR.jpg</thumbnail>
    <fanart>https://image.tmdb.org/t/p/w1280//ubogTSf9qRKiK1MyRtdw4gSalUD.jpg</fanart>
</item>
<item>
    <title>Lycantropus: The Moonlight Murders</title>
    <meta>
        <imdb>tt0116869</imdb>
        <content>movie</content>
        <title>Lycantropus: The Moonlight Murders</title>
        <year>1996</year>
    </meta>
    <link>
        <sublink>search</sublink>
        <sublink>searchsd</sublink>
    </link>
    <thumbnail>https://image.tmdb.org/t/p/w1280//8GHGYvjBRKXPbbGfLgCiRtKqnN8.jpg</thumbnail>
    <fanart/>
</item>
<item>
    <title>Little Witches</title>
    <meta>
        <imdb>tt0116897</imdb>
        <content>movie</content>
        <title>Little Witches</title>
        <year>1996</year>
    </meta>
    <link>
        <sublink>search</sublink>
        <sublink>searchsd</sublink>
    </link>
    <thumbnail>https://image.tmdb.org/t/p/w1280//n9dM2qs1X4tvOP5vuZmBLNxjMOe.jpg</thumbnail>
    <fanart>https://image.tmdb.org/t/p/w1280//9M3KLxmfEcn1K3BPq5cSzUt2kBc.jpg</fanart>
</item>
<item>
    <title>Mary Reilly</title>
    <meta>
        <imdb>tt0117002</imdb>
        <content>movie</content>
        <title>Mary Reilly</title>
        <year>1996</year>
    </meta>
    <link>
        <sublink>search</sublink>
        <sublink>searchsd</sublink>
    </link>
    <thumbnail>https://image.tmdb.org/t/p/w1280//Oesh4pN5J2ing4flkgkiVdxILP.jpg</thumbnail>
    <fanart>https://image.tmdb.org/t/p/w1280//mErnrp6gxgSw7eYVnuos3k8EkWf.jpg</fanart>
</item>
<item>
    <title>Merlin's Shop of Mystical Wonders</title>
    <meta>
        <imdb>tt0174917</imdb>
        <content>movie</content>
        <title>Merlin's Shop of Mystical Wonders</title>
        <year>1996</year>
    </meta>
    <link>
        <sublink>search</sublink>
        <sublink>searchsd</sublink>
    </link>
    <thumbnail>https://image.tmdb.org/t/p/w1280//kzhJTLFggoXWAcF5WmElTxaiCPk.jpg</thumbnail>
    <fanart>https://image.tmdb.org/t/p/w1280//ymDdJODDOs1q41U88NHVV1AFMhi.jpg</fanart>
</item>
<item>
    <title>Backstabbed</title>
    <meta>
        <imdb>tt0117140</imdb>
        <content>movie</content>
        <title>Backstabbed</title>
        <year>1996</year>
    </meta>
    <link>
        <sublink>search</sublink>
        <sublink>searchsd</sublink>
    </link>
    <thumbnail>https://image.tmdb.org/t/p/w1280//qQXxwtJCkG4stxU78brkvNFLTa8.jpg</thumbnail>
    <fanart>https://image.tmdb.org/t/p/w1280//hAYadxMaNg0TOrxjQNCdgqMot1i.jpg</fanart>
</item>
<item>
    <title>Papi Gudia</title>
    <meta>
        <imdb>tt0267813</imdb>
        <content>movie</content>
        <title>Papi Gudia</title>
        <year>1996</year>
    </meta>
    <link>
        <sublink>search</sublink>
        <sublink>searchsd</sublink>
    </link>
    <thumbnail>https://image.tmdb.org/t/p/w1280//pQ5rkZ6qjegOTfRUKdo1Bg95It9.jpg</thumbnail>
    <fanart/>
</item>
<item>
    <title>Pinocchio's Revenge</title>
    <meta>
        <imdb>tt0117342</imdb>
        <content>movie</content>
        <title>Pinocchio's Revenge</title>
        <year>1996</year>
    </meta>
    <link>
        <sublink>search</sublink>
        <sublink>searchsd</sublink>
    </link>
    <thumbnail>https://image.tmdb.org/t/p/w1280//m15Qay3TwRb9FPsPM76LxjPdQc.jpg</thumbnail>
    <fanart>https://image.tmdb.org/t/p/w1280//7lBqd6ojwoOjWCAI4MIx1yrTnz7.jpg</fanart>
</item>
<item>
    <title>Rubber's Lover</title>
    <meta>
        <imdb>tt0227408</imdb>
        <content>movie</content>
        <title>Rubber's Lover</title>
        <year>1996</year>
    </meta>
    <link>
        <sublink>search</sublink>
        <sublink>searchsd</sublink>
    </link>
    <thumbnail>https://image.tmdb.org/t/p/w1280//geoHA5DJ5elNBGGhtqWbbNiO7o6.jpg</thumbnail>
    <fanart>https://image.tmdb.org/t/p/w1280//2waiRMhkrmSVgkfmGtErqlzorrA.jpg</fanart>
</item>
<item>
    <title>Satanic Yuppies</title>
    <meta>
        <imdb>None</imdb>
        <content>movie</content>
        <title>Satanic Yuppies</title>
        <year>1996</year>
    </meta>
    <link>
        <sublink>search</sublink>
        <sublink>searchsd</sublink>
    </link>
    <thumbnail>https://image.tmdb.org/t/p/w1280//hi3OTN3kzuQs2PlsTNWLrc0padt.jpg</thumbnail>
    <fanart/>
</item>
<item>
    <title>Scream</title>
    <meta>
        <imdb>tt0117571</imdb>
        <content>movie</content>
        <title>Scream</title>
        <year>1996</year>
    </meta>
    <link>
        <sublink>search</sublink>
        <sublink>searchsd</sublink>
    </link>
    <thumbnail>https://image.tmdb.org/t/p/w1280//ewi7gYW22t8T3piRvrXO73GlzuL.jpg</thumbnail>
    <fanart>https://image.tmdb.org/t/p/w1280//cafeYH18ZoxiZNqmhSrmyLRIx8f.jpg</fanart>
</item>
<item>
    <title>Shadow Zone: The Undead Express</title>
    <meta>
        <imdb>tt0117613</imdb>
        <content>movie</content>
        <title>Shadow Zone: The Undead Express</title>
        <year>1996</year>
    </meta>
    <link>
        <sublink>search</sublink>
        <sublink>searchsd</sublink>
    </link>
    <thumbnail>https://image.tmdb.org/t/p/w1280//21BM0kqUtv3cFxI73ob52TYNHKx.jpg</thumbnail>
    <fanart/>
</item>
<item>
    <title>Sometimes They Come Back... Again</title>
    <meta>
        <imdb>tt0117692</imdb>
        <content>movie</content>
        <title>Sometimes They Come Back... Again</title>
        <year>1996</year>
    </meta>
    <link>
        <sublink>search</sublink>
        <sublink>searchsd</sublink>
    </link>
    <thumbnail>https://image.tmdb.org/t/p/w1280//1AP3E6kGBt4MLMwPZCh3FpmSane.jpg</thumbnail>
    <fanart>https://image.tmdb.org/t/p/w1280//lbmw6KlWMK4SmqjBrjA8Bjas0ui.jpg</fanart>
</item>
<item>
    <title>Thesis</title>
    <meta>
        <imdb>tt0117883</imdb>
        <content>movie</content>
        <title>Thesis</title>
        <year>1996</year>
    </meta>
    <link>
        <sublink>search</sublink>
        <sublink>searchsd</sublink>
    </link>
    <thumbnail>https://image.tmdb.org/t/p/w1280//uW2CrHzSz8zuAZcWCrz3QcyGH5m.jpg</thumbnail>
    <fanart>https://image.tmdb.org/t/p/w1280//nceRv35ZoaS1ltghMgvfJJyLobA.jpg</fanart>
</item>
<item>
    <title>Thinner</title>
    <meta>
        <imdb>tt0117894</imdb>
        <content>movie</content>
        <title>Thinner</title>
        <year>1996</year>
    </meta>
    <link>
        <sublink>search</sublink>
        <sublink>searchsd</sublink>
    </link>
    <thumbnail>https://image.tmdb.org/t/p/w1280//wmnTIiRf3Nl5jhMlqLRXQY5msN6.jpg</thumbnail>
    <fanart>https://image.tmdb.org/t/p/w1280//fPAP1oYdXIm2ajG9f8xdhgbKJTO.jpg</fanart>
</item>
<item>
    <title>Tremors 2: Aftershocks</title>
    <meta>
        <imdb>tt0114720</imdb>
        <content>movie</content>
        <title>Tremors 2: Aftershocks</title>
        <year>1996</year>
    </meta>
    <link>
        <sublink>search</sublink>
        <sublink>searchsd</sublink>
    </link>
    <thumbnail>https://image.tmdb.org/t/p/w1280//paM021FyQsgsErxRa7ywRz7EQCv.jpg</thumbnail>
    <fanart>https://image.tmdb.org/t/p/w1280//2bDHsCIznQT0ZS6SdsTnJS4fPvV.jpg</fanart>
</item>
<item>
    <title>Trilogy of Terror II</title>
    <meta>
        <imdb>tt0117966</imdb>
        <content>movie</content>
        <title>Trilogy of Terror II</title>
        <year>1996</year>
    </meta>
    <link>
        <sublink>search</sublink>
        <sublink>searchsd</sublink>
    </link>
    <thumbnail>https://image.tmdb.org/t/p/w1280//5QFPqKCyYMIKvujRIJzFJ5LlwNs.jpg</thumbnail>
    <fanart>https://image.tmdb.org/t/p/w1280//gzdBi4XoJolYu7vCELYiAiNDGR0.jpg</fanart>
</item>
<item>
    <title>Uncle Sam</title>
    <meta>
        <imdb>tt0118025</imdb>
        <content>movie</content>
        <title>Uncle Sam</title>
        <year>1997</year>
    </meta>
    <link>
        <sublink>search</sublink>
        <sublink>searchsd</sublink>
    </link>
    <thumbnail>https://image.tmdb.org/t/p/w1280//7Q3kCwlE6UQS82tSvNrPdocMthI.jpg</thumbnail>
    <fanart>https://image.tmdb.org/t/p/w1280//brANhnJMDFGup1jTxMFYzFBGalY.jpg</fanart>
</item>
<item>
    <title>The Uninvited</title>
    <meta>
        <imdb>tt0141937</imdb>
        <content>movie</content>
        <title>The Uninvited</title>
        <year>1996</year>
    </meta>
    <link>
        <sublink>search</sublink>
        <sublink>searchsd</sublink>
    </link>
    <thumbnail>https://image.tmdb.org/t/p/w1280//qMJ75nJ1t7S0N3pktDM8oB2T7Ls.jpg</thumbnail>
    <fanart/>
</item>
<item>
    <title>Vampirella</title>
    <meta>
        <imdb>tt0118063</imdb>
        <content>movie</content>
        <title>Vampirella</title>
        <year>1996</year>
    </meta>
    <link>
        <sublink>search</sublink>
        <sublink>searchsd</sublink>
    </link>
    <thumbnail>https://image.tmdb.org/t/p/w1280//7MM58Os9McIDNi5e6oRrkulByeL.jpg</thumbnail>
    <fanart>https://image.tmdb.org/t/p/w1280//v85E3G2rPI39uClczRVwxtPcjI.jpg</fanart>
</item>
<item>
    <title>Witchcraft 8: Salem's Ghost</title>
    <meta>
        <imdb>tt0114959</imdb>
        <content>movie</content>
        <title>Witchcraft 8: Salem's Ghost</title>
        <year>1996</year>
    </meta>
    <link>
        <sublink>search</sublink>
        <sublink>searchsd</sublink>
    </link>
    <thumbnail>https://image.tmdb.org/t/p/w1280//kdHk2mP9Z1VmZ1cKtJWlaS7VlRO.jpg</thumbnail>
    <fanart/>
</item>
<item>
    <title>Within the Rock</title>
    <meta>
        <imdb>tt0118183</imdb>
        <content>movie</content>
        <title>Within the Rock</title>
        <year>1996</year>
    </meta>
    <link>
        <sublink>search</sublink>
        <sublink>searchsd</sublink>
    </link>
    <thumbnail>https://image.tmdb.org/t/p/w1280//pcMTIoXy9vBhaDK8j5BcBRpLNuY.jpg</thumbnail>
    <fanart>https://image.tmdb.org/t/p/w1280//9bonVI1OcbcLCrvA4L9RgzlVVwN.jpg</fanart>
</item>
<item>
    <title>Ebola Syndrome</title>
    <meta>
        <imdb>tt0116163</imdb>
        <content>movie</content>
        <title>Ebola Syndrome</title>
        <year>1996</year>
    </meta>
    <link>
        <sublink>search</sublink>
        <sublink>searchsd</sublink>
    </link>
    <thumbnail>https://image.tmdb.org/t/p/w1280//kL1CZNn12CXnKXe5bTwbBUmqA8E.jpg</thumbnail>
    <fanart>https://image.tmdb.org/t/p/w1280//yn51QnX0sn5IjvnaBIYZsWqUWvU.jpg</fanart>
</item>
<item>
    <title>Devil's Woman</title>
    <meta>
        <imdb>tt0184767</imdb>
        <content>movie</content>
        <title>Devil's Woman</title>
        <year>1996</year>
    </meta>
    <link>
        <sublink>search</sublink>
        <sublink>searchsd</sublink>
    </link>
    <thumbnail>https://image.tmdb.org/t/p/w1280//oJD5qeG7V8O8ndQPUkTISIUhUgN.jpg</thumbnail>
    <fanart/>
</item>
<item>
    <title>Don't Look Up</title>
    <meta>
        <imdb>tt0229499</imdb>
        <content>movie</content>
        <title>Don't Look Up</title>
        <year>1996</year>
    </meta>
    <link>
        <sublink>search</sublink>
        <sublink>searchsd</sublink>
    </link>
    <thumbnail>https://image.tmdb.org/t/p/w1280//5MvrCILApLzAL8m2eEI7geD4hxq.jpg</thumbnail>
    <fanart>https://image.tmdb.org/t/p/w1280//5TdReeO0c4WeKxOZDSFJmJFurWi.jpg</fanart>
</item>
<item>
    <title>Baptism of Blood</title>
    <meta>
        <imdb>tt0229715</imdb>
        <content>movie</content>
        <title>Baptism of Blood</title>
        <year>1996</year>
    </meta>
    <link>
        <sublink>search</sublink>
        <sublink>searchsd</sublink>
    </link>
    <thumbnail>https://image.tmdb.org/t/p/w1280//vxWKPtD0uT4bLxusrAaPBlvVtgF.jpg</thumbnail>
    <fanart/>
</item>
