<item>
    <title>AVP: Alien vs. Predator</title>
    <meta>
        <imdb>tt0370263</imdb>
        <content>movie</content>
        <title>AVP: Alien vs. Predator</title>
        <year>2004</year>
    </meta>
    <link>
        <sublink>search</sublink>
        <sublink>searchsd</sublink>
    </link>
    <thumbnail>https://image.tmdb.org/t/p/w1280//9xzRKUBIqLwhhOYtcE7P1BbWXP9.jpg</thumbnail>
    <fanart>https://image.tmdb.org/t/p/w1280//1vRCFWKPydH82T1wsPMYkRjcZXY.jpg</fanart>
</item>
<item>
    <title>Adam & Evil</title>
    <meta>
        <imdb>tt0357414</imdb>
        <content>movie</content>
        <title>Adam & Evil</title>
        <year>2004</year>
    </meta>
    <link>
        <sublink>search</sublink>
        <sublink>searchsd</sublink>
    </link>
    <thumbnail>https://image.tmdb.org/t/p/w1280//kHgagicvHHkbejPgGwNiYWKMLQg.jpg</thumbnail>
    <fanart>https://image.tmdb.org/t/p/w1280//40wFwFXNL0hsgUHtmOa4uNi934u.jpg</fanart>
</item>
<item>
    <title>Anacondas: The Hunt for the Blood Orchid</title>
    <meta>
        <imdb>tt0366174</imdb>
        <content>movie</content>
        <title>Anacondas: The Hunt for the Blood Orchid</title>
        <year>2004</year>
    </meta>
    <link>
        <sublink>search</sublink>
        <sublink>searchsd</sublink>
    </link>
    <thumbnail>https://image.tmdb.org/t/p/w1280//kgTZK00U6fMMXj8C4G6174ZZUe7.jpg</thumbnail>
    <fanart>https://image.tmdb.org/t/p/w1280//nSfPTyb342NQxbCZnWW8IUSVld.jpg</fanart>
</item>
<item>
    <title>Art of the Devil</title>
    <meta>
        <imdb>tt0444759</imdb>
        <content>movie</content>
        <title>Art of the Devil</title>
        <year>2004</year>
    </meta>
    <link>
        <sublink>search</sublink>
        <sublink>searchsd</sublink>
    </link>
    <thumbnail>https://image.tmdb.org/t/p/w1280//rxLlAzwihpsUQQXAbNVmKg2peBZ.jpg</thumbnail>
    <fanart>https://image.tmdb.org/t/p/w1280//jgJZrUMzpiFCp48MUbOg6wqrb88.jpg</fanart>
</item>
<item>
    <title>Blade: Trinity</title>
    <meta>
        <imdb>tt0359013</imdb>
        <content>movie</content>
        <title>Blade: Trinity</title>
        <year>2004</year>
    </meta>
    <link>
        <sublink>search</sublink>
        <sublink>searchsd</sublink>
    </link>
    <thumbnail>https://image.tmdb.org/t/p/w1280//4WinsdHQBdh5aTt7Bd7T7dbUXbb.jpg</thumbnail>
    <fanart>https://image.tmdb.org/t/p/w1280//cYYMPIL4IxrSeNxv9VnWf8bWqhm.jpg</fanart>
</item>
<item>
    <title>Bone Sickness</title>
    <meta>
        <imdb>tt0433346</imdb>
        <content>movie</content>
        <title>Bone Sickness</title>
        <year>2004</year>
    </meta>
    <link>
        <sublink>search</sublink>
        <sublink>searchsd</sublink>
    </link>
    <thumbnail>https://image.tmdb.org/t/p/w1280//jzchVZ8jJntv8iju4ftwUCMGlVH.jpg</thumbnail>
    <fanart/>
</item>
<item>
    <title>Club Dread</title>
    <meta>
        <imdb>tt0331953</imdb>
        <content>movie</content>
        <title>Club Dread</title>
        <year>2004</year>
    </meta>
    <link>
        <sublink>search</sublink>
        <sublink>searchsd</sublink>
    </link>
    <thumbnail>https://image.tmdb.org/t/p/w1280//41XxICbXGTl4O8dUYhaGGtEKv6A.jpg</thumbnail>
    <fanart>https://image.tmdb.org/t/p/w1280//6Mh45I2bE4uEjy19Jk45THEmLd0.jpg</fanart>
</item>
<item>
    <title>Creep</title>
    <meta>
        <imdb>tt0381966</imdb>
        <content>movie</content>
        <title>Creep</title>
        <year>2004</year>
    </meta>
    <link>
        <sublink>search</sublink>
        <sublink>searchsd</sublink>
    </link>
    <thumbnail>https://image.tmdb.org/t/p/w1280//w5oxV6MDEfL48FMK9BmYTD2wQRm.jpg</thumbnail>
    <fanart>https://image.tmdb.org/t/p/w1280//rQoRTA8J8HL5cTogOhgeLhLGAw9.jpg</fanart>
</item>
<item>
    <title>Cube Zero</title>
    <meta>
        <imdb>tt0377713</imdb>
        <content>movie</content>
        <title>Cube Zero</title>
        <year>2004</year>
    </meta>
    <link>
        <sublink>search</sublink>
        <sublink>searchsd</sublink>
    </link>
    <thumbnail>https://image.tmdb.org/t/p/w1280//m6Vn1rysx6vmgJuy78Ih9QxFoOy.jpg</thumbnail>
    <fanart>https://image.tmdb.org/t/p/w1280//rfhi32NE6umIFII5p0CHFno9Lrh.jpg</fanart>
</item>
<item>
    <title>The Curse of the Komodo</title>
    <meta>
        <imdb>tt0346811</imdb>
        <content>movie</content>
        <title>The Curse of the Komodo</title>
        <year>2004</year>
    </meta>
    <link>
        <sublink>search</sublink>
        <sublink>searchsd</sublink>
    </link>
    <thumbnail>https://image.tmdb.org/t/p/w1280//7oJEwqiTS8LEOAy3BLBY8EzAHhY.jpg</thumbnail>
    <fanart>https://image.tmdb.org/t/p/w1280//p22o8ZYUi1Gs1SewNqd5dWgIonu.jpg</fanart>
</item>
<item>
    <title>Dawn of the Dead</title>
    <meta>
        <imdb>tt0363547</imdb>
        <content>movie</content>
        <title>Dawn of the Dead</title>
        <year>2004</year>
    </meta>
    <link>
        <sublink>search</sublink>
        <sublink>searchsd</sublink>
    </link>
    <thumbnail>https://image.tmdb.org/t/p/w1280//yfqsgzW6AQYmBjIEIq0y9EB1Rgl.jpg</thumbnail>
    <fanart>https://image.tmdb.org/t/p/w1280//57BgxsqgUy31KkTiUPTxVDQD3Xo.jpg</fanart>
</item>
<item>
    <title>Dead & Breakfast</title>
    <meta>
        <imdb>tt0350774</imdb>
        <content>movie</content>
        <title>Dead & Breakfast</title>
        <year>2004</year>
    </meta>
    <link>
        <sublink>search</sublink>
        <sublink>searchsd</sublink>
    </link>
    <thumbnail>https://image.tmdb.org/t/p/w1280//o0IGvvjnOzWAA4GwphgHoR7y2b5.jpg</thumbnail>
    <fanart>https://image.tmdb.org/t/p/w1280//gEW535p2kpmq9sk6kAe3IsJLwSz.jpg</fanart>
</item>
<item>
    <title>Dead Birds</title>
    <meta>
        <imdb>tt0377749</imdb>
        <content>movie</content>
        <title>Dead Birds</title>
        <year>2004</year>
    </meta>
    <link>
        <sublink>search</sublink>
        <sublink>searchsd</sublink>
    </link>
    <thumbnail>https://image.tmdb.org/t/p/w1280//h2jmFPZhEkCALleZPO468IvUw6u.jpg</thumbnail>
    <fanart>https://image.tmdb.org/t/p/w1280//iEY6iZY56B9n1ppoMHp7GaT3mmw.jpg</fanart>
</item>
<item>
    <title>Dead Meat</title>
    <meta>
        <imdb>tt0369359</imdb>
        <content>movie</content>
        <title>Dead Meat</title>
        <year>2004</year>
    </meta>
    <link>
        <sublink>search</sublink>
        <sublink>searchsd</sublink>
    </link>
    <thumbnail>https://image.tmdb.org/t/p/w1280//t9BW8DXVXWHoxt3qlLMPbKd4hUk.jpg</thumbnail>
    <fanart>https://image.tmdb.org/t/p/w1280//nXDAVgWKfa5n1JZSjWowySp4wXr.jpg</fanart>
</item>
<item>
    <title>Dinocroc</title>
    <meta>
        <imdb>tt0365653</imdb>
        <content>movie</content>
        <title>Dinocroc</title>
        <year>2004</year>
    </meta>
    <link>
        <sublink>search</sublink>
        <sublink>searchsd</sublink>
    </link>
    <thumbnail>https://image.tmdb.org/t/p/w1280//vvEfmC5Q8AOY1NSbsF2oCFpHhYI.jpg</thumbnail>
    <fanart>https://image.tmdb.org/t/p/w1280//76WgkZpnl3lEYleDPOHGTa3XpPB.jpg</fanart>
</item>
<item>
    <title>Dracula 3000</title>
    <meta>
        <imdb>tt0367677</imdb>
        <content>movie</content>
        <title>Dracula 3000</title>
        <year>2004</year>
    </meta>
    <link>
        <sublink>search</sublink>
        <sublink>searchsd</sublink>
    </link>
    <thumbnail>https://image.tmdb.org/t/p/w1280//oQnTliSJF99JmPG4D6khCI827V6.jpg</thumbnail>
    <fanart>https://image.tmdb.org/t/p/w1280//k6Gngl63bLEF01T8GOnUjZZwkVQ.jpg</fanart>
</item>
<item>
    <title>Exorcist: The Beginning</title>
    <meta>
        <imdb>tt0204313</imdb>
        <content>movie</content>
        <title>Exorcist: The Beginning</title>
        <year>2004</year>
    </meta>
    <link>
        <sublink>search</sublink>
        <sublink>searchsd</sublink>
    </link>
    <thumbnail>https://image.tmdb.org/t/p/w1280//6ZX7GVR6uTTNzYPMNeECXjytAPa.jpg</thumbnail>
    <fanart>https://image.tmdb.org/t/p/w1280//nJeQbUwTPnFdy9OKgOgERttp16v.jpg</fanart>
</item>
<item>
    <title>Frankenfish</title>
    <meta>
        <imdb>tt0384833</imdb>
        <content>movie</content>
        <title>Frankenfish</title>
        <year>2004</year>
    </meta>
    <link>
        <sublink>search</sublink>
        <sublink>searchsd</sublink>
    </link>
    <thumbnail>https://image.tmdb.org/t/p/w1280//x9eR07VIB4e1qEicqNxz5PdB4DY.jpg</thumbnail>
    <fanart>https://image.tmdb.org/t/p/w1280//vk4rzZW3YCmZdO7kf22DGhNzZea.jpg</fanart>
</item>
<item>
    <title>Ginger Snaps 2: Unleashed</title>
    <meta>
        <imdb>tt0353489</imdb>
        <content>movie</content>
        <title>Ginger Snaps 2: Unleashed</title>
        <year>2004</year>
    </meta>
    <link>
        <sublink>search</sublink>
        <sublink>searchsd</sublink>
    </link>
    <thumbnail>https://image.tmdb.org/t/p/w1280//lBL38oUsCwE9p0mIFSkEKXmQBHu.jpg</thumbnail>
    <fanart>https://image.tmdb.org/t/p/w1280//10U9ZSSSw3MpPN2vpGuVgfkigzy.jpg</fanart>
</item>
<item>
    <title>Ginger Snaps Back: The Beginning</title>
    <meta>
        <imdb>tt0365265</imdb>
        <content>movie</content>
        <title>Ginger Snaps Back: The Beginning</title>
        <year>2004</year>
    </meta>
    <link>
        <sublink>search</sublink>
        <sublink>searchsd</sublink>
    </link>
    <thumbnail>https://image.tmdb.org/t/p/w1280//xQG2hhUCQUTJDX7E0Z7zhxumeGw.jpg</thumbnail>
    <fanart>https://image.tmdb.org/t/p/w1280//6WiX5YHelMF0ci2S1xXsiAQ9Jsu.jpg</fanart>
</item>
<item>
    <title>Godsend</title>
    <meta>
        <imdb>tt0335121</imdb>
        <content>movie</content>
        <title>Godsend</title>
        <year>2004</year>
    </meta>
    <link>
        <sublink>search</sublink>
        <sublink>searchsd</sublink>
    </link>
    <thumbnail>https://image.tmdb.org/t/p/w1280//6ma5D4uW33tu9LWBH2G0wGuzUkL.jpg</thumbnail>
    <fanart>https://image.tmdb.org/t/p/w1280//u2yiftT7YTSqfcwTSqWQr4hCvZG.jpg</fanart>
</item>
<item>
    <title>The Grudge</title>
    <meta>
        <imdb>tt0391198</imdb>
        <content>movie</content>
        <title>The Grudge</title>
        <year>2004</year>
    </meta>
    <link>
        <sublink>search</sublink>
        <sublink>searchsd</sublink>
    </link>
    <thumbnail>https://image.tmdb.org/t/p/w1280//y05X9RL0FIcEwoVSTppCPcQwhvf.jpg</thumbnail>
    <fanart>https://image.tmdb.org/t/p/w1280//jLtAbxJvYdveTr3AeBZyzf9dkOM.jpg</fanart>
</item>
<item>
    <title>HellBent</title>
    <meta>
        <imdb>tt0356159</imdb>
        <content>movie</content>
        <title>HellBent</title>
        <year>2004</year>
    </meta>
    <link>
        <sublink>search</sublink>
        <sublink>searchsd</sublink>
    </link>
    <thumbnail>https://image.tmdb.org/t/p/w1280//zFonYlGM4eA1HUq3d4tt2OIU5q0.jpg</thumbnail>
    <fanart>https://image.tmdb.org/t/p/w1280//vZGSnPn3Lg02EzaC1SBUuj9JsjN.jpg</fanart>
</item>
<item>
    <title>The Card Player</title>
    <meta>
        <imdb>tt0330691</imdb>
        <content>movie</content>
        <title>The Card Player</title>
        <year>2004</year>
    </meta>
    <link>
        <sublink>search</sublink>
        <sublink>searchsd</sublink>
    </link>
    <thumbnail>https://image.tmdb.org/t/p/w1280//n1VMeA9SwVAmalacwfXKgPbtc1x.jpg</thumbnail>
    <fanart>https://image.tmdb.org/t/p/w1280//t1hbFai1c6Z9CCnUPmDROMuYwXr.jpg</fanart>
</item>
<item>
    <title>Sars Wars: Bangkok Zombie Crisis</title>
    <meta>
        <imdb>tt0470402</imdb>
        <content>movie</content>
        <title>Sars Wars: Bangkok Zombie Crisis</title>
        <year>2004</year>
    </meta>
    <link>
        <sublink>search</sublink>
        <sublink>searchsd</sublink>
    </link>
    <thumbnail>https://image.tmdb.org/t/p/w1280//xtjhyuHJKpo4PkZS6sGRPvSMqsU.jpg</thumbnail>
    <fanart>https://image.tmdb.org/t/p/w1280//s8fLmY4XiLBJzjiN5VJKwIXfJH4.jpg</fanart>
</item>
<item>
    <title>Madhouse</title>
    <meta>
        <imdb>tt0363276</imdb>
        <content>movie</content>
        <title>Madhouse</title>
        <year>2004</year>
    </meta>
    <link>
        <sublink>search</sublink>
        <sublink>searchsd</sublink>
    </link>
    <thumbnail>https://image.tmdb.org/t/p/w1280//wEVNTUl8Uc5tht3BCVAzhuB5TiD.jpg</thumbnail>
    <fanart>https://image.tmdb.org/t/p/w1280//fpQdWoWPbFoAsHzo64y6cQY1zwQ.jpg</fanart>
</item>
<item>
    <title>Malevolence</title>
    <meta>
        <imdb>tt0388230</imdb>
        <content>movie</content>
        <title>Malevolence</title>
        <year>2004</year>
    </meta>
    <link>
        <sublink>search</sublink>
        <sublink>searchsd</sublink>
    </link>
    <thumbnail>https://image.tmdb.org/t/p/w1280//jdHAdQAaMbu476R5wGt5UGPNeAl.jpg</thumbnail>
    <fanart>https://image.tmdb.org/t/p/w1280//1tSik1QvragjdJW9Pu0rm5gE8gL.jpg</fanart>
</item>
<item>
    <title>Open Water</title>
    <meta>
        <imdb>tt0374102</imdb>
        <content>movie</content>
        <title>Open Water</title>
        <year>2004</year>
    </meta>
    <link>
        <sublink>search</sublink>
        <sublink>searchsd</sublink>
    </link>
    <thumbnail>https://image.tmdb.org/t/p/w1280//hua2eluUhiLvKqwHFPV2aTiY8pp.jpg</thumbnail>
    <fanart>https://image.tmdb.org/t/p/w1280//50ZS8RwRDwioZtu2KAS6KfzEbDO.jpg</fanart>
</item>
<item>
    <title>Puppet Master vs Demonic Toys</title>
    <meta>
        <imdb>tt0431340</imdb>
        <content>movie</content>
        <title>Puppet Master vs Demonic Toys</title>
        <year>2004</year>
    </meta>
    <link>
        <sublink>search</sublink>
        <sublink>searchsd</sublink>
    </link>
    <thumbnail>https://image.tmdb.org/t/p/w1280//fIYxKr05lrUAllkhEgY32448a3d.jpg</thumbnail>
    <fanart>https://image.tmdb.org/t/p/w1280//aHFK4wOgSMeL4JGVzll4ZeUIsdx.jpg</fanart>
</item>
<item>
    <title>Resident Evil: Apocalypse</title>
    <meta>
        <imdb>tt0318627</imdb>
        <content>movie</content>
        <title>Resident Evil: Apocalypse</title>
        <year>2004</year>
    </meta>
    <link>
        <sublink>search</sublink>
        <sublink>searchsd</sublink>
    </link>
    <thumbnail>https://image.tmdb.org/t/p/w1280//zJFZUe1TgvUevJwg2gmSPBbvutF.jpg</thumbnail>
    <fanart>https://image.tmdb.org/t/p/w1280//HiQeRDggI5EYLawYNHRJvB026S.jpg</fanart>
</item>
<item>
    <title>Ring of Darkness</title>
    <meta>
        <imdb>tt0372803</imdb>
        <content>movie</content>
        <title>Ring of Darkness</title>
        <year>2004</year>
    </meta>
    <link>
        <sublink>search</sublink>
        <sublink>searchsd</sublink>
    </link>
    <thumbnail>https://image.tmdb.org/t/p/w1280//xbG8nKofIdpYhPkixLfd8VLftm9.jpg</thumbnail>
    <fanart>https://image.tmdb.org/t/p/w1280//uPBSTdbJEYg37I9XlQkzikdOG7K.jpg</fanart>
</item>
<item>
    <title>Romasanta</title>
    <meta>
        <imdb>tt0374180</imdb>
        <content>movie</content>
        <title>Romasanta</title>
        <year>2004</year>
    </meta>
    <link>
        <sublink>search</sublink>
        <sublink>searchsd</sublink>
    </link>
    <thumbnail>https://image.tmdb.org/t/p/w1280//8maAUntIvqRCVDA0eLO1wDtQFPG.jpg</thumbnail>
    <fanart>https://image.tmdb.org/t/p/w1280//uBvzZ0aMHG0fsO7b7a2xSSCE2dj.jpg</fanart>
</item>
<item>
    <title>House of Voices</title>
    <meta>
        <imdb>tt0367000</imdb>
        <content>movie</content>
        <title>House of Voices</title>
        <year>2004</year>
    </meta>
    <link>
        <sublink>search</sublink>
        <sublink>searchsd</sublink>
    </link>
    <thumbnail>https://image.tmdb.org/t/p/w1280//2d1JogvQG3Hcay30wo8261otfZ6.jpg</thumbnail>
    <fanart>https://image.tmdb.org/t/p/w1280//rQvADJkrhFq9tuYqUixPJ22ttUt.jpg</fanart>
</item>
<item>
    <title>Saw</title>
    <meta>
        <imdb>tt0387564</imdb>
        <content>movie</content>
        <title>Saw</title>
        <year>2004</year>
    </meta>
    <link>
        <sublink>search</sublink>
        <sublink>searchsd</sublink>
    </link>
    <thumbnail>https://image.tmdb.org/t/p/w1280//dHYvIgsax8ZFgkz1OslE4V6Pnf5.jpg</thumbnail>
    <fanart>https://image.tmdb.org/t/p/w1280//wXZB5DV0sgdSlFRUrZdE7fBLGEH.jpg</fanart>
</item>
<item>
    <title>Secret Window</title>
    <meta>
        <imdb>tt0363988</imdb>
        <content>movie</content>
        <title>Secret Window</title>
        <year>2004</year>
    </meta>
    <link>
        <sublink>search</sublink>
        <sublink>searchsd</sublink>
    </link>
    <thumbnail>https://image.tmdb.org/t/p/w1280//f5t7Df50xjniLlE80ty2dYsZBqI.jpg</thumbnail>
    <fanart>https://image.tmdb.org/t/p/w1280//ojsY0XyCSsJvm0n7YTwumQcvBqT.jpg</fanart>
</item>
<item>
    <title>Seed of Chucky</title>
    <meta>
        <imdb>tt0387575</imdb>
        <content>movie</content>
        <title>Seed of Chucky</title>
        <year>2004</year>
    </meta>
    <link>
        <sublink>search</sublink>
        <sublink>searchsd</sublink>
    </link>
    <thumbnail>https://image.tmdb.org/t/p/w1280//vOykTC4dMzEHt2fyOxVRWFnl2pl.jpg</thumbnail>
    <fanart>https://image.tmdb.org/t/p/w1280//joTtQICm7vrGrVitC1bobgBmxUh.jpg</fanart>
</item>
<item>
    <title>Shallow Ground</title>
    <meta>
        <imdb>tt0369918</imdb>
        <content>movie</content>
        <title>Shallow Ground</title>
        <year>2005</year>
    </meta>
    <link>
        <sublink>search</sublink>
        <sublink>searchsd</sublink>
    </link>
    <thumbnail>https://image.tmdb.org/t/p/w1280//1gnMeYyiREaNmV7P0jV1o8svLcU.jpg</thumbnail>
    <fanart>https://image.tmdb.org/t/p/w1280//wp736xsdgoW5iVfY9UJ0Yg9JSal.jpg</fanart>
</item>
<item>
    <title>Shaun of the Dead</title>
    <meta>
        <imdb>tt0365748</imdb>
        <content>movie</content>
        <title>Shaun of the Dead</title>
        <year>2004</year>
    </meta>
    <link>
        <sublink>search</sublink>
        <sublink>searchsd</sublink>
    </link>
    <thumbnail>https://image.tmdb.org/t/p/w1280//ssY4EvRvufUZooNq1buRUrW7lCX.jpg</thumbnail>
    <fanart>https://image.tmdb.org/t/p/w1280//50mMiR0R1QclaAODTutwXBrReLJ.jpg</fanart>
</item>
<item>
    <title>Skeleton Man</title>
    <meta>
        <imdb>tt0372832</imdb>
        <content>movie</content>
        <title>Skeleton Man</title>
        <year>2004</year>
    </meta>
    <link>
        <sublink>search</sublink>
        <sublink>searchsd</sublink>
    </link>
    <thumbnail>https://image.tmdb.org/t/p/w1280//zBr9RtCuadZqm78CbZqnZNx0ofJ.jpg</thumbnail>
    <fanart>https://image.tmdb.org/t/p/w1280//7odNZ3sAdGeBnJfRZC4W2ypUyZ0.jpg</fanart>
</item>
<item>
    <title>The Toolbox Murders</title>
    <meta>
        <imdb>tt0367153</imdb>
        <content>movie</content>
        <title>The Toolbox Murders</title>
        <year>2004</year>
    </meta>
    <link>
        <sublink>search</sublink>
        <sublink>searchsd</sublink>
    </link>
    <thumbnail>https://image.tmdb.org/t/p/w1280//6GNzivnNFeUazUdTEXwcMjTxSkn.jpg</thumbnail>
    <fanart>https://image.tmdb.org/t/p/w1280//5LvLk7R2LtKBc1tOqmauJ0ivlcR.jpg</fanart>
</item>
<item>
    <title>Tremors 4: The Legend Begins</title>
    <meta>
        <imdb>tt0334541</imdb>
        <content>movie</content>
        <title>Tremors 4: The Legend Begins</title>
        <year>2004</year>
    </meta>
    <link>
        <sublink>search</sublink>
        <sublink>searchsd</sublink>
    </link>
    <thumbnail>https://image.tmdb.org/t/p/w1280//gHyIHWdPkO7Sh06fjxcmT9q6HLm.jpg</thumbnail>
    <fanart>https://image.tmdb.org/t/p/w1280//qDHB0BNTAdiXC1e4wAp8waABlES.jpg</fanart>
</item>
<item>
    <title>Van Helsing</title>
    <meta>
        <imdb>tt0338526</imdb>
        <content>movie</content>
        <title>Van Helsing</title>
        <year>2004</year>
    </meta>
    <link>
        <sublink>search</sublink>
        <sublink>searchsd</sublink>
    </link>
    <thumbnail>https://image.tmdb.org/t/p/w1280//s2OPT5CZsZBQYAIlO9Mv4AimHvV.jpg</thumbnail>
    <fanart>https://image.tmdb.org/t/p/w1280//xL05gsaqt6p78L5rBC9fDJBRnEy.jpg</fanart>
</item>
<item>
    <title>The Village</title>
    <meta>
        <imdb>tt0368447</imdb>
        <content>movie</content>
        <title>The Village</title>
        <year>2004</year>
    </meta>
    <link>
        <sublink>search</sublink>
        <sublink>searchsd</sublink>
    </link>
    <thumbnail>https://image.tmdb.org/t/p/w1280//v7UvYtKfIVaHLaHwVgfalyrK7Ho.jpg</thumbnail>
    <fanart>https://image.tmdb.org/t/p/w1280//sWypV7T6AXwmpoSEGrmPkkSsAo0.jpg</fanart>
</item>
<item>
    <title>Zombie Honeymoon</title>
    <meta>
        <imdb>tt0399934</imdb>
        <content>movie</content>
        <title>Zombie Honeymoon</title>
        <year>2004</year>
    </meta>
    <link>
        <sublink>search</sublink>
        <sublink>searchsd</sublink>
    </link>
    <thumbnail>https://image.tmdb.org/t/p/w1280//wZecV9pA7Q2DoIZzDrU5agRirq3.jpg</thumbnail>
    <fanart>https://image.tmdb.org/t/p/w1280//3gMQImCw1E41RzkcRjAlzn56Yb6.jpg</fanart>
</item>
<item>
    <title>Shutter</title>
    <meta>
        <imdb>tt0440803</imdb>
        <content>movie</content>
        <title>Shutter</title>
        <year>2004</year>
    </meta>
    <link>
        <sublink>search</sublink>
        <sublink>searchsd</sublink>
    </link>
    <thumbnail>https://image.tmdb.org/t/p/w1280//wGUrNuUSyvzH21OZ5rdxYKatHAU.jpg</thumbnail>
    <fanart>https://image.tmdb.org/t/p/w1280//88SHQ8ezQ6l6gxiCgEAeViVzG0m.jpg</fanart>
</item>
<item>
    <title>Premonition</title>
    <meta>
        <imdb>tt0419280</imdb>
        <content>movie</content>
        <title>Premonition</title>
        <year>2004</year>
    </meta>
    <link>
        <sublink>search</sublink>
        <sublink>searchsd</sublink>
    </link>
    <thumbnail>https://image.tmdb.org/t/p/w1280//wbvYo7HloM4gdY2XBBFuo8SSTzu.jpg</thumbnail>
    <fanart>https://image.tmdb.org/t/p/w1280//hzOa1uTmeAUTqus4lAKnJZjVTDU.jpg</fanart>
</item>
<item>
    <title>Marebito</title>
    <meta>
        <imdb>tt0434179</imdb>
        <content>movie</content>
        <title>Marebito</title>
        <year>2004</year>
    </meta>
    <link>
        <sublink>search</sublink>
        <sublink>searchsd</sublink>
    </link>
    <thumbnail>https://image.tmdb.org/t/p/w1280//igdUnSiFKApCUzk4yD7mJ1N8Rg7.jpg</thumbnail>
    <fanart>https://image.tmdb.org/t/p/w1280//epnEGAw8Dgi0NIe119x4vW3gp3.jpg</fanart>
</item>
<item>
    <title>Spider Forest</title>
    <meta>
        <imdb>tt0407821</imdb>
        <content>movie</content>
        <title>Spider Forest</title>
        <year>2004</year>
    </meta>
    <link>
        <sublink>search</sublink>
        <sublink>searchsd</sublink>
    </link>
    <thumbnail>https://image.tmdb.org/t/p/w1280//fa14wvX6KZiWP7LHz4pUQ1H5YE4.jpg</thumbnail>
    <fanart>https://image.tmdb.org/t/p/w1280//eM6aOOuRAInEaNAynDrQQDg3NwK.jpg</fanart>
</item>
<item>
    <title>Sisily 2km</title>
    <meta>
        <imdb>tt0420183</imdb>
        <content>movie</content>
        <title>Sisily 2km</title>
        <year>2004</year>
    </meta>
    <link>
        <sublink>search</sublink>
        <sublink>searchsd</sublink>
    </link>
    <thumbnail>https://image.tmdb.org/t/p/w1280//dcasR6zbFGgoYHrvpDYafQ9wPLr.jpg</thumbnail>
    <fanart>https://image.tmdb.org/t/p/w1280//w1D5uOZu5KmZzJ8tcut5XT5V5Y9.jpg</fanart>
</item>
<item>
    <title>Three... Extremes</title>
    <meta>
        <imdb>tt0420251</imdb>
        <content>movie</content>
        <title>Three... Extremes</title>
        <year>2004</year>
    </meta>
    <link>
        <sublink>search</sublink>
        <sublink>searchsd</sublink>
    </link>
    <thumbnail>https://image.tmdb.org/t/p/w1280//m7gGJnVTusmcaO1cl32xr7ZpRF9.jpg</thumbnail>
    <fanart>https://image.tmdb.org/t/p/w1280//5MGXUyV3m2T9rQvne7nCv48GYHc.jpg</fanart>
</item>
<item>
    <title>R-Point</title>
    <meta>
        <imdb>tt0417072</imdb>
        <content>movie</content>
        <title>R-Point</title>
        <year>2004</year>
    </meta>
    <link>
        <sublink>search</sublink>
        <sublink>searchsd</sublink>
    </link>
    <thumbnail>https://image.tmdb.org/t/p/w1280//jwBvcINaiOGF2MAxdW80U4BPLyj.jpg</thumbnail>
    <fanart>https://image.tmdb.org/t/p/w1280//6uQ263wyGGRH6DfwktjqbQSE6Bi.jpg</fanart>
</item>
