<item>
    <title>The 8th Plague</title>
    <meta>
        <imdb>tt0479219</imdb>
        <content>movie</content>
        <title>The 8th Plague</title>
        <year>2006</year>
    </meta>
    <link>
        <sublink>search</sublink>
        <sublink>searchsd</sublink>
    </link>
    <thumbnail>https://image.tmdb.org/t/p/w1280//A9HG68P0RZY1XOafpmMQsTJGLn6.jpg</thumbnail>
    <fanart>https://image.tmdb.org/t/p/w1280//iNIXUw64Zxl0ssKDLBY9C4nKKCd.jpg</fanart>
</item>
<item>
    <title>Abominable</title>
    <meta>
        <imdb>tt0402743</imdb>
        <content>movie</content>
        <title>Abominable</title>
        <year>2006</year>
    </meta>
    <link>
        <sublink>search</sublink>
        <sublink>searchsd</sublink>
    </link>
    <thumbnail>https://image.tmdb.org/t/p/w1280//v3oUiPuSfPoOQOYhOBqwEUBjkYW.jpg</thumbnail>
    <fanart>https://image.tmdb.org/t/p/w1280//f38gX2n8Mm66yOjT1yNsjVLcXU2.jpg</fanart>
</item>
<item>
    <title>All the Boys Love Mandy Lane</title>
    <meta>
        <imdb>tt0490076</imdb>
        <content>movie</content>
        <title>All the Boys Love Mandy Lane</title>
        <year>2008</year>
    </meta>
    <link>
        <sublink>search</sublink>
        <sublink>searchsd</sublink>
    </link>
    <thumbnail>https://image.tmdb.org/t/p/w1280//2ENAfp2NhaeXSPNB4makF0In4YY.jpg</thumbnail>
    <fanart>https://image.tmdb.org/t/p/w1280//3HEE058xHDkb3MrcfbpXzOdPPCr.jpg</fanart>
</item>
<item>
    <title>Beastly Boyz</title>
    <meta>
        <imdb>tt0482351</imdb>
        <content>movie</content>
        <title>Beastly Boyz</title>
        <year>2006</year>
    </meta>
    <link>
        <sublink>search</sublink>
        <sublink>searchsd</sublink>
    </link>
    <thumbnail>https://image.tmdb.org/t/p/w1280//z5ZQZro4g93TvAW44hlnu8ELjUI.jpg</thumbnail>
    <fanart>https://image.tmdb.org/t/p/w1280//bfoIODUBCTpwu8qbr97rjGRus5f.jpg</fanart>
</item>
<item>
    <title>Behind the Mask: The Rise of Leslie Vernon</title>
    <meta>
        <imdb>tt0437857</imdb>
        <content>movie</content>
        <title>Behind the Mask: The Rise of Leslie Vernon</title>
        <year>2006</year>
    </meta>
    <link>
        <sublink>search</sublink>
        <sublink>searchsd</sublink>
    </link>
    <thumbnail>https://image.tmdb.org/t/p/w1280//vie8a3z219Zsw81eAsM58B6VFEn.jpg</thumbnail>
    <fanart>https://image.tmdb.org/t/p/w1280//eh8S493xQhQMCVwmsZyQQh8mmXN.jpg</fanart>
</item>
<item>
    <title>Black Christmas</title>
    <meta>
        <imdb>tt0454082</imdb>
        <content>movie</content>
        <title>Black Christmas</title>
        <year>2006</year>
    </meta>
    <link>
        <sublink>search</sublink>
        <sublink>searchsd</sublink>
    </link>
    <thumbnail>https://image.tmdb.org/t/p/w1280//awKDTSKyQnskzB0DZfORBPzhCE5.jpg</thumbnail>
    <fanart>https://image.tmdb.org/t/p/w1280//iZCwgzx0hAwooZulFIhEuYqLd8W.jpg</fanart>
</item>
<item>
    <title>Blood Ranch</title>
    <meta>
        <imdb>tt0773273</imdb>
        <content>movie</content>
        <title>Blood Ranch</title>
        <year>2006</year>
    </meta>
    <link>
        <sublink>search</sublink>
        <sublink>searchsd</sublink>
    </link>
    <thumbnail>https://image.tmdb.org/t/p/w1280//qno2FKO4ZCLBictu3DSVcTCv2vj.jpg</thumbnail>
    <fanart/>
</item>
<item>
    <title>The Breed</title>
    <meta>
        <imdb>tt0455362</imdb>
        <content>movie</content>
        <title>The Breed</title>
        <year>2006</year>
    </meta>
    <link>
        <sublink>search</sublink>
        <sublink>searchsd</sublink>
    </link>
    <thumbnail>https://image.tmdb.org/t/p/w1280//vgjtRQPZ7HkDXvpSIPUuUZk5nBl.jpg</thumbnail>
    <fanart>https://image.tmdb.org/t/p/w1280//lf8AUwTBT136ApGRznHcxW1XhoS.jpg</fanart>
</item>
<item>
    <title>The Ordeal</title>
    <meta>
        <imdb>tt0407621</imdb>
        <content>movie</content>
        <title>The Ordeal</title>
        <year>2006</year>
    </meta>
    <link>
        <sublink>search</sublink>
        <sublink>searchsd</sublink>
    </link>
    <thumbnail>https://image.tmdb.org/t/p/w1280//9JLsWhjwIdg2dI1NAdus3IgX0DQ.jpg</thumbnail>
    <fanart>https://image.tmdb.org/t/p/w1280//cWCXi4U2K2OoDmuVdvlXAg9cZnO.jpg</fanart>
</item>
<item>
    <title>The Covenant</title>
    <meta>
        <imdb>tt0475944</imdb>
        <content>movie</content>
        <title>The Covenant</title>
        <year>2006</year>
    </meta>
    <link>
        <sublink>search</sublink>
        <sublink>searchsd</sublink>
    </link>
    <thumbnail>https://image.tmdb.org/t/p/w1280//gxpTseXRrHCgL0Igm1CrKD5JQNg.jpg</thumbnail>
    <fanart>https://image.tmdb.org/t/p/w1280//tcWAMGmb4UCqoIswbai4jsdzNq7.jpg</fanart>
</item>
<item>
    <title>The Curse of King Tut's Tomb</title>
    <meta>
        <imdb>tt0464799</imdb>
        <content>movie</content>
        <title>The Curse of King Tut's Tomb</title>
        <year>2006</year>
    </meta>
    <link>
        <sublink>search</sublink>
        <sublink>searchsd</sublink>
    </link>
    <thumbnail>https://image.tmdb.org/t/p/w1280//ngDvJIbKlSG42jjeg9QxpBwSAzR.jpg</thumbnail>
    <fanart>https://image.tmdb.org/t/p/w1280//2fDzd9q5RDrThtoPqJGP0oM9mSi.jpg</fanart>
</item>
<item>
    <title>Dark Ride</title>
    <meta>
        <imdb>tt0433963</imdb>
        <content>movie</content>
        <title>Dark Ride</title>
        <year>2006</year>
    </meta>
    <link>
        <sublink>search</sublink>
        <sublink>searchsd</sublink>
    </link>
    <thumbnail>https://image.tmdb.org/t/p/w1280//6s4Zf2eSo8XrINsgUdmlPp4PBKs.jpg</thumbnail>
    <fanart>https://image.tmdb.org/t/p/w1280//iaNmi5EzspitVTIpIpg0amFQy4S.jpg</fanart>
</item>
<item>
    <title>Darna Zaroori Hai</title>
    <meta>
        <imdb>tt0476649</imdb>
        <content>movie</content>
        <title>Darna Zaroori Hai</title>
        <year>2006</year>
    </meta>
    <link>
        <sublink>search</sublink>
        <sublink>searchsd</sublink>
    </link>
    <thumbnail>https://image.tmdb.org/t/p/w1280//sbY6rc2kpfXQGTh9MgWpuHsjyGw.jpg</thumbnail>
    <fanart>https://image.tmdb.org/t/p/w1280//2YTbM7LWV2XMF9N34K0v4zbgx29.jpg</fanart>
</item>
<item>
    <title>Dead and Deader</title>
    <meta>
        <imdb>tt0770739</imdb>
        <content>movie</content>
        <title>Dead and Deader</title>
        <year>2006</year>
    </meta>
    <link>
        <sublink>search</sublink>
        <sublink>searchsd</sublink>
    </link>
    <thumbnail>https://image.tmdb.org/t/p/w1280//ofvuIqiOmeCbPAV8qUfSPDX5iy7.jpg</thumbnail>
    <fanart>https://image.tmdb.org/t/p/w1280//r2NO9mQ24oMi71yr7HDaerAXIpp.jpg</fanart>
</item>
<item>
    <title>Desperation</title>
    <meta>
        <imdb>tt0129871</imdb>
        <content>movie</content>
        <title>Desperation</title>
        <year>2006</year>
    </meta>
    <link>
        <sublink>search</sublink>
        <sublink>searchsd</sublink>
    </link>
    <thumbnail>https://image.tmdb.org/t/p/w1280//gylEhsF0MrRkwLtwzoGiDhxJb6E.jpg</thumbnail>
    <fanart>https://image.tmdb.org/t/p/w1280//dWW7kkgzOjlWQLxMuDd4HxSADGU.jpg</fanart>
</item>
<item>
    <title>Devil's Den</title>
    <meta>
        <imdb>tt0493409</imdb>
        <content>movie</content>
        <title>Devil's Den</title>
        <year>2006</year>
    </meta>
    <link>
        <sublink>search</sublink>
        <sublink>searchsd</sublink>
    </link>
    <thumbnail>https://image.tmdb.org/t/p/w1280//7TVUGITtLt75AZQJG9EdTEp6M3A.jpg</thumbnail>
    <fanart>https://image.tmdb.org/t/p/w1280//1mF0Vw4QUqrzlLRJm8F1YPbzYHo.jpg</fanart>
</item>
<item>
    <title>Dracula's Curse</title>
    <meta>
        <imdb>tt0499464</imdb>
        <content>movie</content>
        <title>Dracula's Curse</title>
        <year>2006</year>
    </meta>
    <link>
        <sublink>search</sublink>
        <sublink>searchsd</sublink>
    </link>
    <thumbnail>https://image.tmdb.org/t/p/w1280//35pyh9IYN67J6Rs6rzKkJxPJ4QX.jpg</thumbnail>
    <fanart>https://image.tmdb.org/t/p/w1280//jwTqP8eJfBfNGTkYx2t3FdYdcug.jpg</fanart>
</item>
<item>
    <title>Evil Bong</title>
    <meta>
        <imdb>tt0829424</imdb>
        <content>movie</content>
        <title>Evil Bong</title>
        <year>2006</year>
    </meta>
    <link>
        <sublink>search</sublink>
        <sublink>searchsd</sublink>
    </link>
    <thumbnail>https://image.tmdb.org/t/p/w1280//2VUo0w9Ln7c3DY3hAohhZSe9Sqh.jpg</thumbnail>
    <fanart>https://image.tmdb.org/t/p/w1280//nDasgNLHZqF0GXIHsn0b8570gfC.jpg</fanart>
</item>
<item>
    <title>Fido</title>
    <meta>
        <imdb>tt0457572</imdb>
        <content>movie</content>
        <title>Fido</title>
        <year>2006</year>
    </meta>
    <link>
        <sublink>search</sublink>
        <sublink>searchsd</sublink>
    </link>
    <thumbnail>https://image.tmdb.org/t/p/w1280//eHRyjlgv8e66p4fhpQKeo5SpVGq.jpg</thumbnail>
    <fanart>https://image.tmdb.org/t/p/w1280//rtQKPquRwkk2tpc6LuSg0DrfHpW.jpg</fanart>
</item>
<item>
    <title>Final Destination 3</title>
    <meta>
        <imdb>tt0414982</imdb>
        <content>movie</content>
        <title>Final Destination 3</title>
        <year>2006</year>
    </meta>
    <link>
        <sublink>search</sublink>
        <sublink>searchsd</sublink>
    </link>
    <thumbnail>https://image.tmdb.org/t/p/w1280//p7ARuNKUGPGvkBiDtIDvAzYzonX.jpg</thumbnail>
    <fanart>https://image.tmdb.org/t/p/w1280//6sCto39wgQGCzDojAr5c4UPBjDZ.jpg</fanart>
</item>
<item>
    <title>Cold Prey</title>
    <meta>
        <imdb>tt0808276</imdb>
        <content>movie</content>
        <title>Cold Prey</title>
        <year>2006</year>
    </meta>
    <link>
        <sublink>search</sublink>
        <sublink>searchsd</sublink>
    </link>
    <thumbnail>https://image.tmdb.org/t/p/w1280//nR9Gqb50QB226nX7Npe2F9Am2tL.jpg</thumbnail>
    <fanart>https://image.tmdb.org/t/p/w1280//r6jVsX6j3xVEoSjHdAEDvIYIA1k.jpg</fanart>
</item>
<item>
    <title>The Gravedancers</title>
    <meta>
        <imdb>tt0435653</imdb>
        <content>movie</content>
        <title>The Gravedancers</title>
        <year>2005</year>
    </meta>
    <link>
        <sublink>search</sublink>
        <sublink>searchsd</sublink>
    </link>
    <thumbnail>https://image.tmdb.org/t/p/w1280//pskc0R8ZrdX5WV1m0TfHw7EaE5v.jpg</thumbnail>
    <fanart>https://image.tmdb.org/t/p/w1280//hl3NxQ7AU8w9TcrIJfQnFPYHjHw.jpg</fanart>
</item>
<item>
    <title>The Grudge 2</title>
    <meta>
        <imdb>tt0433386</imdb>
        <content>movie</content>
        <title>The Grudge 2</title>
        <year>2006</year>
    </meta>
    <link>
        <sublink>search</sublink>
        <sublink>searchsd</sublink>
    </link>
    <thumbnail>https://image.tmdb.org/t/p/w1280//lPN7FyCuPDHwoupcuPT72cRE8lY.jpg</thumbnail>
    <fanart>https://image.tmdb.org/t/p/w1280//1d3RaNQC1CzaK0N3E3n6EQ7k2v1.jpg</fanart>
</item>
<item>
    <title>The Hills Have Eyes</title>
    <meta>
        <imdb>tt0454841</imdb>
        <content>movie</content>
        <title>The Hills Have Eyes</title>
        <year>2006</year>
    </meta>
    <link>
        <sublink>search</sublink>
        <sublink>searchsd</sublink>
    </link>
    <thumbnail>https://image.tmdb.org/t/p/w1280//hNuqY8h1oBGTnEQK75AH4IwuiPG.jpg</thumbnail>
    <fanart>https://image.tmdb.org/t/p/w1280//53vdUXxtUogIupD3oln7ywZ2d02.jpg</fanart>
</item>
<item>
    <title>Hood of Horror</title>
    <meta>
        <imdb>tt0475298</imdb>
        <content>movie</content>
        <title>Hood of Horror</title>
        <year>2006</year>
    </meta>
    <link>
        <sublink>search</sublink>
        <sublink>searchsd</sublink>
    </link>
    <thumbnail>https://image.tmdb.org/t/p/w1280//9JH0VeIsr6O0zMntiLLCP0P8Iol.jpg</thumbnail>
    <fanart>https://image.tmdb.org/t/p/w1280//iIGKUqQDXyTGSnQr34CyULegdyl.jpg</fanart>
</item>
<item>
    <title>I'll Always Know What You Did Last Summer</title>
    <meta>
        <imdb>tt0469111</imdb>
        <content>movie</content>
        <title>I'll Always Know What You Did Last Summer</title>
        <year>2006</year>
    </meta>
    <link>
        <sublink>search</sublink>
        <sublink>searchsd</sublink>
    </link>
    <thumbnail>https://image.tmdb.org/t/p/w1280//hYMAHn28MCkgbTBQom3UmvzUYhN.jpg</thumbnail>
    <fanart>https://image.tmdb.org/t/p/w1280//e1pufGS4ly5Wb02WfJnckD22Zfh.jpg</fanart>
</item>
<item>
    <title>Night Of The Living Dead 3D</title>
    <meta>
        <imdb>tt0489244</imdb>
        <content>movie</content>
        <title>Night Of The Living Dead 3D</title>
        <year>2007</year>
    </meta>
    <link>
        <sublink>search</sublink>
        <sublink>searchsd</sublink>
    </link>
    <thumbnail>https://image.tmdb.org/t/p/w1280//yA5pNCBcCzXvv5oCpARn7QvE1AE.jpg</thumbnail>
    <fanart>https://image.tmdb.org/t/p/w1280//k9Z5VhUPm9h5mPyaOBeFYRnY64c.jpg</fanart>
</item>
<item>
    <title>Nightmare Man</title>
    <meta>
        <imdb>tt0478216</imdb>
        <content>movie</content>
        <title>Nightmare Man</title>
        <year>2006</year>
    </meta>
    <link>
        <sublink>search</sublink>
        <sublink>searchsd</sublink>
    </link>
    <thumbnail>https://image.tmdb.org/t/p/w1280//eogJDnA5TBwk16YH65OwGXcBbAz.jpg</thumbnail>
    <fanart>https://image.tmdb.org/t/p/w1280//jfWHPpOYFV1UQe5kl1w0J4mu6SG.jpg</fanart>
</item>
<item>
    <title>The Omen</title>
    <meta>
        <imdb>tt0466909</imdb>
        <content>movie</content>
        <title>The Omen</title>
        <year>2006</year>
    </meta>
    <link>
        <sublink>search</sublink>
        <sublink>searchsd</sublink>
    </link>
    <thumbnail>https://image.tmdb.org/t/p/w1280//kqKHg1qXuaIOhnKmPEF1GLzGrOY.jpg</thumbnail>
    <fanart>https://image.tmdb.org/t/p/w1280//th9XO3SKdELxJ4PjPny0fXxCQmk.jpg</fanart>
</item>
<item>
    <title>Open Water 2: Adrift</title>
    <meta>
        <imdb>tt0470055</imdb>
        <content>movie</content>
        <title>Open Water 2: Adrift</title>
        <year>2006</year>
    </meta>
    <link>
        <sublink>search</sublink>
        <sublink>searchsd</sublink>
    </link>
    <thumbnail>https://image.tmdb.org/t/p/w1280//50VKqxDhyREtk3ddufuDB0MqXCV.jpg</thumbnail>
    <fanart>https://image.tmdb.org/t/p/w1280//nSJ4tj3fFJJi4DQoI1FxJIeCpxj.jpg</fanart>
</item>
<item>
    <title>Penny Dreadful</title>
    <meta>
        <imdb>tt0454224</imdb>
        <content>movie</content>
        <title>Penny Dreadful</title>
        <year>2006</year>
    </meta>
    <link>
        <sublink>search</sublink>
        <sublink>searchsd</sublink>
    </link>
    <thumbnail>https://image.tmdb.org/t/p/w1280//9sYZBAkkUPJigLrQRrjVJvOp28.jpg</thumbnail>
    <fanart>https://image.tmdb.org/t/p/w1280//ekdHyYpKvI8Y8qaIebzU0gb665g.jpg</fanart>
</item>
<item>
    <title>Pulse</title>
    <meta>
        <imdb>tt0454919</imdb>
        <content>movie</content>
        <title>Pulse</title>
        <year>2006</year>
    </meta>
    <link>
        <sublink>search</sublink>
        <sublink>searchsd</sublink>
    </link>
    <thumbnail>https://image.tmdb.org/t/p/w1280//sC3vNdpQLvEobuudJBh2BG6C1Fc.jpg</thumbnail>
    <fanart>https://image.tmdb.org/t/p/w1280//dWTUUkaXX739A1IuWlJb19bnjfp.jpg</fanart>
</item>
<item>
    <title>Red Rover</title>
    <meta>
        <imdb>tt0345852</imdb>
        <content>movie</content>
        <title>Red Rover</title>
        <year>2006</year>
    </meta>
    <link>
        <sublink>search</sublink>
        <sublink>searchsd</sublink>
    </link>
    <thumbnail>https://image.tmdb.org/t/p/w1280//mKHIJlJWM6xxWV1Z7oi0IOkwrKz.jpg</thumbnail>
    <fanart>https://image.tmdb.org/t/p/w1280//xCeotfRzrvS3q00p4WVFoeilwmB.jpg</fanart>
</item>
<item>
    <title>The Remake</title>
    <meta>
        <imdb>tt0875001</imdb>
        <content>movie</content>
        <title>The Remake</title>
        <year>2006</year>
    </meta>
    <link>
        <sublink>search</sublink>
        <sublink>searchsd</sublink>
    </link>
    <thumbnail>https://image.tmdb.org/t/p/w1280//eygs9KgHluQListbRAHyaPlwpbm.jpg</thumbnail>
    <fanart/>
</item>
<item>
    <title>Saw III</title>
    <meta>
        <imdb>tt0489270</imdb>
        <content>movie</content>
        <title>Saw III</title>
        <year>2006</year>
    </meta>
    <link>
        <sublink>search</sublink>
        <sublink>searchsd</sublink>
    </link>
    <thumbnail>https://image.tmdb.org/t/p/w1280//zHMw9xGrNlrDsuK6Lnx5NlL72Eu.jpg</thumbnail>
    <fanart>https://image.tmdb.org/t/p/w1280//b9liJ8BN35m7DogM2YvnVMRI26Y.jpg</fanart>
</item>
<item>
    <title>Scary Movie 4</title>
    <meta>
        <imdb>tt0362120</imdb>
        <content>movie</content>
        <title>Scary Movie 4</title>
        <year>2006</year>
    </meta>
    <link>
        <sublink>search</sublink>
        <sublink>searchsd</sublink>
    </link>
    <thumbnail>https://image.tmdb.org/t/p/w1280//kBBVoyGTAZ4Yw3lYkCRfrRS2WTS.jpg</thumbnail>
    <fanart>https://image.tmdb.org/t/p/w1280//sGZJfQpK4RVnPOr2RE2bPJROZVn.jpg</fanart>
</item>
<item>
    <title>See No Evil</title>
    <meta>
        <imdb>tt0437179</imdb>
        <content>movie</content>
        <title>See No Evil</title>
        <year>2006</year>
    </meta>
    <link>
        <sublink>search</sublink>
        <sublink>searchsd</sublink>
    </link>
    <thumbnail>https://image.tmdb.org/t/p/w1280//rZ0YSY6iRhXENygGlNebP9RfZlM.jpg</thumbnail>
    <fanart>https://image.tmdb.org/t/p/w1280//l9fdcaqaQQLE2K8cYwfoIPXi0i7.jpg</fanart>
</item>
<item>
    <title>Severance</title>
    <meta>
        <imdb>tt0464196</imdb>
        <content>movie</content>
        <title>Severance</title>
        <year>2006</year>
    </meta>
    <link>
        <sublink>search</sublink>
        <sublink>searchsd</sublink>
    </link>
    <thumbnail>https://image.tmdb.org/t/p/w1280//z5br42PMzeIHTK8zZSXiaZpypTl.jpg</thumbnail>
    <fanart>https://image.tmdb.org/t/p/w1280//wF6xjWAgdb4qzH3vn1zni0u4ynn.jpg</fanart>
</item>
<item>
    <title>Silent Hill</title>
    <meta>
        <imdb>tt0384537</imdb>
        <content>movie</content>
        <title>Silent Hill</title>
        <year>2006</year>
    </meta>
    <link>
        <sublink>search</sublink>
        <sublink>searchsd</sublink>
    </link>
    <thumbnail>https://image.tmdb.org/t/p/w1280//4Zz9cF8S4E7DITosNYh3spybYJb.jpg</thumbnail>
    <fanart>https://image.tmdb.org/t/p/w1280//oeDKQjPQwZPeHVk8iB6FQGnDlHS.jpg</fanart>
</item>
<item>
    <title>Slither</title>
    <meta>
        <imdb>tt0439815</imdb>
        <content>movie</content>
        <title>Slither</title>
        <year>2006</year>
    </meta>
    <link>
        <sublink>search</sublink>
        <sublink>searchsd</sublink>
    </link>
    <thumbnail>https://image.tmdb.org/t/p/w1280//oRwHmH4cPRAiCsMUCGaCwZQz0Jg.jpg</thumbnail>
    <fanart>https://image.tmdb.org/t/p/w1280//mMmGK5gEPATupYNprpRVUtUshu4.jpg</fanart>
</item>
<item>
    <title>Stay Alive</title>
    <meta>
        <imdb>tt0441796</imdb>
        <content>movie</content>
        <title>Stay Alive</title>
        <year>2006</year>
    </meta>
    <link>
        <sublink>search</sublink>
        <sublink>searchsd</sublink>
    </link>
    <thumbnail>https://image.tmdb.org/t/p/w1280//9iPpBKxpkgxHtsyGcnSlSN5KTu6.jpg</thumbnail>
    <fanart>https://image.tmdb.org/t/p/w1280//g2goLYvmeVXPDXatWRtvjGBrRkH.jpg</fanart>
</item>
<item>
    <title>The Texas Chainsaw Massacre: The Beginning</title>
    <meta>
        <imdb>tt0420294</imdb>
        <content>movie</content>
        <title>The Texas Chainsaw Massacre: The Beginning</title>
        <year>2006</year>
    </meta>
    <link>
        <sublink>search</sublink>
        <sublink>searchsd</sublink>
    </link>
    <thumbnail>https://image.tmdb.org/t/p/w1280//9elCJIG1TOJ0wew3JVx5ZMkHq5w.jpg</thumbnail>
    <fanart>https://image.tmdb.org/t/p/w1280//o4psXh7IVD6GFKvBSHjHLzjL2lV.jpg</fanart>
</item>
<item>
    <title>Turistas</title>
    <meta>
        <imdb>tt0454970</imdb>
        <content>movie</content>
        <title>Turistas</title>
        <year>2006</year>
    </meta>
    <link>
        <sublink>search</sublink>
        <sublink>searchsd</sublink>
    </link>
    <thumbnail>https://image.tmdb.org/t/p/w1280//lwj9HLVIfLaFYyF7ZIxBlntT9jM.jpg</thumbnail>
    <fanart>https://image.tmdb.org/t/p/w1280//aL3bRxKiTIhmJQqvc3DaDmjHKPP.jpg</fanart>
</item>
<item>
    <title>When a Stranger Calls</title>
    <meta>
        <imdb>tt0455857</imdb>
        <content>movie</content>
        <title>When a Stranger Calls</title>
        <year>2006</year>
    </meta>
    <link>
        <sublink>search</sublink>
        <sublink>searchsd</sublink>
    </link>
    <thumbnail>https://image.tmdb.org/t/p/w1280//pYxd8DM4qBV24rJ9Jf84SYtIao1.jpg</thumbnail>
    <fanart>https://image.tmdb.org/t/p/w1280//6AlRf51olNU9d5Qpy0hAMNpCj62.jpg</fanart>
</item>
<item>
    <title>Wicked Little Things</title>
    <meta>
        <imdb>tt0470000</imdb>
        <content>movie</content>
        <title>Wicked Little Things</title>
        <year>2006</year>
    </meta>
    <link>
        <sublink>search</sublink>
        <sublink>searchsd</sublink>
    </link>
    <thumbnail>https://image.tmdb.org/t/p/w1280//7xjhaIO83m14N2JZr0skZTpjVw5.jpg</thumbnail>
    <fanart>https://image.tmdb.org/t/p/w1280//unzjGCQylYrOKTDaY1zWjdWEWZS.jpg</fanart>
</item>
<item>
    <title>The Wicker Man</title>
    <meta>
        <imdb>tt0450345</imdb>
        <content>movie</content>
        <title>The Wicker Man</title>
        <year>2006</year>
    </meta>
    <link>
        <sublink>search</sublink>
        <sublink>searchsd</sublink>
    </link>
    <thumbnail>https://image.tmdb.org/t/p/w1280//aeQ65vYvOCRmeO0uaVnjHOiDrXZ.jpg</thumbnail>
    <fanart>https://image.tmdb.org/t/p/w1280//jB8p1HUXVPN1j3WaiymJ8vMLE3D.jpg</fanart>
</item>
<item>
    <title>The Woods</title>
    <meta>
        <imdb>tt0380066</imdb>
        <content>movie</content>
        <title>The Woods</title>
        <year>2006</year>
    </meta>
    <link>
        <sublink>search</sublink>
        <sublink>searchsd</sublink>
    </link>
    <thumbnail>https://image.tmdb.org/t/p/w1280//ubLfJK3E4ZIdsGU8oFOJJ4aeu7s.jpg</thumbnail>
    <fanart>https://image.tmdb.org/t/p/w1280//9Mhi4lUi2ZJlKP2awr6fKwAmf1y.jpg</fanart>
</item>
<item>
    <title>Dorm</title>
    <meta>
        <imdb>tt0495824</imdb>
        <content>movie</content>
        <title>Dorm</title>
        <year>2006</year>
    </meta>
    <link>
        <sublink>search</sublink>
        <sublink>searchsd</sublink>
    </link>
    <thumbnail>https://image.tmdb.org/t/p/w1280//nLgtBM9yP1kONVNtnvX9Qs3vWXq.jpg</thumbnail>
    <fanart>https://image.tmdb.org/t/p/w1280//riyjpHZXmSiaouUunAlUXszfM4T.jpg</fanart>
</item>
<item>
    <title>One Missed Call 3: Final</title>
    <meta>
        <imdb>tt0978797</imdb>
        <content>movie</content>
        <title>One Missed Call 3: Final</title>
        <year>2006</year>
    </meta>
    <link>
        <sublink>search</sublink>
        <sublink>searchsd</sublink>
    </link>
    <thumbnail>https://image.tmdb.org/t/p/w1280//wwVeYBEr43r7GU3UYa5WLEdhTZi.jpg</thumbnail>
    <fanart>https://image.tmdb.org/t/p/w1280//izcUx1hQ2L0cTkmeW2uSInpD8Jy.jpg</fanart>
</item>
<item>
    <title>The Host</title>
    <meta>
        <imdb>tt0468492</imdb>
        <content>movie</content>
        <title>The Host</title>
        <year>2006</year>
    </meta>
    <link>
        <sublink>search</sublink>
        <sublink>searchsd</sublink>
    </link>
    <thumbnail>https://image.tmdb.org/t/p/w1280//74OkcSKTs4f8myeLaVdJ57lj2CG.jpg</thumbnail>
    <fanart>https://image.tmdb.org/t/p/w1280//9diyJ180qJP4PHlHYPvwEMrrqI8.jpg</fanart>
</item>
<item>
    <title>Bloody Reunion</title>
    <meta>
        <imdb>tt0870958</imdb>
        <content>movie</content>
        <title>Bloody Reunion</title>
        <year>2006</year>
    </meta>
    <link>
        <sublink>search</sublink>
        <sublink>searchsd</sublink>
    </link>
    <thumbnail>https://image.tmdb.org/t/p/w1280//95DulMG1VfxyXm5MOHfgHtGWXpr.jpg</thumbnail>
    <fanart>https://image.tmdb.org/t/p/w1280//7KfiuNhhObFXmeWgA75dRSjArul.jpg</fanart>
</item>
