<item>
    <title>100 Feet</title>
    <meta>
        <imdb>tt0899128</imdb>
        <content>movie</content>
        <title>100 Feet</title>
        <year>2008</year>
    </meta>
    <link>
        <sublink>search</sublink>
        <sublink>searchsd</sublink>
    </link>
    <thumbnail>https://image.tmdb.org/t/p/w1280//rv2ZPfNnRVnr3FuL3l5jese7j0r.jpg</thumbnail>
    <fanart>https://image.tmdb.org/t/p/w1280//5jiqD9f82nZt2ueKTcaxkekXSVq.jpg</fanart>
</item>
<item>
    <title>Acolytes</title>
    <meta>
        <imdb>tt0902952</imdb>
        <content>movie</content>
        <title>Acolytes</title>
        <year>2008</year>
    </meta>
    <link>
        <sublink>search</sublink>
        <sublink>searchsd</sublink>
    </link>
    <thumbnail>https://image.tmdb.org/t/p/w1280//8K7Za4SfXpORVIgAYIHdSYjwCpo.jpg</thumbnail>
    <fanart>https://image.tmdb.org/t/p/w1280//xAif36VQY9Y7E0pOy4KDNkoBHCH.jpg</fanart>
</item>
<item>
    <title>Alone in the Dark 2</title>
    <meta>
        <imdb>tt0913951</imdb>
        <content>movie</content>
        <title>Alone in the Dark 2</title>
        <year>2008</year>
    </meta>
    <link>
        <sublink>search</sublink>
        <sublink>searchsd</sublink>
    </link>
    <thumbnail>https://image.tmdb.org/t/p/w1280//r2saH1BczLu0jsfftM7OFuBIlhV.jpg</thumbnail>
    <fanart>https://image.tmdb.org/t/p/w1280//xAU7kEQHHWQPXzXZuBHNpaqFu98.jpg</fanart>
</item>
<item>
    <title>Amusement</title>
    <meta>
        <imdb>tt0476958</imdb>
        <content>movie</content>
        <title>Amusement</title>
        <year>2008</year>
    </meta>
    <link>
        <sublink>search</sublink>
        <sublink>searchsd</sublink>
    </link>
    <thumbnail>https://image.tmdb.org/t/p/w1280//ju3UjETnNKBLsnYCzp3PYkWY5ZZ.jpg</thumbnail>
    <fanart>https://image.tmdb.org/t/p/w1280//4mI7IcoamkKfyJMDUYZuIPhYBCg.jpg</fanart>
</item>
<item>
    <title>April Fool's Day</title>
    <meta>
        <imdb>tt1018817</imdb>
        <content>movie</content>
        <title>April Fool's Day</title>
        <year>2008</year>
    </meta>
    <link>
        <sublink>search</sublink>
        <sublink>searchsd</sublink>
    </link>
    <thumbnail>https://image.tmdb.org/t/p/w1280//bdssdn6dNC2hGzc2j7IgQT2VDjQ.jpg</thumbnail>
    <fanart>https://image.tmdb.org/t/p/w1280//ppXVKBi46IIwRvrqnMAXlm20bT7.jpg</fanart>
</item>
<item>
    <title>Baby Blues</title>
    <meta>
        <imdb>tt0972359</imdb>
        <content>movie</content>
        <title>Baby Blues</title>
        <year>2008</year>
    </meta>
    <link>
        <sublink>search</sublink>
        <sublink>searchsd</sublink>
    </link>
    <thumbnail>https://image.tmdb.org/t/p/w1280//w4MDiuuhW4y08wnYwz2hq5cXFGT.jpg</thumbnail>
    <fanart>https://image.tmdb.org/t/p/w1280//1CBu9XS1BmLfL5Vqd8flZaxLgLf.jpg</fanart>
</item>
<item>
    <title>Babysitter Wanted</title>
    <meta>
        <imdb>tt0819755</imdb>
        <content>movie</content>
        <title>Babysitter Wanted</title>
        <year>2009</year>
    </meta>
    <link>
        <sublink>search</sublink>
        <sublink>searchsd</sublink>
    </link>
    <thumbnail>https://image.tmdb.org/t/p/w1280//5g7B7BIq0XnvNg5HQ9vssMJIXse.jpg</thumbnail>
    <fanart>https://image.tmdb.org/t/p/w1280//nM4UEQqVsXuwt9pnk4ZAETtKgZY.jpg</fanart>
</item>
<item>
    <title>The Broken</title>
    <meta>
        <imdb>tt0906734</imdb>
        <content>movie</content>
        <title>The Broken</title>
        <year>2008</year>
    </meta>
    <link>
        <sublink>search</sublink>
        <sublink>searchsd</sublink>
    </link>
    <thumbnail>https://image.tmdb.org/t/p/w1280//nGTUsccLUZhF9Bb5fjvL7KrogvC.jpg</thumbnail>
    <fanart>https://image.tmdb.org/t/p/w1280//hm4vpIhBW75bTIDTurq2d4rLZy1.jpg</fanart>
</item>
<item>
    <title>The Burrowers</title>
    <meta>
        <imdb>tt0445939</imdb>
        <content>movie</content>
        <title>The Burrowers</title>
        <year>2008</year>
    </meta>
    <link>
        <sublink>search</sublink>
        <sublink>searchsd</sublink>
    </link>
    <thumbnail>https://image.tmdb.org/t/p/w1280//fjTbwxK4T35QoFEH8XJv8vAfg9r.jpg</thumbnail>
    <fanart>https://image.tmdb.org/t/p/w1280//o7sZL5clBV9GOtXVNzoAF7DF4uq.jpg</fanart>
</item>
<item>
    <title>The Children</title>
    <meta>
        <imdb>tt1172571</imdb>
        <content>movie</content>
        <title>The Children</title>
        <year>2008</year>
    </meta>
    <link>
        <sublink>search</sublink>
        <sublink>searchsd</sublink>
    </link>
    <thumbnail>https://image.tmdb.org/t/p/w1280//xWfWWbVOFJjOZpZTiK9tTwr67oI.jpg</thumbnail>
    <fanart>https://image.tmdb.org/t/p/w1280//s9T78pgw9cimdSqtqZM3YZQ9kGI.jpg</fanart>
</item>
<item>
    <title>Cloverfield</title>
    <meta>
        <imdb>tt1060277</imdb>
        <content>movie</content>
        <title>Cloverfield</title>
        <year>2008</year>
    </meta>
    <link>
        <sublink>search</sublink>
        <sublink>searchsd</sublink>
    </link>
    <thumbnail>https://image.tmdb.org/t/p/w1280//as01o40tJ2FhtheqeXf7bVZ0EQO.jpg</thumbnail>
    <fanart>https://image.tmdb.org/t/p/w1280//ndxJEbx4Ify1aa7x8r83bZnmzMx.jpg</fanart>
</item>
<item>
    <title>The Cottage</title>
    <meta>
        <imdb>tt0465430</imdb>
        <content>movie</content>
        <title>The Cottage</title>
        <year>2008</year>
    </meta>
    <link>
        <sublink>search</sublink>
        <sublink>searchsd</sublink>
    </link>
    <thumbnail>https://image.tmdb.org/t/p/w1280//gh08eCKFWZC1gfYH6L3dKNu2HTr.jpg</thumbnail>
    <fanart>https://image.tmdb.org/t/p/w1280//1D0vEL7GUnf6GIa5aZQQNrHuWqf.jpg</fanart>
</item>
<item>
    <title>Dance of the Dead</title>
    <meta>
        <imdb>tt0926063</imdb>
        <content>movie</content>
        <title>Dance of the Dead</title>
        <year>2008</year>
    </meta>
    <link>
        <sublink>search</sublink>
        <sublink>searchsd</sublink>
    </link>
    <thumbnail>https://image.tmdb.org/t/p/w1280//wRgG6ew1BlrZb7zdczdQ97JkA7X.jpg</thumbnail>
    <fanart>https://image.tmdb.org/t/p/w1280//7spmpheIqbkFZvF2PqAv2qWFOw9.jpg</fanart>
</item>
<item>
    <title>Dark Floors</title>
    <meta>
        <imdb>tt0985025</imdb>
        <content>movie</content>
        <title>Dark Floors</title>
        <year>2008</year>
    </meta>
    <link>
        <sublink>search</sublink>
        <sublink>searchsd</sublink>
    </link>
    <thumbnail>https://image.tmdb.org/t/p/w1280//c5ier8MEKZcMgyY1zXpMowD7e42.jpg</thumbnail>
    <fanart>https://image.tmdb.org/t/p/w1280//ym8jslFHVMfjLK9wDYc5akoHsjF.jpg</fanart>
</item>
<item>
    <title>Day of the Dead</title>
    <meta>
        <imdb>tt0489018</imdb>
        <content>movie</content>
        <title>Day of the Dead</title>
        <year>2008</year>
    </meta>
    <link>
        <sublink>search</sublink>
        <sublink>searchsd</sublink>
    </link>
    <thumbnail>https://image.tmdb.org/t/p/w1280//3XOH1jaFFhfGD5gxv05GSdBWn21.jpg</thumbnail>
    <fanart>https://image.tmdb.org/t/p/w1280//twVUrc3zYKRmKsWmnZePSKJlgY3.jpg</fanart>
</item>
<item>
    <title>Deadgirl</title>
    <meta>
        <imdb>tt0896534</imdb>
        <content>movie</content>
        <title>Deadgirl</title>
        <year>2008</year>
    </meta>
    <link>
        <sublink>search</sublink>
        <sublink>searchsd</sublink>
    </link>
    <thumbnail>https://image.tmdb.org/t/p/w1280//96CyqE8aE0zDJX6AYDTQpzQ4O0e.jpg</thumbnail>
    <fanart>https://image.tmdb.org/t/p/w1280//g678y3rVftA14cNhEinRmvzm5fz.jpg</fanart>
</item>
<item>
    <title>The Echo</title>
    <meta>
        <imdb>tt0897347</imdb>
        <content>movie</content>
        <title>The Echo</title>
        <year>2008</year>
    </meta>
    <link>
        <sublink>search</sublink>
        <sublink>searchsd</sublink>
    </link>
    <thumbnail>https://image.tmdb.org/t/p/w1280//qgHmHhGaJsV4VElulZCzOgxcxeS.jpg</thumbnail>
    <fanart>https://image.tmdb.org/t/p/w1280//oZNtqdcfgF3pzuourHhNNCsRAsI.jpg</fanart>
</item>
<item>
    <title>Eden Lake</title>
    <meta>
        <imdb>tt1020530</imdb>
        <content>movie</content>
        <title>Eden Lake</title>
        <year>2008</year>
    </meta>
    <link>
        <sublink>search</sublink>
        <sublink>searchsd</sublink>
    </link>
    <thumbnail>https://image.tmdb.org/t/p/w1280//lvNbbYrN5tNuCjyHP7uKgZD5ZFL.jpg</thumbnail>
    <fanart>https://image.tmdb.org/t/p/w1280//iPocIUHB4gW3dfV6ve4KLvgWOHw.jpg</fanart>
</item>
<item>
    <title>The Eye</title>
    <meta>
        <imdb>tt0406759</imdb>
        <content>movie</content>
        <title>The Eye</title>
        <year>2008</year>
    </meta>
    <link>
        <sublink>search</sublink>
        <sublink>searchsd</sublink>
    </link>
    <thumbnail>https://image.tmdb.org/t/p/w1280//iFeK07UppNGNtvooixF5lZudhWk.jpg</thumbnail>
    <fanart>https://image.tmdb.org/t/p/w1280//s7BL1QkkGzX3af2ZxzVmeyuLfz4.jpg</fanart>
</item>
<item>
    <title>Feast II: Sloppy Seconds</title>
    <meta>
        <imdb>tt1104835</imdb>
        <content>movie</content>
        <title>Feast II: Sloppy Seconds</title>
        <year>2008</year>
    </meta>
    <link>
        <sublink>search</sublink>
        <sublink>searchsd</sublink>
    </link>
    <thumbnail>https://image.tmdb.org/t/p/w1280//soLzMcklUek9TPI1d2wPlP6ygqU.jpg</thumbnail>
    <fanart>https://image.tmdb.org/t/p/w1280//3u7SLMJpBnCybtqlG4daOMLie0H.jpg</fanart>
</item>
<item>
    <title>Cold Prey II</title>
    <meta>
        <imdb>tt1188990</imdb>
        <content>movie</content>
        <title>Cold Prey II</title>
        <year>2008</year>
    </meta>
    <link>
        <sublink>search</sublink>
        <sublink>searchsd</sublink>
    </link>
    <thumbnail>https://image.tmdb.org/t/p/w1280//rGuEy5XlwABHQQ2PxyW6fsbHqvz.jpg</thumbnail>
    <fanart>https://image.tmdb.org/t/p/w1280//6pYJLHXOaVqKBniSkGTh2RcaUUU.jpg</fanart>
</item>
<item>
    <title>Gingerdead Man 2: Passion of the Crust</title>
    <meta>
        <imdb>tt1161646</imdb>
        <content>movie</content>
        <title>Gingerdead Man 2: Passion of the Crust</title>
        <year>2008</year>
    </meta>
    <link>
        <sublink>search</sublink>
        <sublink>searchsd</sublink>
    </link>
    <thumbnail>https://image.tmdb.org/t/p/w1280//2Ywg4C1TBnThEmT66vGS6J4Xp83.jpg</thumbnail>
    <fanart>https://image.tmdb.org/t/p/w1280//a1t9TEncfQjKpuLCR0O93Z4xqxf.jpg</fanart>
</item>
<item>
    <title>Grizzly Park</title>
    <meta>
        <imdb>tt0915460</imdb>
        <content>movie</content>
        <title>Grizzly Park</title>
        <year>2008</year>
    </meta>
    <link>
        <sublink>search</sublink>
        <sublink>searchsd</sublink>
    </link>
    <thumbnail>https://image.tmdb.org/t/p/w1280//uuZd0p3HE1ypWO8xg4CcZa29YSO.jpg</thumbnail>
    <fanart>https://image.tmdb.org/t/p/w1280//qGKYTLa4XVSU5SqUgagBQbTCjJ2.jpg</fanart>
</item>
<item>
    <title>Gutterballs</title>
    <meta>
        <imdb>tt1087853</imdb>
        <content>movie</content>
        <title>Gutterballs</title>
        <year>2008</year>
    </meta>
    <link>
        <sublink>search</sublink>
        <sublink>searchsd</sublink>
    </link>
    <thumbnail>https://image.tmdb.org/t/p/w1280//1VpGb5U45Spko4GFSfg6V1KKIqT.jpg</thumbnail>
    <fanart>https://image.tmdb.org/t/p/w1280//1Eqo5oZYStjC1lTtamkIbyxZxf0.jpg</fanart>
</item>
<item>
    <title>The Happening</title>
    <meta>
        <imdb>tt0949731</imdb>
        <content>movie</content>
        <title>The Happening</title>
        <year>2008</year>
    </meta>
    <link>
        <sublink>search</sublink>
        <sublink>searchsd</sublink>
    </link>
    <thumbnail>https://image.tmdb.org/t/p/w1280//c8Asvr5ORuL9NtaTGZZJsq4heDf.jpg</thumbnail>
    <fanart>https://image.tmdb.org/t/p/w1280//z0Cl9Q0uLptRxcAhtE0MnnS6z6n.jpg</fanart>
</item>
<item>
    <title>The Haunting of Molly Hartley</title>
    <meta>
        <imdb>tt1045655</imdb>
        <content>movie</content>
        <title>The Haunting of Molly Hartley</title>
        <year>2008</year>
    </meta>
    <link>
        <sublink>search</sublink>
        <sublink>searchsd</sublink>
    </link>
    <thumbnail>https://image.tmdb.org/t/p/w1280//zbmkx0w5ytRDQshLbvKjmswD6lB.jpg</thumbnail>
    <fanart>https://image.tmdb.org/t/p/w1280//lZ6HqQEM08cFtAoz2RxPBZfgIlS.jpg</fanart>
</item>
<item>
    <title>Lake Mungo</title>
    <meta>
        <imdb>tt0816556</imdb>
        <content>movie</content>
        <title>Lake Mungo</title>
        <year>2008</year>
    </meta>
    <link>
        <sublink>search</sublink>
        <sublink>searchsd</sublink>
    </link>
    <thumbnail>https://image.tmdb.org/t/p/w1280//zZ3rK9ScJ0mnTWS148EWqA2zTfe.jpg</thumbnail>
    <fanart>https://image.tmdb.org/t/p/w1280//fRkanrRqPL1gzQjYCtXIuJ7Z9EW.jpg</fanart>
</item>
<item>
    <title>Lost Boys: The Tribe</title>
    <meta>
        <imdb>tt1031254</imdb>
        <content>movie</content>
        <title>Lost Boys: The Tribe</title>
        <year>2008</year>
    </meta>
    <link>
        <sublink>search</sublink>
        <sublink>searchsd</sublink>
    </link>
    <thumbnail>https://image.tmdb.org/t/p/w1280//jWoFavIF9OoGo580vqreT1fYjdm.jpg</thumbnail>
    <fanart>https://image.tmdb.org/t/p/w1280//2XXuF0HUIwfGWTJ3h0SZrnKGoIc.jpg</fanart>
</item>
<item>
    <title>Let the Right One In</title>
    <meta>
        <imdb>tt1139797</imdb>
        <content>movie</content>
        <title>Let the Right One In</title>
        <year>2008</year>
    </meta>
    <link>
        <sublink>search</sublink>
        <sublink>searchsd</sublink>
    </link>
    <thumbnail>https://image.tmdb.org/t/p/w1280//9FGpMfbpKjN7i2jF2gQpvQvK9VB.jpg</thumbnail>
    <fanart>https://image.tmdb.org/t/p/w1280//wMRVKIIIn5035KIY0J793aHWVOj.jpg</fanart>
</item>
<item>
    <title>Martyrs</title>
    <meta>
        <imdb>tt1029234</imdb>
        <content>movie</content>
        <title>Martyrs</title>
        <year>2008</year>
    </meta>
    <link>
        <sublink>search</sublink>
        <sublink>searchsd</sublink>
    </link>
    <thumbnail>https://image.tmdb.org/t/p/w1280//fC2Uld8qZ6waCuo71oTKzJTscaN.jpg</thumbnail>
    <fanart>https://image.tmdb.org/t/p/w1280//6ZGUYAhUvhJ54HrSPliTzoZ8evy.jpg</fanart>
</item>
<item>
    <title>The Midnight Meat Train</title>
    <meta>
        <imdb>tt0805570</imdb>
        <content>movie</content>
        <title>The Midnight Meat Train</title>
        <year>2008</year>
    </meta>
    <link>
        <sublink>search</sublink>
        <sublink>searchsd</sublink>
    </link>
    <thumbnail>https://image.tmdb.org/t/p/w1280//vHKe4D9qGK56OfgX9v5KnjXVMBE.jpg</thumbnail>
    <fanart>https://image.tmdb.org/t/p/w1280//vfErxYsTbjbq7M8oHB8v22WKU6D.jpg</fanart>
</item>
<item>
    <title>Midnight Movie</title>
    <meta>
        <imdb>tt0981224</imdb>
        <content>movie</content>
        <title>Midnight Movie</title>
        <year>2008</year>
    </meta>
    <link>
        <sublink>search</sublink>
        <sublink>searchsd</sublink>
    </link>
    <thumbnail>https://image.tmdb.org/t/p/w1280//uUuv5wMd2c3Xf0MUFOFywE04U6w.jpg</thumbnail>
    <fanart>https://image.tmdb.org/t/p/w1280//eykRJmddz6YqJe1oSfX7BYgsTYC.jpg</fanart>
</item>
<item>
    <title>Mirrors</title>
    <meta>
        <imdb>tt0790686</imdb>
        <content>movie</content>
        <title>Mirrors</title>
        <year>2008</year>
    </meta>
    <link>
        <sublink>search</sublink>
        <sublink>searchsd</sublink>
    </link>
    <thumbnail>https://image.tmdb.org/t/p/w1280//h0Lf0PoLqvcDDpWhvCpiLGSREmp.jpg</thumbnail>
    <fanart>https://image.tmdb.org/t/p/w1280//lFUvdqHYFwumtDsM9fdbzSE1Rqe.jpg</fanart>
</item>
<item>
    <title>Never Cry Werewolf</title>
    <meta>
        <imdb>tt1135933</imdb>
        <content>movie</content>
        <title>Never Cry Werewolf</title>
        <year>2008</year>
    </meta>
    <link>
        <sublink>search</sublink>
        <sublink>searchsd</sublink>
    </link>
    <thumbnail>https://image.tmdb.org/t/p/w1280//oXJg5ffnBtioxq9CqRGnsZpDYFC.jpg</thumbnail>
    <fanart>https://image.tmdb.org/t/p/w1280//vehRzbx0g15XQCSAZvq4QzKnDRs.jpg</fanart>
</item>
<item>
    <title>No Man's Land: The Rise of Reeker</title>
    <meta>
        <imdb>tt1090671</imdb>
        <content>movie</content>
        <title>No Man's Land: The Rise of Reeker</title>
        <year>2008</year>
    </meta>
    <link>
        <sublink>search</sublink>
        <sublink>searchsd</sublink>
    </link>
    <thumbnail>https://image.tmdb.org/t/p/w1280//kNKC9eMzPtqGkq5yPbi61hzgTv8.jpg</thumbnail>
    <fanart>https://image.tmdb.org/t/p/w1280//b1jFTesQan02pDzSe9cPt3UbKX6.jpg</fanart>
</item>
<item>
    <title>One Missed Call</title>
    <meta>
        <imdb>tt0479968</imdb>
        <content>movie</content>
        <title>One Missed Call</title>
        <year>2008</year>
    </meta>
    <link>
        <sublink>search</sublink>
        <sublink>searchsd</sublink>
    </link>
    <thumbnail>https://image.tmdb.org/t/p/w1280//qdGRVppdGVzV0P8fa8c9Aeae3J6.jpg</thumbnail>
    <fanart>https://image.tmdb.org/t/p/w1280//nLYWGdr9gYwI9Y95K8ehIcV4EXS.jpg</fanart>
</item>
<item>
    <title>Outpost</title>
    <meta>
        <imdb>tt0892899</imdb>
        <content>movie</content>
        <title>Outpost</title>
        <year>2007</year>
    </meta>
    <link>
        <sublink>search</sublink>
        <sublink>searchsd</sublink>
    </link>
    <thumbnail>https://image.tmdb.org/t/p/w1280//7vXn4nN1bdqKgcNwQYPMK3mRBQn.jpg</thumbnail>
    <fanart>https://image.tmdb.org/t/p/w1280//8HAGIRD8mIZRng9A98KXdmOm3Ro.jpg</fanart>
</item>
<item>
    <title>Pontypool</title>
    <meta>
        <imdb>tt1226681</imdb>
        <content>movie</content>
        <title>Pontypool</title>
        <year>2009</year>
    </meta>
    <link>
        <sublink>search</sublink>
        <sublink>searchsd</sublink>
    </link>
    <thumbnail>https://image.tmdb.org/t/p/w1280//hd8zqF2lBLIVsOqa2TLGzZcXcwP.jpg</thumbnail>
    <fanart>https://image.tmdb.org/t/p/w1280//A6A1daFZbAcRsW9BnvrEbNUNOm7.jpg</fanart>
</item>
<item>
    <title>Prom Night</title>
    <meta>
        <imdb>tt0926129</imdb>
        <content>movie</content>
        <title>Prom Night</title>
        <year>2008</year>
    </meta>
    <link>
        <sublink>search</sublink>
        <sublink>searchsd</sublink>
    </link>
    <thumbnail>https://image.tmdb.org/t/p/w1280//uNBnpeaxPUcOtaevIjQMG6Ne3mZ.jpg</thumbnail>
    <fanart>https://image.tmdb.org/t/p/w1280//pvOMqkszX0K4PyJfLXRqLR9ZJLY.jpg</fanart>
</item>
<item>
    <title>Quarantine</title>
    <meta>
        <imdb>tt1082868</imdb>
        <content>movie</content>
        <title>Quarantine</title>
        <year>2008</year>
    </meta>
    <link>
        <sublink>search</sublink>
        <sublink>searchsd</sublink>
    </link>
    <thumbnail>https://image.tmdb.org/t/p/w1280//diJgLy6vSGbNYNW5jZ1YpX7PHJ4.jpg</thumbnail>
    <fanart>https://image.tmdb.org/t/p/w1280//mQXCYqGUPt4Ld6UX6uljM5azbGb.jpg</fanart>
</item>
<item>
    <title>Red Mist</title>
    <meta>
        <imdb>tt1185264</imdb>
        <content>movie</content>
        <title>Red Mist</title>
        <year>2008</year>
    </meta>
    <link>
        <sublink>search</sublink>
        <sublink>searchsd</sublink>
    </link>
    <thumbnail>https://image.tmdb.org/t/p/w1280//kiCMXrW1vLaADnkx1SSm5sD9JfN.jpg</thumbnail>
    <fanart>https://image.tmdb.org/t/p/w1280//au8TtFxKuXobRVnl9xkZbceDEVi.jpg</fanart>
</item>
<item>
    <title>Repo! The Genetic Opera</title>
    <meta>
        <imdb>tt0963194</imdb>
        <content>movie</content>
        <title>Repo! The Genetic Opera</title>
        <year>2008</year>
    </meta>
    <link>
        <sublink>search</sublink>
        <sublink>searchsd</sublink>
    </link>
    <thumbnail>https://image.tmdb.org/t/p/w1280//jOqByDXHyDZ3rHHLmE5UIjRVIfE.jpg</thumbnail>
    <fanart>https://image.tmdb.org/t/p/w1280//kGQVyJGDCK7Y0dJ5NgseBRb3ao8.jpg</fanart>
</item>
<item>
    <title>Return to Sleepaway Camp</title>
    <meta>
        <imdb>tt0382943</imdb>
        <content>movie</content>
        <title>Return to Sleepaway Camp</title>
        <year>2008</year>
    </meta>
    <link>
        <sublink>search</sublink>
        <sublink>searchsd</sublink>
    </link>
    <thumbnail>https://image.tmdb.org/t/p/w1280//eYp0oMbT556KB6lVJZ0kOh7Q78M.jpg</thumbnail>
    <fanart>https://image.tmdb.org/t/p/w1280//x9P7hEze9maqatmD61kjWbeiK0O.jpg</fanart>
</item>
<item>
    <title>The Ruins</title>
    <meta>
        <imdb>tt0963794</imdb>
        <content>movie</content>
        <title>The Ruins</title>
        <year>2008</year>
    </meta>
    <link>
        <sublink>search</sublink>
        <sublink>searchsd</sublink>
    </link>
    <thumbnail>https://image.tmdb.org/t/p/w1280//cP4FKhIn1VhoZsS3Ycqqy7dhFDN.jpg</thumbnail>
    <fanart>https://image.tmdb.org/t/p/w1280//wgRijFOPdEnfJZMRcNiCdjJoK4.jpg</fanart>
</item>
<item>
    <title>Saw V</title>
    <meta>
        <imdb>tt1132626</imdb>
        <content>movie</content>
        <title>Saw V</title>
        <year>2008</year>
    </meta>
    <link>
        <sublink>search</sublink>
        <sublink>searchsd</sublink>
    </link>
    <thumbnail>https://image.tmdb.org/t/p/w1280//AkfY99GJjnsuOpIaQlFzCsv5pBl.jpg</thumbnail>
    <fanart>https://image.tmdb.org/t/p/w1280//riCNFvTbbgjWYIhy6Ow5gBd8ZqW.jpg</fanart>
</item>
<item>
    <title>Shark Swarm</title>
    <meta>
        <imdb>tt1078927</imdb>
        <content>movie</content>
        <title>Shark Swarm</title>
        <year>2008</year>
    </meta>
    <link>
        <sublink>search</sublink>
        <sublink>searchsd</sublink>
    </link>
    <thumbnail>https://image.tmdb.org/t/p/w1280//dQMliv6SOiXThDYWutkZxU7PH8Q.jpg</thumbnail>
    <fanart>https://image.tmdb.org/t/p/w1280//s9w8sUsHiRXsZZBBsABuJlf4VB1.jpg</fanart>
</item>
<item>
    <title>Shutter</title>
    <meta>
        <imdb>tt0482599</imdb>
        <content>movie</content>
        <title>Shutter</title>
        <year>2008</year>
    </meta>
    <link>
        <sublink>search</sublink>
        <sublink>searchsd</sublink>
    </link>
    <thumbnail>https://image.tmdb.org/t/p/w1280//sfJpyVioSAUTQgHk86WJja2bxM4.jpg</thumbnail>
    <fanart>https://image.tmdb.org/t/p/w1280//yZcNoudnHFzmHUrMfSiblobVwR3.jpg</fanart>
</item>
<item>
    <title>Splinter</title>
    <meta>
        <imdb>tt1031280</imdb>
        <content>movie</content>
        <title>Splinter</title>
        <year>2008</year>
    </meta>
    <link>
        <sublink>search</sublink>
        <sublink>searchsd</sublink>
    </link>
    <thumbnail>https://image.tmdb.org/t/p/w1280//tHCE24obujsOBqhqYgPAdM3XnwE.jpg</thumbnail>
    <fanart>https://image.tmdb.org/t/p/w1280//mCZKkTA491MFzS9HOikyotmq2KN.jpg</fanart>
</item>
<item>
    <title>The Strangers</title>
    <meta>
        <imdb>tt0482606</imdb>
        <content>movie</content>
        <title>The Strangers</title>
        <year>2008</year>
    </meta>
    <link>
        <sublink>search</sublink>
        <sublink>searchsd</sublink>
    </link>
    <thumbnail>https://image.tmdb.org/t/p/w1280//pZwTosOfiB9hGvXvPg9fpoOqKmp.jpg</thumbnail>
    <fanart>https://image.tmdb.org/t/p/w1280//rY3FMzhK9kS601aN4yWJEkQ4zvN.jpg</fanart>
</item>
<item>
    <title>Trailer Park of Terror</title>
    <meta>
        <imdb>tt0892109</imdb>
        <content>movie</content>
        <title>Trailer Park of Terror</title>
        <year>2008</year>
    </meta>
    <link>
        <sublink>search</sublink>
        <sublink>searchsd</sublink>
    </link>
    <thumbnail>https://image.tmdb.org/t/p/w1280//vBDgOASr5vVjK83Fw1XcpXIZFsc.jpg</thumbnail>
    <fanart>https://image.tmdb.org/t/p/w1280//oWFhqrtXGcx4n0CYnKwIoQ1n4BR.jpg</fanart>
</item>
<item>
    <title>Zombie Strippers!</title>
    <meta>
        <imdb>tt0960890</imdb>
        <content>movie</content>
        <title>Zombie Strippers!</title>
        <year>2008</year>
    </meta>
    <link>
        <sublink>search</sublink>
        <sublink>searchsd</sublink>
    </link>
    <thumbnail>https://image.tmdb.org/t/p/w1280//kugSRyrsc10vXP6mRgROpYVNCoK.jpg</thumbnail>
    <fanart>https://image.tmdb.org/t/p/w1280//9iz2DaLLvGnJJAPwawVEE1WFWIQ.jpg</fanart>
</item>
<item>
    <title>The Machine Girl</title>
    <meta>
        <imdb>tt1050160</imdb>
        <content>movie</content>
        <title>The Machine Girl</title>
        <year>2008</year>
    </meta>
    <link>
        <sublink>search</sublink>
        <sublink>searchsd</sublink>
    </link>
    <thumbnail>https://image.tmdb.org/t/p/w1280//t2TQiQxsEf0dBzmHoxdKkEjdQPF.jpg</thumbnail>
    <fanart>https://image.tmdb.org/t/p/w1280//flU4inIxUhtmVZNWywbbKrUHVAb.jpg</fanart>
</item>
