<item>
    <title>#Horror</title>
    <meta>
        <imdb>tt3526286</imdb>
        <content>movie</content>
        <title>#Horror</title>
        <year>2015</year>
    </meta>
    <link>
        <sublink>search</sublink>
        <sublink>searchsd</sublink>
    </link>
    <thumbnail>https://image.tmdb.org/t/p/w1280//48zZhMQ7HABuHrgQL1dD4CipywF.jpg</thumbnail>
    <fanart>https://image.tmdb.org/t/p/w1280//iSbEhQMcQWvJeR32AWbWmcX5aVJ.jpg</fanart>
</item>
<item>
    <title>A Christmas Horror Story</title>
    <meta>
        <imdb>tt3688406</imdb>
        <content>movie</content>
        <title>A Christmas Horror Story</title>
        <year>2015</year>
    </meta>
    <link>
        <sublink>search</sublink>
        <sublink>searchsd</sublink>
    </link>
    <thumbnail>https://image.tmdb.org/t/p/w1280//2j7TfOmZiIpKWjHvXcqfKgOOtpw.jpg</thumbnail>
    <fanart>https://image.tmdb.org/t/p/w1280//rIZ5Qd8wHWhz7unRI1YUgpkTjpJ.jpg</fanart>
</item>
<item>
    <title>The Amityville Playhouse</title>
    <meta>
        <imdb>tt4086116</imdb>
        <content>movie</content>
        <title>The Amityville Playhouse</title>
        <year>2015</year>
    </meta>
    <link>
        <sublink>search</sublink>
        <sublink>searchsd</sublink>
    </link>
    <thumbnail>https://image.tmdb.org/t/p/w1280//9camcUi9l5zpBRiXb0eOKYDQxTf.jpg</thumbnail>
    <fanart>https://image.tmdb.org/t/p/w1280//awgsvaGizuO2eDQgIguyj6Jw2qu.jpg</fanart>
</item>
<item>
    <title>The Atticus Institute</title>
    <meta>
        <imdb>tt3280916</imdb>
        <content>movie</content>
        <title>The Atticus Institute</title>
        <year>2015</year>
    </meta>
    <link>
        <sublink>search</sublink>
        <sublink>searchsd</sublink>
    </link>
    <thumbnail>https://image.tmdb.org/t/p/w1280//jDNr74CkdoufjWrX3kFrbgdVbgq.jpg</thumbnail>
    <fanart>https://image.tmdb.org/t/p/w1280//j3TnmpdEalVROAvH0ypDpeawpAf.jpg</fanart>
</item>
<item>
    <title>Baskin</title>
    <meta>
        <imdb>tt4935418</imdb>
        <content>movie</content>
        <title>Baskin</title>
        <year>2015</year>
    </meta>
    <link>
        <sublink>search</sublink>
        <sublink>searchsd</sublink>
    </link>
    <thumbnail>https://image.tmdb.org/t/p/w1280//s2Roj8ZnGOvWBKBEs1NMZvtP3Vs.jpg</thumbnail>
    <fanart>https://image.tmdb.org/t/p/w1280//uxrsznMDPgsGDqiZ7UkkFgBEglM.jpg</fanart>
</item>
<item>
    <title>The Blackcoat's Daughter</title>
    <meta>
        <imdb>tt3286052</imdb>
        <content>movie</content>
        <title>The Blackcoat's Daughter</title>
        <year>2015</year>
    </meta>
    <link>
        <sublink>search</sublink>
        <sublink>searchsd</sublink>
    </link>
    <thumbnail>https://image.tmdb.org/t/p/w1280//gW5MnkQ9zHtyVPzdDDHPEDCrZ57.jpg</thumbnail>
    <fanart>https://image.tmdb.org/t/p/w1280//pe1yqTDWXGdCB81q3lKmaDiKFRs.jpg</fanart>
</item>
<item>
    <title>Bloodsucking Bastards</title>
    <meta>
        <imdb>tt3487994</imdb>
        <content>movie</content>
        <title>Bloodsucking Bastards</title>
        <year>2015</year>
    </meta>
    <link>
        <sublink>search</sublink>
        <sublink>searchsd</sublink>
    </link>
    <thumbnail>https://image.tmdb.org/t/p/w1280//4FGuQkvZ0sRmTtsOP32GuFxvYsj.jpg</thumbnail>
    <fanart>https://image.tmdb.org/t/p/w1280//lZiHWco20L9rw8w7cJg9OQkJoj8.jpg</fanart>
</item>
<item>
    <title>Bone Tomahawk</title>
    <meta>
        <imdb>tt2494362</imdb>
        <content>movie</content>
        <title>Bone Tomahawk</title>
        <year>2015</year>
    </meta>
    <link>
        <sublink>search</sublink>
        <sublink>searchsd</sublink>
    </link>
    <thumbnail>https://image.tmdb.org/t/p/w1280//8A51Ur47D0CNJhmvQlbif0vzyqZ.jpg</thumbnail>
    <fanart>https://image.tmdb.org/t/p/w1280//eMWYoor3TroQyPw3lNsolnOGqnf.jpg</fanart>
</item>
<item>
    <title>Crimson Peak</title>
    <meta>
        <imdb>tt2554274</imdb>
        <content>movie</content>
        <title>Crimson Peak</title>
        <year>2015</year>
    </meta>
    <link>
        <sublink>search</sublink>
        <sublink>searchsd</sublink>
    </link>
    <thumbnail>https://image.tmdb.org/t/p/w1280//pCj8zem1NDAODdtvha9WFEB6iWR.jpg</thumbnail>
    <fanart>https://image.tmdb.org/t/p/w1280//t8wLhfVbfCHbirEgDPQhiuLcFGp.jpg</fanart>
</item>
<item>
    <title>Dark Summer</title>
    <meta>
        <imdb>tt2910508</imdb>
        <content>movie</content>
        <title>Dark Summer</title>
        <year>2015</year>
    </meta>
    <link>
        <sublink>search</sublink>
        <sublink>searchsd</sublink>
    </link>
    <thumbnail>https://image.tmdb.org/t/p/w1280//n2uDybvsjILrk9q8NGCamQU2HbV.jpg</thumbnail>
    <fanart>https://image.tmdb.org/t/p/w1280//2goYmeGmjRt35eMDYxI6y7xH8y.jpg</fanart>
</item>
<item>
    <title>Dead Rising: Watchtower</title>
    <meta>
        <imdb>tt3816458</imdb>
        <content>movie</content>
        <title>Dead Rising: Watchtower</title>
        <year>2015</year>
    </meta>
    <link>
        <sublink>search</sublink>
        <sublink>searchsd</sublink>
    </link>
    <thumbnail>https://image.tmdb.org/t/p/w1280//ysTty2OpMud8RTda60yvf6AhFuj.jpg</thumbnail>
    <fanart>https://image.tmdb.org/t/p/w1280//7yHNNBzkffJzk6THcgGqvNZ8k7I.jpg</fanart>
</item>
<item>
    <title>Deathgasm</title>
    <meta>
        <imdb>tt3705412</imdb>
        <content>movie</content>
        <title>Deathgasm</title>
        <year>2015</year>
    </meta>
    <link>
        <sublink>search</sublink>
        <sublink>searchsd</sublink>
    </link>
    <thumbnail>https://image.tmdb.org/t/p/w1280//cwy9sGEOAuzpZXzXBVln1PZ4vxn.jpg</thumbnail>
    <fanart>https://image.tmdb.org/t/p/w1280//iZ1Iyh6pe0Igt3n95DxkJWBfwOD.jpg</fanart>
</item>
<item>
    <title>Demonic</title>
    <meta>
        <imdb>tt1841642</imdb>
        <content>movie</content>
        <title>Demonic</title>
        <year>2015</year>
    </meta>
    <link>
        <sublink>search</sublink>
        <sublink>searchsd</sublink>
    </link>
    <thumbnail>https://image.tmdb.org/t/p/w1280//9pzzhnrLuPJXX2JpqSTZHrrbIhd.jpg</thumbnail>
    <fanart>https://image.tmdb.org/t/p/w1280//mgGQbf8trfPw7VVI2WmD8svPO7Y.jpg</fanart>
</item>
<item>
    <title>The Devil's Candy</title>
    <meta>
        <imdb>tt4935372</imdb>
        <content>movie</content>
        <title>The Devil's Candy</title>
        <year>2017</year>
    </meta>
    <link>
        <sublink>search</sublink>
        <sublink>searchsd</sublink>
    </link>
    <thumbnail>https://image.tmdb.org/t/p/w1280//xLw8nDNLuffMdvjYXQLwL6UCXcs.jpg</thumbnail>
    <fanart>https://image.tmdb.org/t/p/w1280//lcix4ZjVsO7YqHohmk0QLcJRRl5.jpg</fanart>
</item>
<item>
    <title>The Final Girls</title>
    <meta>
        <imdb>tt2118624</imdb>
        <content>movie</content>
        <title>The Final Girls</title>
        <year>2015</year>
    </meta>
    <link>
        <sublink>search</sublink>
        <sublink>searchsd</sublink>
    </link>
    <thumbnail>https://image.tmdb.org/t/p/w1280//l9Ub29ZLm9He2wTxdN5nkSbrFzv.jpg</thumbnail>
    <fanart>https://image.tmdb.org/t/p/w1280//cWfC9EzsRdmz6IhtkGRhOqMfmep.jpg</fanart>
</item>
<item>
    <title>The Gift</title>
    <meta>
        <imdb>tt4178092</imdb>
        <content>movie</content>
        <title>The Gift</title>
        <year>2015</year>
    </meta>
    <link>
        <sublink>search</sublink>
        <sublink>searchsd</sublink>
    </link>
    <thumbnail>https://image.tmdb.org/t/p/w1280//chrYVlwpBjlYM80w4bQDZzfNQZf.jpg</thumbnail>
    <fanart>https://image.tmdb.org/t/p/w1280//pOjPWFIBlHtyNsivnzg2X6bC8JB.jpg</fanart>
</item>
<item>
    <title>Green Room</title>
    <meta>
        <imdb>tt4062536</imdb>
        <content>movie</content>
        <title>Green Room</title>
        <year>2016</year>
    </meta>
    <link>
        <sublink>search</sublink>
        <sublink>searchsd</sublink>
    </link>
    <thumbnail>https://image.tmdb.org/t/p/w1280//sTlPvjdQrrv5cLH410aMlSxqi0x.jpg</thumbnail>
    <fanart>https://image.tmdb.org/t/p/w1280//fDCpcRwECUEISrZkHRehx8ge4BF.jpg</fanart>
</item>
<item>
    <title>The Hallow</title>
    <meta>
        <imdb>tt2474976</imdb>
        <content>movie</content>
        <title>The Hallow</title>
        <year>2015</year>
    </meta>
    <link>
        <sublink>search</sublink>
        <sublink>searchsd</sublink>
    </link>
    <thumbnail>https://image.tmdb.org/t/p/w1280//fTkS0EuaCFefCeP1gBSRHYsaSKY.jpg</thumbnail>
    <fanart>https://image.tmdb.org/t/p/w1280//4IuHZFDUCmyxdf7JaF9oRqhTC9M.jpg</fanart>
</item>
<item>
    <title>He Never Died</title>
    <meta>
        <imdb>tt2386404</imdb>
        <content>movie</content>
        <title>He Never Died</title>
        <year>2015</year>
    </meta>
    <link>
        <sublink>search</sublink>
        <sublink>searchsd</sublink>
    </link>
    <thumbnail>https://image.tmdb.org/t/p/w1280//1uF1kqE3E1UCGRAzAEhQldjE3RN.jpg</thumbnail>
    <fanart>https://image.tmdb.org/t/p/w1280//xfSOogUXzuVEyUhlzyenCbclXrc.jpg</fanart>
</item>
<item>
    <title>Hellions</title>
    <meta>
        <imdb>tt3305844</imdb>
        <content>movie</content>
        <title>Hellions</title>
        <year>2015</year>
    </meta>
    <link>
        <sublink>search</sublink>
        <sublink>searchsd</sublink>
    </link>
    <thumbnail>https://image.tmdb.org/t/p/w1280//2qQypuYQtjSpsWvSefY1FBoPn1Q.jpg</thumbnail>
    <fanart>https://image.tmdb.org/t/p/w1280//zcDh1FYEthynNOpcwqM9j8tKC7R.jpg</fanart>
</item>
<item>
    <title>The House on Pine Street</title>
    <meta>
        <imdb>tt4085238</imdb>
        <content>movie</content>
        <title>The House on Pine Street</title>
        <year>2015</year>
    </meta>
    <link>
        <sublink>search</sublink>
        <sublink>searchsd</sublink>
    </link>
    <thumbnail>https://image.tmdb.org/t/p/w1280//jn7VVFHPoif9jgUuNjmA76BseBf.jpg</thumbnail>
    <fanart>https://image.tmdb.org/t/p/w1280//oCle2Qa4yh3hOElnpNCLXX5fgKU.jpg</fanart>
</item>
<item>
    <title>Howl</title>
    <meta>
        <imdb>tt1049402</imdb>
        <content>movie</content>
        <title>Howl</title>
        <year>2010</year>
    </meta>
    <link>
        <sublink>search</sublink>
        <sublink>searchsd</sublink>
    </link>
    <thumbnail>https://image.tmdb.org/t/p/w1280//oc5MVYd2hzvt76Oa4IoFnaxLkht.jpg</thumbnail>
    <fanart>https://image.tmdb.org/t/p/w1280//xfTS9yMGqj9HIDyU02yCn9UPNzh.jpg</fanart>
</item>
<item>
    <title>The Human Centipede 3 (Final Sequence)</title>
    <meta>
        <imdb>tt1883367</imdb>
        <content>movie</content>
        <title>The Human Centipede 3 (Final Sequence)</title>
        <year>2015</year>
    </meta>
    <link>
        <sublink>search</sublink>
        <sublink>searchsd</sublink>
    </link>
    <thumbnail>https://image.tmdb.org/t/p/w1280//sxyl4KEFAMKzdui2gtRhWCtxmAx.jpg</thumbnail>
    <fanart>https://image.tmdb.org/t/p/w1280//wmm6Ic2XFSZlusyf4kKxQ3EnDCy.jpg</fanart>
</item>
<item>
    <title>Insidious: Chapter 3</title>
    <meta>
        <imdb>tt3195644</imdb>
        <content>movie</content>
        <title>Insidious: Chapter 3</title>
        <year>2015</year>
    </meta>
    <link>
        <sublink>search</sublink>
        <sublink>searchsd</sublink>
    </link>
    <thumbnail>https://image.tmdb.org/t/p/w1280//ixANIbPRTNMAstlqJa2FlfBesyQ.jpg</thumbnail>
    <fanart>https://image.tmdb.org/t/p/w1280//fii3bunxCjdFpbcEJmFyJW1qDFp.jpg</fanart>
</item>
<item>
    <title>The Invitation</title>
    <meta>
        <imdb>tt2400463</imdb>
        <content>movie</content>
        <title>The Invitation</title>
        <year>2015</year>
    </meta>
    <link>
        <sublink>search</sublink>
        <sublink>searchsd</sublink>
    </link>
    <thumbnail>https://image.tmdb.org/t/p/w1280//v5Bdti2w5sqKNPge6I9jF2YpAqF.jpg</thumbnail>
    <fanart>https://image.tmdb.org/t/p/w1280//iAudhC0zatT9Uz7O4Zfgd5InvDP.jpg</fanart>
</item>
<item>
    <title>Jeruzalem</title>
    <meta>
        <imdb>tt4552524</imdb>
        <content>movie</content>
        <title>Jeruzalem</title>
        <year>2016</year>
    </meta>
    <link>
        <sublink>search</sublink>
        <sublink>searchsd</sublink>
    </link>
    <thumbnail>https://image.tmdb.org/t/p/w1280//wx9vNunt4Q9iUbmwWBtzUM5g0SU.jpg</thumbnail>
    <fanart>https://image.tmdb.org/t/p/w1280//7gmAfgousonVsQAWalPQbDFwUWJ.jpg</fanart>
</item>
<item>
    <title>Knock Knock</title>
    <meta>
        <imdb>tt3605418</imdb>
        <content>movie</content>
        <title>Knock Knock</title>
        <year>2015</year>
    </meta>
    <link>
        <sublink>search</sublink>
        <sublink>searchsd</sublink>
    </link>
    <thumbnail>https://image.tmdb.org/t/p/w1280//eynMtjBB1fXsB5vsQylVmsDLmvw.jpg</thumbnail>
    <fanart>https://image.tmdb.org/t/p/w1280//A1kVYDMzZY1KpKO2AuoSQoStyQs.jpg</fanart>
</item>
<item>
    <title>Krampus</title>
    <meta>
        <imdb>tt3850590</imdb>
        <content>movie</content>
        <title>Krampus</title>
        <year>2015</year>
    </meta>
    <link>
        <sublink>search</sublink>
        <sublink>searchsd</sublink>
    </link>
    <thumbnail>https://image.tmdb.org/t/p/w1280//27SiV4EBHcTBMz4IKANjhX5iIoX.jpg</thumbnail>
    <fanart>https://image.tmdb.org/t/p/w1280//5GsJuYZuG1bkuSI8FeWol5nvR9S.jpg</fanart>
</item>
<item>
    <title>The Lazarus Effect</title>
    <meta>
        <imdb>tt2918436</imdb>
        <content>movie</content>
        <title>The Lazarus Effect</title>
        <year>2015</year>
    </meta>
    <link>
        <sublink>search</sublink>
        <sublink>searchsd</sublink>
    </link>
    <thumbnail>https://image.tmdb.org/t/p/w1280//3oqjCN38pb7MI5i8lUlDQd4IAeA.jpg</thumbnail>
    <fanart>https://image.tmdb.org/t/p/w1280//tfjCNfPDdjyZoiS9dzvvq8Lqhf3.jpg</fanart>
</item>
<item>
    <title>Maggie</title>
    <meta>
        <imdb>tt1881002</imdb>
        <content>movie</content>
        <title>Maggie</title>
        <year>2015</year>
    </meta>
    <link>
        <sublink>search</sublink>
        <sublink>searchsd</sublink>
    </link>
    <thumbnail>https://image.tmdb.org/t/p/w1280//mFt7Oo3pf8f1BZAdWLyUpYM63aT.jpg</thumbnail>
    <fanart>https://image.tmdb.org/t/p/w1280//uCI4vNT4u9xOIU3pKV3qeaFcuO9.jpg</fanart>
</item>
<item>
    <title>Muck</title>
    <meta>
        <imdb>tt2207484</imdb>
        <content>movie</content>
        <title>Muck</title>
        <year>2015</year>
    </meta>
    <link>
        <sublink>search</sublink>
        <sublink>searchsd</sublink>
    </link>
    <thumbnail>https://image.tmdb.org/t/p/w1280//7FCu6d96SKyGSomKbAWWkkL0oRd.jpg</thumbnail>
    <fanart>https://image.tmdb.org/t/p/w1280//13CJ49eWFnw6mqLt755DR3nOj9v.jpg</fanart>
</item>
<item>
    <title>The Nightmare</title>
    <meta>
        <imdb>tt3317522</imdb>
        <content>movie</content>
        <title>The Nightmare</title>
        <year>2015</year>
    </meta>
    <link>
        <sublink>search</sublink>
        <sublink>searchsd</sublink>
    </link>
    <thumbnail>https://image.tmdb.org/t/p/w1280//cJdvEQSw9ICjohj28YOsHcgq3Po.jpg</thumbnail>
    <fanart>https://image.tmdb.org/t/p/w1280//oXkzmRUEACkQHdIdUvspLjqQwg9.jpg</fanart>
</item>
<item>
    <title>Numb</title>
    <meta>
        <imdb>tt4470266</imdb>
        <content>movie</content>
        <title>Numb</title>
        <year>2015</year>
    </meta>
    <link>
        <sublink>search</sublink>
        <sublink>searchsd</sublink>
    </link>
    <thumbnail>https://image.tmdb.org/t/p/w1280//1QeDMwG19nc9UNKpomIzI0aCsQU.jpg</thumbnail>
    <fanart>https://image.tmdb.org/t/p/w1280//2WyJHm7LWd9tbABn7Gt6LywZDgU.jpg</fanart>
</item>
<item>
    <title>Paranormal Activity: The Ghost Dimension</title>
    <meta>
        <imdb>tt2473510</imdb>
        <content>movie</content>
        <title>Paranormal Activity: The Ghost Dimension</title>
        <year>2015</year>
    </meta>
    <link>
        <sublink>search</sublink>
        <sublink>searchsd</sublink>
    </link>
    <thumbnail>https://image.tmdb.org/t/p/w1280//oJCDEo41ri0Q6TnC54kfAqqU5rq.jpg</thumbnail>
    <fanart>https://image.tmdb.org/t/p/w1280//sjjI9CjDeGrcTIH5bPoSta6VzWx.jpg</fanart>
</item>
<item>
    <title>Poltergeist</title>
    <meta>
        <imdb>tt1029360</imdb>
        <content>movie</content>
        <title>Poltergeist</title>
        <year>2015</year>
    </meta>
    <link>
        <sublink>search</sublink>
        <sublink>searchsd</sublink>
    </link>
    <thumbnail>https://image.tmdb.org/t/p/w1280//fWOPN0XBvHXFYr3RsPr74qBge2I.jpg</thumbnail>
    <fanart>https://image.tmdb.org/t/p/w1280//i2otKlu6k5xM0bvA69y4z7XaCGo.jpg</fanart>
</item>
<item>
    <title>Bound to Vengeance</title>
    <meta>
        <imdb>tt1230213</imdb>
        <content>movie</content>
        <title>Bound to Vengeance</title>
        <year>2015</year>
    </meta>
    <link>
        <sublink>search</sublink>
        <sublink>searchsd</sublink>
    </link>
    <thumbnail>https://image.tmdb.org/t/p/w1280//i10TBdHpX0e7CC2eDM5xUitmmGY.jpg</thumbnail>
    <fanart>https://image.tmdb.org/t/p/w1280//qfZd3oZSTFa103e3cGd1rewHcNJ.jpg</fanart>
</item>
<item>
    <title>Scouts Guide to the Zombie Apocalypse</title>
    <meta>
        <imdb>tt1727776</imdb>
        <content>movie</content>
        <title>Scouts Guide to the Zombie Apocalypse</title>
        <year>2015</year>
    </meta>
    <link>
        <sublink>search</sublink>
        <sublink>searchsd</sublink>
    </link>
    <thumbnail>https://image.tmdb.org/t/p/w1280//3wHxtemithpFQiB7ffa50ZKI6bz.jpg</thumbnail>
    <fanart>https://image.tmdb.org/t/p/w1280//m0VRjrm2WzEg6lPWHS9Y2khsBbr.jpg</fanart>
</item>
<item>
    <title>Sharknado 3: Oh Hell No!</title>
    <meta>
        <imdb>tt3899796</imdb>
        <content>movie</content>
        <title>Sharknado 3: Oh Hell No!</title>
        <year>2015</year>
    </meta>
    <link>
        <sublink>search</sublink>
        <sublink>searchsd</sublink>
    </link>
    <thumbnail>https://image.tmdb.org/t/p/w1280//hEpMnXqC7bIklSrUN1qPGyKxRBJ.jpg</thumbnail>
    <fanart>https://image.tmdb.org/t/p/w1280//gf5XbeE5mgF11CKQ9ZfE4hOlqY7.jpg</fanart>
</item>
<item>
    <title>Sinister 2</title>
    <meta>
        <imdb>tt2752772</imdb>
        <content>movie</content>
        <title>Sinister 2</title>
        <year>2015</year>
    </meta>
    <link>
        <sublink>search</sublink>
        <sublink>searchsd</sublink>
    </link>
    <thumbnail>https://image.tmdb.org/t/p/w1280//AeJYo2wLVL6NpkHxpWIptGbQD0N.jpg</thumbnail>
    <fanart>https://image.tmdb.org/t/p/w1280//n4oKG6cuQ5JP12BRAmT5t9dk14t.jpg</fanart>
</item>
<item>
    <title>Some Kind of Hate</title>
    <meta>
        <imdb>tt3698558</imdb>
        <content>movie</content>
        <title>Some Kind of Hate</title>
        <year>2015</year>
    </meta>
    <link>
        <sublink>search</sublink>
        <sublink>searchsd</sublink>
    </link>
    <thumbnail>https://image.tmdb.org/t/p/w1280//7ydJbmjBF40Fu02sTCywUwmsWKm.jpg</thumbnail>
    <fanart>https://image.tmdb.org/t/p/w1280//apCK4ZwOXa8lI1f3i30e8kLTcKZ.jpg</fanart>
</item>
<item>
    <title>Southbound</title>
    <meta>
        <imdb>tt4935334</imdb>
        <content>movie</content>
        <title>Southbound</title>
        <year>2015</year>
    </meta>
    <link>
        <sublink>search</sublink>
        <sublink>searchsd</sublink>
    </link>
    <thumbnail>https://image.tmdb.org/t/p/w1280//u4jDG1ANfVoCs7GChgafqkve3v8.jpg</thumbnail>
    <fanart>https://image.tmdb.org/t/p/w1280//cJg0tjpHPaXcKZvon1fJyM0pXG5.jpg</fanart>
</item>
<item>
    <title>Stung</title>
    <meta>
        <imdb>tt3300572</imdb>
        <content>movie</content>
        <title>Stung</title>
        <year>2015</year>
    </meta>
    <link>
        <sublink>search</sublink>
        <sublink>searchsd</sublink>
    </link>
    <thumbnail>https://image.tmdb.org/t/p/w1280//jMZxMyGpOc886yDxvFiYSVrVILG.jpg</thumbnail>
    <fanart>https://image.tmdb.org/t/p/w1280//4KBUjg88uwlslu0YgGUD3BSBHW0.jpg</fanart>
</item>
<item>
    <title>Tag</title>
    <meta>
        <imdb>tt1967669</imdb>
        <content>movie</content>
        <title>Tag</title>
        <year>2015</year>
    </meta>
    <link>
        <sublink>search</sublink>
        <sublink>searchsd</sublink>
    </link>
    <thumbnail>https://image.tmdb.org/t/p/w1280//mz9WSFNrgYSH7dDTk56hy31ZK5p.jpg</thumbnail>
    <fanart/>
</item>
<item>
    <title>Tales of Halloween</title>
    <meta>
        <imdb>tt4163020</imdb>
        <content>movie</content>
        <title>Tales of Halloween</title>
        <year>2015</year>
    </meta>
    <link>
        <sublink>search</sublink>
        <sublink>searchsd</sublink>
    </link>
    <thumbnail>https://image.tmdb.org/t/p/w1280//hISRq3TJdALQj1RGCS6bQxbTnAf.jpg</thumbnail>
    <fanart>https://image.tmdb.org/t/p/w1280//rrjyhU2u370JgDYyh5JGy7OWdor.jpg</fanart>
</item>
<item>
    <title>Thirst</title>
    <meta>
        <imdb>tt3955808</imdb>
        <content>movie</content>
        <title>Thirst</title>
        <year>2016</year>
    </meta>
    <link>
        <sublink>search</sublink>
        <sublink>searchsd</sublink>
    </link>
    <thumbnail>https://image.tmdb.org/t/p/w1280//6moCjmMQAWBYIrrqKQF7zdFm68r.jpg</thumbnail>
    <fanart>https://image.tmdb.org/t/p/w1280//A3HbnPRMabX3B0kHAXxHlwLGI62.jpg</fanart>
</item>
<item>
    <title>The Vatican Tapes</title>
    <meta>
        <imdb>tt1524575</imdb>
        <content>movie</content>
        <title>The Vatican Tapes</title>
        <year>2015</year>
    </meta>
    <link>
        <sublink>search</sublink>
        <sublink>searchsd</sublink>
    </link>
    <thumbnail>https://image.tmdb.org/t/p/w1280//uiKoHzltaCzHOzvef9tU4HKhqsc.jpg</thumbnail>
    <fanart>https://image.tmdb.org/t/p/w1280//jxWcBKH7hE8mJvCegWCBrJuJ2dI.jpg</fanart>
</item>
<item>
    <title>Victor Frankenstein</title>
    <meta>
        <imdb>tt1976009</imdb>
        <content>movie</content>
        <title>Victor Frankenstein</title>
        <year>2015</year>
    </meta>
    <link>
        <sublink>search</sublink>
        <sublink>searchsd</sublink>
    </link>
    <thumbnail>https://image.tmdb.org/t/p/w1280//FDcYYHd6IlKj2ZitO9ASE4GlKa.jpg</thumbnail>
    <fanart>https://image.tmdb.org/t/p/w1280//AsNosq3JX6YfWy7HXmHnJjV7Fsw.jpg</fanart>
</item>
<item>
    <title>The Visit</title>
    <meta>
        <imdb>tt3567288</imdb>
        <content>movie</content>
        <title>The Visit</title>
        <year>2015</year>
    </meta>
    <link>
        <sublink>search</sublink>
        <sublink>searchsd</sublink>
    </link>
    <thumbnail>https://image.tmdb.org/t/p/w1280//32tNtTEQ1vIOLm1hEOSFkVwJT5D.jpg</thumbnail>
    <fanart>https://image.tmdb.org/t/p/w1280//zMqqDCRt7KTikTC6HHw962UYJNy.jpg</fanart>
</item>
<item>
    <title>We Are Still Here</title>
    <meta>
        <imdb>tt3520418</imdb>
        <content>movie</content>
        <title>We Are Still Here</title>
        <year>2015</year>
    </meta>
    <link>
        <sublink>search</sublink>
        <sublink>searchsd</sublink>
    </link>
    <thumbnail>https://image.tmdb.org/t/p/w1280//oTslO8AmYYGaFr6MCiIv3F30vWv.jpg</thumbnail>
    <fanart>https://image.tmdb.org/t/p/w1280//lfwd6PUeOlUl6wdaVQf5wyVbzNE.jpg</fanart>
</item>
<item>
    <title>The Witch</title>
    <meta>
        <imdb>tt4263482</imdb>
        <content>movie</content>
        <title>The Witch</title>
        <year>2016</year>
    </meta>
    <link>
        <sublink>search</sublink>
        <sublink>searchsd</sublink>
    </link>
    <thumbnail>https://image.tmdb.org/t/p/w1280//l6NobtvA1FMhtV2HH20spDGr1wl.jpg</thumbnail>
    <fanart>https://image.tmdb.org/t/p/w1280//v9oJ6MaO5wdBEa20dzG6OAhoM8h.jpg</fanart>
</item>
<item>
    <title>Ju-on: The Final Curse</title>
    <meta>
        <imdb>tt4458368</imdb>
        <content>movie</content>
        <title>Ju-on: The Final Curse</title>
        <year>2015</year>
    </meta>
    <link>
        <sublink>search</sublink>
        <sublink>searchsd</sublink>
    </link>
    <thumbnail>https://image.tmdb.org/t/p/w1280//qLgBPGec7lTFE5hUGmk3DuCMaTj.jpg</thumbnail>
    <fanart>https://image.tmdb.org/t/p/w1280//82MrxAGnuBcICW9b5XKJYdoNILn.jpg</fanart>
</item>
