<item>
    <title>1922</title>
    <meta>
        <imdb>tt6214928</imdb>
        <content>movie</content>
        <title>1922</title>
        <year>2017</year>
    </meta>
    <link>
        <sublink>search</sublink>
        <sublink>searchsd</sublink>
    </link>
    <thumbnail>https://image.tmdb.org/t/p/w1280//q4FQOiSRhTLWulHl5Vpg37FMArH.jpg</thumbnail>
    <fanart>https://image.tmdb.org/t/p/w1280//3uwyXMZN93PRkShUxvLrufwVAc2.jpg</fanart>
</item>
<item>
    <title>Memoirs of a Murderer</title>
    <meta>
        <imdb>tt5882982</imdb>
        <content>movie</content>
        <title>Memoirs of a Murderer</title>
        <year>2017</year>
    </meta>
    <link>
        <sublink>search</sublink>
        <sublink>searchsd</sublink>
    </link>
    <thumbnail>https://image.tmdb.org/t/p/w1280//o1DxZDxQSiE86Vo23NhZplsFNzA.jpg</thumbnail>
    <fanart>https://image.tmdb.org/t/p/w1280//3YR2p7afxCwWFtobYXeuVlFzDB1.jpg</fanart>
</item>
<item>
    <title>24 Hours to Live</title>
    <meta>
        <imdb>tt5442456</imdb>
        <content>movie</content>
        <title>24 Hours to Live</title>
        <year>2017</year>
    </meta>
    <link>
        <sublink>search</sublink>
        <sublink>searchsd</sublink>
    </link>
    <thumbnail>https://image.tmdb.org/t/p/w1280//w0MXP33x1bq48TDC7IaNqQ8nxcc.jpg</thumbnail>
    <fanart>https://image.tmdb.org/t/p/w1280//qkZBinTw24t062Ygd6W2zeok5va.jpg</fanart>
</item>
<item>
    <title>47 Meters Down</title>
    <meta>
        <imdb>tt2932536</imdb>
        <content>movie</content>
        <title>47 Meters Down</title>
        <year>2017</year>
    </meta>
    <link>
        <sublink>search</sublink>
        <sublink>searchsd</sublink>
    </link>
    <thumbnail>https://image.tmdb.org/t/p/w1280//2IgdRUTdHyoI3nFORcnnYEKOGIH.jpg</thumbnail>
    <fanart>https://image.tmdb.org/t/p/w1280//6j8B3BqTuNrpAJoa0JIc7nZzOUn.jpg</fanart>
</item>
<item>
    <title>5 Headed Shark Attack</title>
    <meta>
        <imdb>tt6719524</imdb>
        <content>movie</content>
        <title>5 Headed Shark Attack</title>
        <year>2017</year>
    </meta>
    <link>
        <sublink>search</sublink>
        <sublink>searchsd</sublink>
    </link>
    <thumbnail>https://image.tmdb.org/t/p/w1280//gi2mlvKKpbbXP1DwBUQAc8XGBgP.jpg</thumbnail>
    <fanart>https://image.tmdb.org/t/p/w1280//5B9VsZwhulX88aj1VZfe41h2ykY.jpg</fanart>
</item>
<item>
    <title>666: Devilish Charm</title>
    <meta>
        <imdb>tt3216846</imdb>
        <content>movie</content>
        <title>666: Devilish Charm</title>
        <year>2014</year>
    </meta>
    <link>
        <sublink>search</sublink>
        <sublink>searchsd</sublink>
    </link>
    <thumbnail>https://image.tmdb.org/t/p/w1280//cauliUwjBwVEFWGBhlpjnBmWec5.jpg</thumbnail>
    <fanart>https://image.tmdb.org/t/p/w1280//x15RX1pgt5Gt6xqVzM4VWUCtlNp.jpg</fanart>
</item>
<item>
    <title>9/11</title>
    <meta>
        <imdb>tt4917224</imdb>
        <content>movie</content>
        <title>9/11</title>
        <year>2017</year>
    </meta>
    <link>
        <sublink>search</sublink>
        <sublink>searchsd</sublink>
    </link>
    <thumbnail>https://image.tmdb.org/t/p/w1280//pGkjEL7RkMogMI6aznsKmZOhd8I.jpg</thumbnail>
    <fanart>https://image.tmdb.org/t/p/w1280//oNgwgGiUruDMn8MklEwPWx9fOnO.jpg</fanart>
</item>
<item>
    <title>A Demon Within</title>
    <meta>
        <imdb>tt3499358</imdb>
        <content>movie</content>
        <title>A Demon Within</title>
        <year>2017</year>
    </meta>
    <link>
        <sublink>search</sublink>
        <sublink>searchsd</sublink>
    </link>
    <thumbnail>https://image.tmdb.org/t/p/w1280//1PdRPaUWyTu7Gn5UdhwxxSNLMH4.jpg</thumbnail>
    <fanart>https://image.tmdb.org/t/p/w1280//3k1z50F7D8g7RUWgNhsPkCO8HrJ.jpg</fanart>
</item>
<item>
    <title>A Ghost Story</title>
    <meta>
        <imdb>tt6265828</imdb>
        <content>movie</content>
        <title>A Ghost Story</title>
        <year>2017</year>
    </meta>
    <link>
        <sublink>search</sublink>
        <sublink>searchsd</sublink>
    </link>
    <thumbnail>https://image.tmdb.org/t/p/w1280//ydENrBUenr4khaP6tj4JZn1CpMs.jpg</thumbnail>
    <fanart>https://image.tmdb.org/t/p/w1280//8kiPIqPWJaeTNQlHvGyHodeh9lU.jpg</fanart>
</item>
<item>
    <title>A Wedding to Die For (Deadly Vows)</title>
    <meta>
        <imdb>tt7557686</imdb>
        <content>movie</content>
        <title>A Wedding to Die For (Deadly Vows)</title>
        <year>2017</year>
    </meta>
    <link>
        <sublink>search</sublink>
        <sublink>searchsd</sublink>
    </link>
    <thumbnail>https://image.tmdb.org/t/p/w1280//ga0v3IV2DvrbCQHE3CNTTjH23Sg.jpg</thumbnail>
    <fanart>https://image.tmdb.org/t/p/w1280//bHdFsoDITRuiFLYUzwB3VoTSdWM.jpg</fanart>
</item>
<item>
    <title>Alien: Covenant</title>
    <meta>
        <imdb>tt2316204</imdb>
        <content>movie</content>
        <title>Alien: Covenant</title>
        <year>2017</year>
    </meta>
    <link>
        <sublink>search</sublink>
        <sublink>searchsd</sublink>
    </link>
    <thumbnail>https://image.tmdb.org/t/p/w1280//zecMELPbU5YMQpC81Z8ImaaXuf9.jpg</thumbnail>
    <fanart>https://image.tmdb.org/t/p/w1280//kMU8trT43p5LFoJ4plIySMOsZ1T.jpg</fanart>
</item>
<item>
    <title>Amityville: The Awakening</title>
    <meta>
        <imdb>tt1935897</imdb>
        <content>movie</content>
        <title>Amityville: The Awakening</title>
        <year>2017</year>
    </meta>
    <link>
        <sublink>search</sublink>
        <sublink>searchsd</sublink>
    </link>
    <thumbnail>https://image.tmdb.org/t/p/w1280//d2BmX5YJchuDdnI3UL0mj3PtmaG.jpg</thumbnail>
    <fanart>https://image.tmdb.org/t/p/w1280//rsMoCKhVsxfX7AL9CAw999fd3MA.jpg</fanart>
</item>
<item>
    <title>Anna</title>
    <meta>
        <imdb>tt6427854</imdb>
        <content>movie</content>
        <title>Anna</title>
        <year>2017</year>
    </meta>
    <link>
        <sublink>search</sublink>
        <sublink>searchsd</sublink>
    </link>
    <thumbnail>https://image.tmdb.org/t/p/w1280//fCornBF7cbWsLUg1FZxJ4goKK43.jpg</thumbnail>
    <fanart>https://image.tmdb.org/t/p/w1280//vgvGG63U46ONfadDHjwdkGs5ypA.jpg</fanart>
</item>
<item>
    <title>Annabelle: Creation</title>
    <meta>
        <imdb>tt5140878</imdb>
        <content>movie</content>
        <title>Annabelle: Creation</title>
        <year>2017</year>
    </meta>
    <link>
        <sublink>search</sublink>
        <sublink>searchsd</sublink>
    </link>
    <thumbnail>https://image.tmdb.org/t/p/w1280//tb86j8jVCVsdZnzf8I6cIi65IeM.jpg</thumbnail>
    <fanart>https://image.tmdb.org/t/p/w1280//3L5gfIKt2RK9vnCiLgWTAzkhQWC.jpg</fanart>
</item>
<item>
    <title>The Babysitter</title>
    <meta>
        <imdb>tt4225622</imdb>
        <content>movie</content>
        <title>The Babysitter</title>
        <year>2017</year>
    </meta>
    <link>
        <sublink>search</sublink>
        <sublink>searchsd</sublink>
    </link>
    <thumbnail>https://image.tmdb.org/t/p/w1280//86a7GRVRCwfl7wdI4QadyvKa6Zu.jpg</thumbnail>
    <fanart>https://image.tmdb.org/t/p/w1280//z9NxO5sgLPYOQDT3h3w6qx3FAGq.jpg</fanart>
</item>
<item>
    <title>Berlin Syndrome</title>
    <meta>
        <imdb>tt3335606</imdb>
        <content>movie</content>
        <title>Berlin Syndrome</title>
        <year>2017</year>
    </meta>
    <link>
        <sublink>search</sublink>
        <sublink>searchsd</sublink>
    </link>
    <thumbnail>https://image.tmdb.org/t/p/w1280//fskmBBGdm7KRA1ZRkdA2qaEqOAv.jpg</thumbnail>
    <fanart>https://image.tmdb.org/t/p/w1280//bRUbcR11v8xWrwiFVWDwwQfPkc2.jpg</fanart>
</item>
<item>
    <title>Beyond Skyline</title>
    <meta>
        <imdb>tt1724970</imdb>
        <content>movie</content>
        <title>Beyond Skyline</title>
        <year>2017</year>
    </meta>
    <link>
        <sublink>search</sublink>
        <sublink>searchsd</sublink>
    </link>
    <thumbnail>https://image.tmdb.org/t/p/w1280//lQUJZIm2nQj4mIsm0sUcznhMdpD.jpg</thumbnail>
    <fanart>https://image.tmdb.org/t/p/w1280//m5jvdwlI24XpFDSX79o97z76jis.jpg</fanart>
</item>
<item>
    <title>Bitch</title>
    <meta>
        <imdb>tt6069264</imdb>
        <content>movie</content>
        <title>Bitch</title>
        <year>2017</year>
    </meta>
    <link>
        <sublink>search</sublink>
        <sublink>searchsd</sublink>
    </link>
    <thumbnail>https://image.tmdb.org/t/p/w1280//dsFUHJgMVViUsRggDThtwRPmS9i.jpg</thumbnail>
    <fanart>https://image.tmdb.org/t/p/w1280//exxM5UndORdibgneCdTDZHDOIre.jpg</fanart>
</item>
<item>
    <title>Bitter Feast</title>
    <meta>
        <imdb>tt1477835</imdb>
        <content>movie</content>
        <title>Bitter Feast</title>
        <year>2010</year>
    </meta>
    <link>
        <sublink>search</sublink>
        <sublink>searchsd</sublink>
    </link>
    <thumbnail>https://image.tmdb.org/t/p/w1280//1RMpOCj9XwGIbW61msHlFExF4Pu.jpg</thumbnail>
    <fanart>https://image.tmdb.org/t/p/w1280//rzWZJRZgj5o6mv8ehCepgtMaFFU.jpg</fanart>
</item>
<item>
    <title>The Bye Bye Man</title>
    <meta>
        <imdb>tt4030600</imdb>
        <content>movie</content>
        <title>The Bye Bye Man</title>
        <year>2017</year>
    </meta>
    <link>
        <sublink>search</sublink>
        <sublink>searchsd</sublink>
    </link>
    <thumbnail>https://image.tmdb.org/t/p/w1280//bape74Eeli5NJ6x4UKuUr604xXh.jpg</thumbnail>
    <fanart>https://image.tmdb.org/t/p/w1280//kGR59koG8Xd2u0ZoqPNCOlsG4YM.jpg</fanart>
</item>
<item>
    <title>Cabin 28</title>
    <meta>
        <imdb>tt5457484</imdb>
        <content>movie</content>
        <title>Cabin 28</title>
        <year>2017</year>
    </meta>
    <link>
        <sublink>search</sublink>
        <sublink>searchsd</sublink>
    </link>
    <thumbnail>https://image.tmdb.org/t/p/w1280//crvqys951H0yVoPR38oSg6YAxSj.jpg</thumbnail>
    <fanart>https://image.tmdb.org/t/p/w1280//9haFz9lGsA1XeBel1q5xly5BTdT.jpg</fanart>
</item>
<item>
    <title>Can't Take It Back</title>
    <meta>
        <imdb>tt2142987</imdb>
        <content>movie</content>
        <title>Can't Take It Back</title>
        <year>2017</year>
    </meta>
    <link>
        <sublink>search</sublink>
        <sublink>searchsd</sublink>
    </link>
    <thumbnail>https://image.tmdb.org/t/p/w1280//jGtHkJwJgCDS5CXCeLCMndWYqM8.jpg</thumbnail>
    <fanart/>
</item>
<item>
    <title>Cats Kill</title>
    <meta>
        <imdb>tt6705838</imdb>
        <content>movie</content>
        <title>Cats Kill</title>
        <year>2017</year>
    </meta>
    <link>
        <sublink>search</sublink>
        <sublink>searchsd</sublink>
    </link>
    <thumbnail>https://image.tmdb.org/t/p/w1280//shoqpk1zyO9Ap7wxxeOalA0AqhF.jpg</thumbnail>
    <fanart/>
</item>
<item>
    <title>Clowntergeist</title>
    <meta>
        <imdb>tt3808102</imdb>
        <content>movie</content>
        <title>Clowntergeist</title>
        <year>2017</year>
    </meta>
    <link>
        <sublink>search</sublink>
        <sublink>searchsd</sublink>
    </link>
    <thumbnail>https://image.tmdb.org/t/p/w1280//hcmPStgOjjohdkuPLGIfkEPOk0o.jpg</thumbnail>
    <fanart>https://image.tmdb.org/t/p/w1280//1v1I3ZgxTBMmZXP2bhnnqLsvTNK.jpg</fanart>
</item>
<item>
    <title>Coffin 2</title>
    <meta>
        <imdb>tt5679554</imdb>
        <content>movie</content>
        <title>Coffin 2</title>
        <year>2017</year>
    </meta>
    <link>
        <sublink>search</sublink>
        <sublink>searchsd</sublink>
    </link>
    <thumbnail>https://image.tmdb.org/t/p/w1280//wipTilBu99jwuablynblFmDhTDj.jpg</thumbnail>
    <fanart>https://image.tmdb.org/t/p/w1280//oQPEf0MriN3BW1CWQMGIomnyFOO.jpg</fanart>
</item>
<item>
    <title>Crazy Lake</title>
    <meta>
        <imdb>tt4424292</imdb>
        <content>movie</content>
        <title>Crazy Lake</title>
        <year>2016</year>
    </meta>
    <link>
        <sublink>search</sublink>
        <sublink>searchsd</sublink>
    </link>
    <thumbnail>https://image.tmdb.org/t/p/w1280//j3qcQOlMVedWY6hYsZSVK5Igzyp.jpg</thumbnail>
    <fanart>https://image.tmdb.org/t/p/w1280//4El9YIdnhhrMBC01GItfb7NGmLN.jpg</fanart>
</item>
<item>
    <title>Creep 2</title>
    <meta>
        <imdb>tt3654796</imdb>
        <content>movie</content>
        <title>Creep 2</title>
        <year>2017</year>
    </meta>
    <link>
        <sublink>search</sublink>
        <sublink>searchsd</sublink>
    </link>
    <thumbnail>https://image.tmdb.org/t/p/w1280//a0m7WciFnBqpcyH1Yi8i4tdvk0k.jpg</thumbnail>
    <fanart>https://image.tmdb.org/t/p/w1280//MZoXLeYBKm4AsbvhPWwuakwYEl.jpg</fanart>
</item>
<item>
    <title>The Crucifixion</title>
    <meta>
        <imdb>tt4181782</imdb>
        <content>movie</content>
        <title>The Crucifixion</title>
        <year>2017</year>
    </meta>
    <link>
        <sublink>search</sublink>
        <sublink>searchsd</sublink>
    </link>
    <thumbnail>https://image.tmdb.org/t/p/w1280//o4qD4kjmRIn2o54u0I29y5GKhD9.jpg</thumbnail>
    <fanart>https://image.tmdb.org/t/p/w1280//eOHHfxBlPfzJ4bnhWYlPVe46HT1.jpg</fanart>
</item>
<item>
    <title>Cult of Chucky</title>
    <meta>
        <imdb>tt3280262</imdb>
        <content>movie</content>
        <title>Cult of Chucky</title>
        <year>2017</year>
    </meta>
    <link>
        <sublink>search</sublink>
        <sublink>searchsd</sublink>
    </link>
    <thumbnail>https://image.tmdb.org/t/p/w1280//r5JUiMYfatwYeDkxkLWYUx5GIjY.jpg</thumbnail>
    <fanart>https://image.tmdb.org/t/p/w1280//lle3uwidvcWxBV6JDhb1NlVGxdE.jpg</fanart>
</item>
<item>
    <title>Cut Shoot Kill</title>
    <meta>
        <imdb>tt5667696</imdb>
        <content>movie</content>
        <title>Cut Shoot Kill</title>
        <year>2017</year>
    </meta>
    <link>
        <sublink>search</sublink>
        <sublink>searchsd</sublink>
    </link>
    <thumbnail>https://image.tmdb.org/t/p/w1280//xDJAZWq7kS1G6eps4oJCKOgutHU.jpg</thumbnail>
    <fanart>https://image.tmdb.org/t/p/w1280//gmT5ZOHmFHSICuEyugGcgabGCQ.jpg</fanart>
</item>
<item>
    <title>The Cutlass</title>
    <meta>
        <imdb>tt5789310</imdb>
        <content>movie</content>
        <title>The Cutlass</title>
        <year>2017</year>
    </meta>
    <link>
        <sublink>search</sublink>
        <sublink>searchsd</sublink>
    </link>
    <thumbnail>https://image.tmdb.org/t/p/w1280//shaUxeta3vNXVEFPmijKPYV6J0S.jpg</thumbnail>
    <fanart>https://image.tmdb.org/t/p/w1280//bbhNIiA8DwdJZTraS6pEiATJc7a.jpg</fanart>
</item>
<item>
    <title>Darkness Rising</title>
    <meta>
        <imdb>tt4314716</imdb>
        <content>movie</content>
        <title>Darkness Rising</title>
        <year>2017</year>
    </meta>
    <link>
        <sublink>search</sublink>
        <sublink>searchsd</sublink>
    </link>
    <thumbnail>https://image.tmdb.org/t/p/w1280//jPUJ0kRIVDiY9E10r9AEcqKtqmC.jpg</thumbnail>
    <fanart>https://image.tmdb.org/t/p/w1280//at9iu2Is9oFO6wJLzRJFUICwOWb.jpg</fanart>
</item>
<item>
    <title>Deadly Delusion</title>
    <meta>
        <imdb>tt6970616</imdb>
        <content>movie</content>
        <title>Deadly Delusion</title>
        <year>2018</year>
    </meta>
    <link>
        <sublink>search</sublink>
        <sublink>searchsd</sublink>
    </link>
    <thumbnail>https://image.tmdb.org/t/p/w1280//ekKUHQCQqCoNipFRnGuOlOB3D8N.jpg</thumbnail>
    <fanart/>
</item>
<item>
    <title>Death House</title>
    <meta>
        <imdb>tt2984576</imdb>
        <content>movie</content>
        <title>Death House</title>
        <year/>
    </meta>
    <link>
        <sublink>search</sublink>
        <sublink>searchsd</sublink>
    </link>
    <thumbnail>https://image.tmdb.org/t/p/w1280//6Zbjmoqc9EtvE0MnGWaXilUchkT.jpg</thumbnail>
    <fanart>https://image.tmdb.org/t/p/w1280//sRpwz0Lplh3IYMxXae9Ke8VOFGn.jpg</fanart>
</item>
<item>
    <title>Death Island: Paranormal Retribution</title>
    <meta>
        <imdb>tt7805064</imdb>
        <content>movie</content>
        <title>Death Island: Paranormal Retribution</title>
        <year>2017</year>
    </meta>
    <link>
        <sublink>search</sublink>
        <sublink>searchsd</sublink>
    </link>
    <thumbnail>https://image.tmdb.org/t/p/w1280//c3CIOhw9Ttib6axsbx1rbE2Y4Kq.jpg</thumbnail>
    <fanart/>
</item>
<item>
    <title>Death Pool</title>
    <meta>
        <imdb>tt4894198</imdb>
        <content>movie</content>
        <title>Death Pool</title>
        <year>2017</year>
    </meta>
    <link>
        <sublink>search</sublink>
        <sublink>searchsd</sublink>
    </link>
    <thumbnail>https://image.tmdb.org/t/p/w1280//oGdt7U37L2pIE2PFSje04EvtoqB.jpg</thumbnail>
    <fanart/>
</item>
<item>
    <title>Dementia 13</title>
    <meta>
        <imdb>tt5806506</imdb>
        <content>movie</content>
        <title>Dementia 13</title>
        <year>2017</year>
    </meta>
    <link>
        <sublink>search</sublink>
        <sublink>searchsd</sublink>
    </link>
    <thumbnail>https://image.tmdb.org/t/p/w1280//gXNmDe4EuhpEPP9gZtMrBObrI7m.jpg</thumbnail>
    <fanart>https://image.tmdb.org/t/p/w1280//9cX2DuyAUeDsHPUhKS3mLoB6HDx.jpg</fanart>
</item>
<item>
    <title>Devil's Acid</title>
    <meta>
        <imdb>tt6853910</imdb>
        <content>movie</content>
        <title>Devil's Acid</title>
        <year>2017</year>
    </meta>
    <link>
        <sublink>search</sublink>
        <sublink>searchsd</sublink>
    </link>
    <thumbnail>https://image.tmdb.org/t/p/w1280//338KmlLQyOTApzdX2DfpJKYxVVq.jpg</thumbnail>
    <fanart/>
</item>
<item>
    <title>The Doll</title>
    <meta>
        <imdb>tt5176832</imdb>
        <content>movie</content>
        <title>The Doll</title>
        <year>2017</year>
    </meta>
    <link>
        <sublink>search</sublink>
        <sublink>searchsd</sublink>
    </link>
    <thumbnail>https://image.tmdb.org/t/p/w1280//sywXAYSBajNSjqffEd2a3G1R3qt.jpg</thumbnail>
    <fanart>https://image.tmdb.org/t/p/w1280//zwbhmcSfe0IiFirK3XBmEXcqCoc.jpg</fanart>
</item>
<item>
    <title>Don't Sleep</title>
    <meta>
        <imdb>tt4329806</imdb>
        <content>movie</content>
        <title>Don't Sleep</title>
        <year>2017</year>
    </meta>
    <link>
        <sublink>search</sublink>
        <sublink>searchsd</sublink>
    </link>
    <thumbnail>https://image.tmdb.org/t/p/w1280//3bDQd0sdMcGRxFcvqq1k8BwocE3.jpg</thumbnail>
    <fanart>https://image.tmdb.org/t/p/w1280//fBHfuMIp43iKo2mH1AbenNS9jIT.jpg</fanart>
</item>
<item>
    <title>Dream House Nightmare</title>
    <meta>
        <imdb>tt5972196</imdb>
        <content>movie</content>
        <title>Dream House Nightmare</title>
        <year>2017</year>
    </meta>
    <link>
        <sublink>search</sublink>
        <sublink>searchsd</sublink>
    </link>
    <thumbnail>https://image.tmdb.org/t/p/w1280//z2pzONzHSnTbbdKEEPUWaz2W0gv.jpg</thumbnail>
    <fanart>https://image.tmdb.org/t/p/w1280//6Wq2Dc5D2MmPHQrXRnRtKntnoR2.jpg</fanart>
</item>
<item>
    <title>Escape from Cannibal Farm</title>
    <meta>
        <imdb>tt5822712</imdb>
        <content>movie</content>
        <title>Escape from Cannibal Farm</title>
        <year>2017</year>
    </meta>
    <link>
        <sublink>search</sublink>
        <sublink>searchsd</sublink>
    </link>
    <thumbnail>https://image.tmdb.org/t/p/w1280//v1frfVRsnujUs0k3zM2RILllGfj.jpg</thumbnail>
    <fanart>https://image.tmdb.org/t/p/w1280//wDEQtafCuoJJkOs6bya7tAeApb6.jpg</fanart>
</item>
<item>
    <title>The Evil Within</title>
    <meta>
        <imdb>tt0339736</imdb>
        <content>movie</content>
        <title>The Evil Within</title>
        <year>2017</year>
    </meta>
    <link>
        <sublink>search</sublink>
        <sublink>searchsd</sublink>
    </link>
    <thumbnail>https://image.tmdb.org/t/p/w1280//3fpCyTEQqXZHTqGeOFiB2z4jrbj.jpg</thumbnail>
    <fanart>https://image.tmdb.org/t/p/w1280//lobIr3Fq2buOUxXtursuEJEjfri.jpg</fanart>
</item>
<item>
    <title>Fall of Grace</title>
    <meta>
        <imdb>tt5839116</imdb>
        <content>movie</content>
        <title>Fall of Grace</title>
        <year>2017</year>
    </meta>
    <link>
        <sublink>search</sublink>
        <sublink>searchsd</sublink>
    </link>
    <thumbnail>https://image.tmdb.org/t/p/w1280//bJ6pMkEppIhea1SwgZcacYYJsoM.jpg</thumbnail>
    <fanart/>
</item>
<item>
    <title>Fatal Defense</title>
    <meta>
        <imdb>tt6603860</imdb>
        <content>movie</content>
        <title>Fatal Defense</title>
        <year>2017</year>
    </meta>
    <link>
        <sublink>search</sublink>
        <sublink>searchsd</sublink>
    </link>
    <thumbnail>https://image.tmdb.org/t/p/w1280//dzuJKGqzlYCL0maLxI1oGMBrPmx.jpg</thumbnail>
    <fanart/>
</item>
<item>
    <title>Fatherly Obsession</title>
    <meta>
        <imdb>None</imdb>
        <content>movie</content>
        <title>Fatherly Obsession</title>
        <year>2017</year>
    </meta>
    <link>
        <sublink>search</sublink>
        <sublink>searchsd</sublink>
    </link>
    <thumbnail>https://image.tmdb.org/t/p/w1280//1Enh3gdQWjkBjXPtSUhDTTx4hYu.jpg</thumbnail>
    <fanart/>
</item>
<item>
    <title>Flatliners</title>
    <meta>
        <imdb>tt2039338</imdb>
        <content>movie</content>
        <title>Flatliners</title>
        <year>2017</year>
    </meta>
    <link>
        <sublink>search</sublink>
        <sublink>searchsd</sublink>
    </link>
    <thumbnail>https://image.tmdb.org/t/p/w1280//e9NHATN0TJW6ZZPLLWFsKdilVl1.jpg</thumbnail>
    <fanart>https://image.tmdb.org/t/p/w1280//qkeaPkxVGrk1J99tZt1nxPvhP06.jpg</fanart>
</item>
<item>
    <title>Freehold</title>
    <meta>
        <imdb>tt5532370</imdb>
        <content>movie</content>
        <title>Freehold</title>
        <year>2017</year>
    </meta>
    <link>
        <sublink>search</sublink>
        <sublink>searchsd</sublink>
    </link>
    <thumbnail>https://image.tmdb.org/t/p/w1280//szLshvttU2wfkxotpjoTwhtCA55.jpg</thumbnail>
    <fanart/>
</item>
<item>
    <title>Gerald's Game</title>
    <meta>
        <imdb>tt3748172</imdb>
        <content>movie</content>
        <title>Gerald's Game</title>
        <year>2017</year>
    </meta>
    <link>
        <sublink>search</sublink>
        <sublink>searchsd</sublink>
    </link>
    <thumbnail>https://image.tmdb.org/t/p/w1280//32dippiypDdaKv7XFEfUlQ7kPup.jpg</thumbnail>
    <fanart>https://image.tmdb.org/t/p/w1280//3ZpeS5deKVmTbuLt531qc9b5u3k.jpg</fanart>
</item>
<item>
    <title>Get Out</title>
    <meta>
        <imdb>tt5052448</imdb>
        <content>movie</content>
        <title>Get Out</title>
        <year>2017</year>
    </meta>
    <link>
        <sublink>search</sublink>
        <sublink>searchsd</sublink>
    </link>
    <thumbnail>https://image.tmdb.org/t/p/w1280//1SwAVYpuLj8KsHxllTF8Dt9dSSX.jpg</thumbnail>
    <fanart>https://image.tmdb.org/t/p/w1280//bBQHALHRAaaORlPNXv7fNcRXYdx.jpg</fanart>
</item>
<item>
    <title>Ghost House</title>
    <meta>
        <imdb>tt4365566</imdb>
        <content>movie</content>
        <title>Ghost House</title>
        <year>2017</year>
    </meta>
    <link>
        <sublink>search</sublink>
        <sublink>searchsd</sublink>
    </link>
    <thumbnail>https://image.tmdb.org/t/p/w1280//7EPOZv9bQjNVjFvk8lPGkcTubgO.jpg</thumbnail>
    <fanart>https://image.tmdb.org/t/p/w1280//e3lbmfTsoWId3iwz0nHKN9KZEGo.jpg</fanart>
</item>
<item>
    <title>The Gracefield Incident</title>
    <meta>
        <imdb>tt4464394</imdb>
        <content>movie</content>
        <title>The Gracefield Incident</title>
        <year>2017</year>
    </meta>
    <link>
        <sublink>search</sublink>
        <sublink>searchsd</sublink>
    </link>
    <thumbnail>https://image.tmdb.org/t/p/w1280//lWZsV3dJfpWlEQG1Yn7GUSmrxdh.jpg</thumbnail>
    <fanart>https://image.tmdb.org/t/p/w1280//4Ol5RwjIO96w4qC4WlK9iH7G3bf.jpg</fanart>
</item>
<item>
    <title>Happy Death Day</title>
    <meta>
        <imdb>tt5308322</imdb>
        <content>movie</content>
        <title>Happy Death Day</title>
        <year>2017</year>
    </meta>
    <link>
        <sublink>search</sublink>
        <sublink>searchsd</sublink>
    </link>
    <thumbnail>https://image.tmdb.org/t/p/w1280//cTaEIUYTt52ooq9quVbAQ7NpGwo.jpg</thumbnail>
    <fanart>https://image.tmdb.org/t/p/w1280//eGx5OfOdvM0gkHdmkLe3hcJuEIT.jpg</fanart>
</item>
<item>
    <title>The Hatred</title>
    <meta>
        <imdb>tt6089700</imdb>
        <content>movie</content>
        <title>The Hatred</title>
        <year>2017</year>
    </meta>
    <link>
        <sublink>search</sublink>
        <sublink>searchsd</sublink>
    </link>
    <thumbnail>https://image.tmdb.org/t/p/w1280//chqI9exd7pB4vDCp1NZwQasYNal.jpg</thumbnail>
    <fanart>https://image.tmdb.org/t/p/w1280//gnV0YXMFv0bpCk6VAI44L93Rbk0.jpg</fanart>
</item>
<item>
    <title>Haunted</title>
    <meta>
        <imdb>tt3530328</imdb>
        <content>movie</content>
        <title>Haunted</title>
        <year>2017</year>
    </meta>
    <link>
        <sublink>search</sublink>
        <sublink>searchsd</sublink>
    </link>
    <thumbnail>https://image.tmdb.org/t/p/w1280//jbfH3TWK1VwxJukTCwDen6zMEZA.jpg</thumbnail>
    <fanart>https://image.tmdb.org/t/p/w1280//6D5ObAlWdtcw7i8FVmHEYS6J3Vo.jpg</fanart>
</item>
<item>
    <title>Haunted Forest</title>
    <meta>
        <imdb>tt7248324</imdb>
        <content>movie</content>
        <title>Haunted Forest</title>
        <year>2017</year>
    </meta>
    <link>
        <sublink>search</sublink>
        <sublink>searchsd</sublink>
    </link>
    <thumbnail>https://image.tmdb.org/t/p/w1280//6Xgh7WjJjZ63pBOc4yXAJqITJGE.jpg</thumbnail>
    <fanart>https://image.tmdb.org/t/p/w1280//6Mml3BlChSByp9X2U3Ib88WbyZr.jpg</fanart>
</item>
<item>
    <title>He's Out There</title>
    <meta>
        <imdb>tt4052050</imdb>
        <content>movie</content>
        <title>He's Out There</title>
        <year/>
    </meta>
    <link>
        <sublink>search</sublink>
        <sublink>searchsd</sublink>
    </link>
    <thumbnail>https://image.tmdb.org/t/p/w1280//2JuNMOeoZUJMg5xxO5eFKJySC4M.jpg</thumbnail>
    <fanart/>
</item>
<item>
    <title>The Holly Kane Experiment</title>
    <meta>
        <imdb>tt4862506</imdb>
        <content>movie</content>
        <title>The Holly Kane Experiment</title>
        <year>2017</year>
    </meta>
    <link>
        <sublink>search</sublink>
        <sublink>searchsd</sublink>
    </link>
    <thumbnail>https://image.tmdb.org/t/p/w1280//nuJns2vtO5QLucBWj0DjhmWZvP8.jpg</thumbnail>
    <fanart>https://image.tmdb.org/t/p/w1280//975iIaVKrkJtQrB0dUZ10T4gK7u.jpg</fanart>
</item>
<item>
    <title>The Honor Farm</title>
    <meta>
        <imdb>tt4022758</imdb>
        <content>movie</content>
        <title>The Honor Farm</title>
        <year>2017</year>
    </meta>
    <link>
        <sublink>search</sublink>
        <sublink>searchsd</sublink>
    </link>
    <thumbnail>https://image.tmdb.org/t/p/w1280//lw8GrBu1t0EUKmPdVgwCwTLexip.jpg</thumbnail>
    <fanart>https://image.tmdb.org/t/p/w1280//9Hjx4END359ymyNQgg2UqPov4Zi.jpg</fanart>
</item>
<item>
    <title>The Houses October Built 2</title>
    <meta>
        <imdb>tt7068818</imdb>
        <content>movie</content>
        <title>The Houses October Built 2</title>
        <year>2017</year>
    </meta>
    <link>
        <sublink>search</sublink>
        <sublink>searchsd</sublink>
    </link>
    <thumbnail>https://image.tmdb.org/t/p/w1280//9ePD42CjuXgwsFNDl3EC8KRi0XC.jpg</thumbnail>
    <fanart/>
</item>
<item>
    <title>Inside</title>
    <meta>
        <imdb>tt5170810</imdb>
        <content>movie</content>
        <title>Inside</title>
        <year>2017</year>
    </meta>
    <link>
        <sublink>search</sublink>
        <sublink>searchsd</sublink>
    </link>
    <thumbnail>https://image.tmdb.org/t/p/w1280//hh6dCr2gQFh6qnBIzXXgQLKQ1Tn.jpg</thumbnail>
    <fanart>https://image.tmdb.org/t/p/w1280//rHAh0bb8FVTcpP5wknik6LXHEez.jpg</fanart>
</item>
<item>
    <title>It</title>
    <meta>
        <imdb>tt1396484</imdb>
        <content>movie</content>
        <title>It</title>
        <year>2017</year>
    </meta>
    <link>
        <sublink>search</sublink>
        <sublink>searchsd</sublink>
    </link>
    <thumbnail>https://image.tmdb.org/t/p/w1280//9E2y5Q7WlCVNEhP5GiVTjhEhx1o.jpg</thumbnail>
    <fanart>https://image.tmdb.org/t/p/w1280//tcheoA2nPATCm2vvXw2hVQoaEFD.jpg</fanart>
</item>
<item>
    <title>It Comes at Night</title>
    <meta>
        <imdb>tt4695012</imdb>
        <content>movie</content>
        <title>It Comes at Night</title>
        <year>2017</year>
    </meta>
    <link>
        <sublink>search</sublink>
        <sublink>searchsd</sublink>
    </link>
    <thumbnail>https://image.tmdb.org/t/p/w1280//h9VOirT4dKXzVyVzZZxPfAghmRV.jpg</thumbnail>
    <fanart>https://image.tmdb.org/t/p/w1280//jaQe5U0CTjk0h3stMrkZG9qnSVh.jpg</fanart>
</item>
<item>
    <title>Jackals</title>
    <meta>
        <imdb>tt6104206</imdb>
        <content>movie</content>
        <title>Jackals</title>
        <year>2017</year>
    </meta>
    <link>
        <sublink>search</sublink>
        <sublink>searchsd</sublink>
    </link>
    <thumbnail>https://image.tmdb.org/t/p/w1280//roWDNPm5UAKo3LLi3BUXwmfDsHc.jpg</thumbnail>
    <fanart>https://image.tmdb.org/t/p/w1280//9wfeTn6qECTS9URGBzj7cIxlRm1.jpg</fanart>
</item>
<item>
    <title>Jeepers Creepers 3</title>
    <meta>
        <imdb>tt1139592</imdb>
        <content>movie</content>
        <title>Jeepers Creepers 3</title>
        <year>2017</year>
    </meta>
    <link>
        <sublink>search</sublink>
        <sublink>searchsd</sublink>
    </link>
    <thumbnail>https://image.tmdb.org/t/p/w1280//j49G5F7dZVeGzAB8Fnc2GdzO1T.jpg</thumbnail>
    <fanart>https://image.tmdb.org/t/p/w1280//rcGGFYIJ9nl8sEDAp3YEHAe48M7.jpg</fanart>
</item>
<item>
    <title>Jigsaw</title>
    <meta>
        <imdb>tt3348730</imdb>
        <content>movie</content>
        <title>Jigsaw</title>
        <year>2017</year>
    </meta>
    <link>
        <sublink>search</sublink>
        <sublink>searchsd</sublink>
    </link>
    <thumbnail>https://image.tmdb.org/t/p/w1280//gvBVIlcMaeWKhGjgGjlShiL4w4r.jpg</thumbnail>
    <fanart>https://image.tmdb.org/t/p/w1280//7Yup0zaw4AhNyw1JvyAE1EytWsq.jpg</fanart>
</item>
<item>
    <title>Keep Watching</title>
    <meta>
        <imdb>tt2531334</imdb>
        <content>movie</content>
        <title>Keep Watching</title>
        <year>2017</year>
    </meta>
    <link>
        <sublink>search</sublink>
        <sublink>searchsd</sublink>
    </link>
    <thumbnail>https://image.tmdb.org/t/p/w1280//65UjzcdXlLcDzZQEidMN58BsFzg.jpg</thumbnail>
    <fanart>https://image.tmdb.org/t/p/w1280//h32SpZLQzbohjPOermBtIbXdqEd.jpg</fanart>
</item>
<item>
    <title>Killer Christmas</title>
    <meta>
        <imdb>tt6456768</imdb>
        <content>movie</content>
        <title>Killer Christmas</title>
        <year>2017</year>
    </meta>
    <link>
        <sublink>search</sublink>
        <sublink>searchsd</sublink>
    </link>
    <thumbnail>https://image.tmdb.org/t/p/w1280//exXMjCBfbEpeLXfdOZ6GQ4ij5Sz.jpg</thumbnail>
    <fanart/>
</item>
<item>
    <title>Killer Mom</title>
    <meta>
        <imdb>tt6097422</imdb>
        <content>movie</content>
        <title>Killer Mom</title>
        <year>2017</year>
    </meta>
    <link>
        <sublink>search</sublink>
        <sublink>searchsd</sublink>
    </link>
    <thumbnail>https://image.tmdb.org/t/p/w1280//qUXR0NNsNvVnr11vddUO74eeLzz.jpg</thumbnail>
    <fanart/>
</item>
<item>
    <title>The Killing of a Sacred Deer</title>
    <meta>
        <imdb>tt5715874</imdb>
        <content>movie</content>
        <title>The Killing of a Sacred Deer</title>
        <year>2017</year>
    </meta>
    <link>
        <sublink>search</sublink>
        <sublink>searchsd</sublink>
    </link>
    <thumbnail>https://image.tmdb.org/t/p/w1280//e4DGlsc9g0h5AyoyvvAuIRnofN7.jpg</thumbnail>
    <fanart>https://image.tmdb.org/t/p/w1280//854uDv6rzbwF82jOtFe931SMrRs.jpg</fanart>
</item>
<item>
    <title>Kuso</title>
    <meta>
        <imdb>tt6131712</imdb>
        <content>movie</content>
        <title>Kuso</title>
        <year>2017</year>
    </meta>
    <link>
        <sublink>search</sublink>
        <sublink>searchsd</sublink>
    </link>
    <thumbnail>https://image.tmdb.org/t/p/w1280//2Pl3Vptkzaum6FZ5K6iDqybuhp4.jpg</thumbnail>
    <fanart>https://image.tmdb.org/t/p/w1280//A3GVxhTNqJvrtkwJMtDUxiUME4r.jpg</fanart>
</item>
<item>
    <title>Lady Bug</title>
    <meta>
        <imdb>tt2766804</imdb>
        <content>movie</content>
        <title>Lady Bug</title>
        <year>2017</year>
    </meta>
    <link>
        <sublink>search</sublink>
        <sublink>searchsd</sublink>
    </link>
    <thumbnail>https://image.tmdb.org/t/p/w1280//cT54SPHOePSpqpg0kQvdqyxKo3i.jpg</thumbnail>
    <fanart/>
</item>
<item>
    <title>Leatherface</title>
    <meta>
        <imdb>tt2620590</imdb>
        <content>movie</content>
        <title>Leatherface</title>
        <year>2017</year>
    </meta>
    <link>
        <sublink>search</sublink>
        <sublink>searchsd</sublink>
    </link>
    <thumbnail>https://image.tmdb.org/t/p/w1280//nV7LPlyhUxKn5y0nuItCr8D1OSu.jpg</thumbnail>
    <fanart>https://image.tmdb.org/t/p/w1280//ziSXgkBQbB2NUnXgaDqKUWsiPlv.jpg</fanart>
</item>
<item>
    <title>Life</title>
    <meta>
        <imdb>tt5442430</imdb>
        <content>movie</content>
        <title>Life</title>
        <year>2017</year>
    </meta>
    <link>
        <sublink>search</sublink>
        <sublink>searchsd</sublink>
    </link>
    <thumbnail>https://image.tmdb.org/t/p/w1280//h2mhfbEBGABSHo2vXG1ECMKAJa7.jpg</thumbnail>
    <fanart>https://image.tmdb.org/t/p/w1280//hES8wGmkxHa54z7hqUMpw5TIs09.jpg</fanart>
</item>
<item>
    <title>Little Evil</title>
    <meta>
        <imdb>tt2937366</imdb>
        <content>movie</content>
        <title>Little Evil</title>
        <year>2017</year>
    </meta>
    <link>
        <sublink>search</sublink>
        <sublink>searchsd</sublink>
    </link>
    <thumbnail>https://image.tmdb.org/t/p/w1280//r3Trvfd5td7JUrIUr5xsDqwNWXJ.jpg</thumbnail>
    <fanart>https://image.tmdb.org/t/p/w1280//8ufJoW3aI2VSFRNr7y1F4ntw21B.jpg</fanart>
</item>
<item>
    <title>Lycan</title>
    <meta>
        <imdb>tt4031126</imdb>
        <content>movie</content>
        <title>Lycan</title>
        <year>2017</year>
    </meta>
    <link>
        <sublink>search</sublink>
        <sublink>searchsd</sublink>
    </link>
    <thumbnail>https://image.tmdb.org/t/p/w1280//bY9hv9FwVyCxsW4cufD8n22mmN6.jpg</thumbnail>
    <fanart>https://image.tmdb.org/t/p/w1280//zWafJY58fq3i9mpCHkjNLO0elxf.jpg</fanart>
</item>
<item>
    <title>Mayhem</title>
    <meta>
        <imdb>tt4348012</imdb>
        <content>movie</content>
        <title>Mayhem</title>
        <year>2017</year>
    </meta>
    <link>
        <sublink>search</sublink>
        <sublink>searchsd</sublink>
    </link>
    <thumbnail>https://image.tmdb.org/t/p/w1280//fF5ULrCAQ8TULXyFGlPlQ2s3Jie.jpg</thumbnail>
    <fanart>https://image.tmdb.org/t/p/w1280//hEoThfZZpQAyU9HlpEaSO4Ofnbz.jpg</fanart>
</item>
<item>
    <title>The Midnight Man</title>
    <meta>
        <imdb>tt5361064</imdb>
        <content>movie</content>
        <title>The Midnight Man</title>
        <year>2017</year>
    </meta>
    <link>
        <sublink>search</sublink>
        <sublink>searchsd</sublink>
    </link>
    <thumbnail>https://image.tmdb.org/t/p/w1280//iI4hD5VoKevaSeNz73e69oZHe0b.jpg</thumbnail>
    <fanart/>
</item>
<item>
    <title>Mom and Dad</title>
    <meta>
        <imdb>tt5462326</imdb>
        <content>movie</content>
        <title>Mom and Dad</title>
        <year>2018</year>
    </meta>
    <link>
        <sublink>search</sublink>
        <sublink>searchsd</sublink>
    </link>
    <thumbnail>https://image.tmdb.org/t/p/w1280//fSaeahvo1GU7v4W6CX2y0j7fxMG.jpg</thumbnail>
    <fanart>https://image.tmdb.org/t/p/w1280//3Fji9IjNQcXm7Dh0u4igJXTgeHZ.jpg</fanart>
</item>
<item>
    <title>Mother Krampus</title>
    <meta>
        <imdb>tt6126492</imdb>
        <content>movie</content>
        <title>Mother Krampus</title>
        <year>2017</year>
    </meta>
    <link>
        <sublink>search</sublink>
        <sublink>searchsd</sublink>
    </link>
    <thumbnail>https://image.tmdb.org/t/p/w1280//sFxUuhkiMdpTYZrURrW0OxVrlJS.jpg</thumbnail>
    <fanart>https://image.tmdb.org/t/p/w1280//rIRS9h6H4yOfhlLuXAYRBEwDp9M.jpg</fanart>
</item>
<item>
    <title>The Mummy</title>
    <meta>
        <imdb>tt2345759</imdb>
        <content>movie</content>
        <title>The Mummy</title>
        <year>2017</year>
    </meta>
    <link>
        <sublink>search</sublink>
        <sublink>searchsd</sublink>
    </link>
    <thumbnail>https://image.tmdb.org/t/p/w1280//zxkY8byBnCsXodEYpK8tmwEGXBI.jpg</thumbnail>
    <fanart>https://image.tmdb.org/t/p/w1280//5TC6gKrmtnoGE3c3lHeNPevkn4Z.jpg</fanart>
</item>
<item>
    <title>My Friend Dahmer</title>
    <meta>
        <imdb>tt2291540</imdb>
        <content>movie</content>
        <title>My Friend Dahmer</title>
        <year>2017</year>
    </meta>
    <link>
        <sublink>search</sublink>
        <sublink>searchsd</sublink>
    </link>
    <thumbnail>https://image.tmdb.org/t/p/w1280//c6HoPIBcRv9l2tPB8hbivq71Nw.jpg</thumbnail>
    <fanart>https://image.tmdb.org/t/p/w1280//hxSuiXSsBWuAjR2rRMw4oOJw6jF.jpg</fanart>
</item>
<item>
    <title>The Neighborhood</title>
    <meta>
        <imdb>tt6755892</imdb>
        <content>movie</content>
        <title>The Neighborhood</title>
        <year>2017</year>
    </meta>
    <link>
        <sublink>search</sublink>
        <sublink>searchsd</sublink>
    </link>
    <thumbnail>https://image.tmdb.org/t/p/w1280//bTS9OwYuHtfqNdsV67m791QSVUH.jpg</thumbnail>
    <fanart/>
</item>
<item>
    <title>Patient Zero</title>
    <meta>
        <imdb>tt3458254</imdb>
        <content>movie</content>
        <title>Patient Zero</title>
        <year/>
    </meta>
    <link>
        <sublink>search</sublink>
        <sublink>searchsd</sublink>
    </link>
    <thumbnail>https://image.tmdb.org/t/p/w1280//4mw8NVeWXpLVk22ojS7clq35FWJ.jpg</thumbnail>
    <fanart/>
</item>
<item>
    <title>Phoenix Forgotten</title>
    <meta>
        <imdb>tt6574272</imdb>
        <content>movie</content>
        <title>Phoenix Forgotten</title>
        <year>2017</year>
    </meta>
    <link>
        <sublink>search</sublink>
        <sublink>searchsd</sublink>
    </link>
    <thumbnail>https://image.tmdb.org/t/p/w1280//8GJ9a0FgkCKIqKvGtkppTTALGG3.jpg</thumbnail>
    <fanart>https://image.tmdb.org/t/p/w1280//3RXc6plqoqXUFTsgMe41HBml9Pp.jpg</fanart>
</item>
<item>
    <title>Pwera Usog</title>
    <meta>
        <imdb>tt6582784</imdb>
        <content>movie</content>
        <title>Pwera Usog</title>
        <year>2017</year>
    </meta>
    <link>
        <sublink>search</sublink>
        <sublink>searchsd</sublink>
    </link>
    <thumbnail>https://image.tmdb.org/t/p/w1280//rBpCUi6cbRpM6ytMawcevyb6Tkk.jpg</thumbnail>
    <fanart>https://image.tmdb.org/t/p/w1280//nZHP9HzGOUoB5ZUgHVz615wnCx5.jpg</fanart>
</item>
<item>
    <title>Replace</title>
    <meta>
        <imdb>tt5563862</imdb>
        <content>movie</content>
        <title>Replace</title>
        <year>2017</year>
    </meta>
    <link>
        <sublink>search</sublink>
        <sublink>searchsd</sublink>
    </link>
    <thumbnail>https://image.tmdb.org/t/p/w1280//xOMeBc3IVLqIyVnDDLj9vhAoWiJ.jpg</thumbnail>
    <fanart>https://image.tmdb.org/t/p/w1280//lBaCm1qqMlshOIVuLmr1svF3Wdy.jpg</fanart>
</item>
<item>
    <title>Residue</title>
    <meta>
        <imdb>tt5009286</imdb>
        <content>movie</content>
        <title>Residue</title>
        <year>2017</year>
    </meta>
    <link>
        <sublink>search</sublink>
        <sublink>searchsd</sublink>
    </link>
    <thumbnail>https://image.tmdb.org/t/p/w1280//wIqS9wHCWd76T7q7CxsWtKwcYa9.jpg</thumbnail>
    <fanart/>
</item>
<item>
    <title>Rings</title>
    <meta>
        <imdb>tt0498381</imdb>
        <content>movie</content>
        <title>Rings</title>
        <year>2017</year>
    </meta>
    <link>
        <sublink>search</sublink>
        <sublink>searchsd</sublink>
    </link>
    <thumbnail>https://image.tmdb.org/t/p/w1280//bbxtz5V0vvnTDA2qWbiiRC77Ok9.jpg</thumbnail>
    <fanart>https://image.tmdb.org/t/p/w1280//a4r8xcRwTgKIUKdWtxFXyxTZLeN.jpg</fanart>
</item>
<item>
    <title>The Ritual</title>
    <meta>
        <imdb>tt5638642</imdb>
        <content>movie</content>
        <title>The Ritual</title>
        <year>2017</year>
    </meta>
    <link>
        <sublink>search</sublink>
        <sublink>searchsd</sublink>
    </link>
    <thumbnail>https://image.tmdb.org/t/p/w1280//hHuJqzby593lmYmw1SzT0XYy99t.jpg</thumbnail>
    <fanart>https://image.tmdb.org/t/p/w1280//jPPuIwZ4r6eWH5y1CzvuTdla50x.jpg</fanart>
</item>
<item>
    <title>Rift</title>
    <meta>
        <imdb>tt6039372</imdb>
        <content>movie</content>
        <title>Rift</title>
        <year>2017</year>
    </meta>
    <link>
        <sublink>search</sublink>
        <sublink>searchsd</sublink>
    </link>
    <thumbnail>https://image.tmdb.org/t/p/w1280//2S4ljSck47cWBIwf5xsq2yj7Uiz.jpg</thumbnail>
    <fanart>https://image.tmdb.org/t/p/w1280//li10WQIcWjolkzCKq4p6X1vyntK.jpg</fanart>
</item>
<item>
    <title>The Shape of Water</title>
    <meta>
        <imdb>tt5580390</imdb>
        <content>movie</content>
        <title>The Shape of Water</title>
        <year>2017</year>
    </meta>
    <link>
        <sublink>search</sublink>
        <sublink>searchsd</sublink>
    </link>
    <thumbnail>https://image.tmdb.org/t/p/w1280//k4FwHlMhuRR5BISY2Gm2QZHlH5Q.jpg</thumbnail>
    <fanart>https://image.tmdb.org/t/p/w1280//rgyhSn3mINvkuy9iswZK0VLqQO3.jpg</fanart>
</item>
<item>
    <title>Sightings</title>
    <meta>
        <imdb>tt4765870</imdb>
        <content>movie</content>
        <title>Sightings</title>
        <year>2017</year>
    </meta>
    <link>
        <sublink>search</sublink>
        <sublink>searchsd</sublink>
    </link>
    <thumbnail>https://image.tmdb.org/t/p/w1280//s7buFw79ZdyVr5XWSEZYKuG3CO.jpg</thumbnail>
    <fanart>https://image.tmdb.org/t/p/w1280//nKMiLPJ1HjKffOLLBF9glbpv69H.jpg</fanart>
</item>
<item>
    <title>Slasher.com</title>
    <meta>
        <imdb>tt3831636</imdb>
        <content>movie</content>
        <title>Slasher.com</title>
        <year>2017</year>
    </meta>
    <link>
        <sublink>search</sublink>
        <sublink>searchsd</sublink>
    </link>
    <thumbnail>https://image.tmdb.org/t/p/w1280//sEUVbq3KoMgB8Jf37PNrUNSiW1H.jpg</thumbnail>
    <fanart>https://image.tmdb.org/t/p/w1280//pDWhCpuvJlJaMlT690a1rnuXND1.jpg</fanart>
</item>
<item>
    <title>Slumber</title>
    <meta>
        <imdb>tt5181852</imdb>
        <content>movie</content>
        <title>Slumber</title>
        <year>2017</year>
    </meta>
    <link>
        <sublink>search</sublink>
        <sublink>searchsd</sublink>
    </link>
    <thumbnail>https://image.tmdb.org/t/p/w1280//fYbShpy94q0kbr2wqlZ0KmpcQy7.jpg</thumbnail>
    <fanart>https://image.tmdb.org/t/p/w1280//xl595V473cWwJ8Rkn7ArVJt3CYQ.jpg</fanart>
</item>
<item>
    <title>Small Town Crime</title>
    <meta>
        <imdb>tt5751998</imdb>
        <content>movie</content>
        <title>Small Town Crime</title>
        <year>2018</year>
    </meta>
    <link>
        <sublink>search</sublink>
        <sublink>searchsd</sublink>
    </link>
    <thumbnail>https://image.tmdb.org/t/p/w1280//cRGF1jWdCGlS8KWNxwckHKHuFKs.jpg</thumbnail>
    <fanart>https://image.tmdb.org/t/p/w1280//hqwHXhVD3zkbRur62eMLVWr3Tvm.jpg</fanart>
</item>
<item>
    <title>The Snowman</title>
    <meta>
        <imdb>tt1758810</imdb>
        <content>movie</content>
        <title>The Snowman</title>
        <year>2017</year>
    </meta>
    <link>
        <sublink>search</sublink>
        <sublink>searchsd</sublink>
    </link>
    <thumbnail>https://image.tmdb.org/t/p/w1280//mKsQ8KMOk0VBX26Ev0Lj6EmfGJu.jpg</thumbnail>
    <fanart>https://image.tmdb.org/t/p/w1280//hz3NTzLnBzqWWptFt0wXRxcNwT.jpg</fanart>
</item>
<item>
    <title>Soldiers Of The Damned</title>
    <meta>
        <imdb>tt2396671</imdb>
        <content>movie</content>
        <title>Soldiers Of The Damned</title>
        <year>2017</year>
    </meta>
    <link>
        <sublink>search</sublink>
        <sublink>searchsd</sublink>
    </link>
    <thumbnail>https://image.tmdb.org/t/p/w1280//itdfycoMpjGWiGdjLUKMdAe9oQ5.jpg</thumbnail>
    <fanart>https://image.tmdb.org/t/p/w1280//4KTHZhKB5JPKRv1QuBc6Tt2R1aG.jpg</fanart>
</item>
<item>
    <title>The Spearhead Effect</title>
    <meta>
        <imdb>tt4875962</imdb>
        <content>movie</content>
        <title>The Spearhead Effect</title>
        <year>2017</year>
    </meta>
    <link>
        <sublink>search</sublink>
        <sublink>searchsd</sublink>
    </link>
    <thumbnail>https://image.tmdb.org/t/p/w1280//x2jZpWfJ5KsniPesSNkFbh5BzIr.jpg</thumbnail>
    <fanart>https://image.tmdb.org/t/p/w1280//tU9s7NuKwCnJFU9Fr3IcZsFdyTp.jpg</fanart>
</item>
<item>
    <title>Toxic Shark</title>
    <meta>
        <imdb>tt6973866</imdb>
        <content>movie</content>
        <title>Toxic Shark</title>
        <year>2017</year>
    </meta>
    <link>
        <sublink>search</sublink>
        <sublink>searchsd</sublink>
    </link>
    <thumbnail>https://image.tmdb.org/t/p/w1280//jsTTE70A7gmTwJfU5TRCHbOoODB.jpg</thumbnail>
    <fanart>https://image.tmdb.org/t/p/w1280//6zLyp9J7YuAwYFu5MUBSUh9bDcV.jpg</fanart>
</item>
<item>
    <title>Trafficked</title>
    <meta>
        <imdb>tt1720621</imdb>
        <content>movie</content>
        <title>Trafficked</title>
        <year>2017</year>
    </meta>
    <link>
        <sublink>search</sublink>
        <sublink>searchsd</sublink>
    </link>
    <thumbnail>https://image.tmdb.org/t/p/w1280//pu7aInXeMnTyB0MqWpOQdaIFz53.jpg</thumbnail>
    <fanart>https://image.tmdb.org/t/p/w1280//vye5OeedDJloz6wx58TXdUCO7yO.jpg</fanart>
</item>
<item>
    <title>Tragedy Girls</title>
    <meta>
        <imdb>tt3859272</imdb>
        <content>movie</content>
        <title>Tragedy Girls</title>
        <year>2017</year>
    </meta>
    <link>
        <sublink>search</sublink>
        <sublink>searchsd</sublink>
    </link>
    <thumbnail>https://image.tmdb.org/t/p/w1280//ifngaBZDROgHz4sgSzL75TD90Ll.jpg</thumbnail>
    <fanart>https://image.tmdb.org/t/p/w1280//pHdCS3FerQhAklu2JDEgpIuv5fP.jpg</fanart>
</item>
<item>
    <title>Unhinged</title>
    <meta>
        <imdb>tt5940342</imdb>
        <content>movie</content>
        <title>Unhinged</title>
        <year>2017</year>
    </meta>
    <link>
        <sublink>search</sublink>
        <sublink>searchsd</sublink>
    </link>
    <thumbnail>https://image.tmdb.org/t/p/w1280//bgniCEPwReRKkvDwgvDr1lnuLFg.jpg</thumbnail>
    <fanart>https://image.tmdb.org/t/p/w1280//A1ZpRTfpqDlKf0WkG51t4b1GBqW.jpg</fanart>
</item>
<item>
    <title>Veronica</title>
    <meta>
        <imdb>tt5862312</imdb>
        <content>movie</content>
        <title>Veronica</title>
        <year>2017</year>
    </meta>
    <link>
        <sublink>search</sublink>
        <sublink>searchsd</sublink>
    </link>
    <thumbnail>https://image.tmdb.org/t/p/w1280//3j0YAhy7rkgK8PMzG9MdncxgDDf.jpg</thumbnail>
    <fanart>https://image.tmdb.org/t/p/w1280//sCBkhFkuqSzo4YXU2elqrg4brkL.jpg</fanart>
</item>
<item>
    <title>WTF!</title>
    <meta>
        <imdb>tt4678184</imdb>
        <content>movie</content>
        <title>WTF!</title>
        <year>2017</year>
    </meta>
    <link>
        <sublink>search</sublink>
        <sublink>searchsd</sublink>
    </link>
    <thumbnail>https://image.tmdb.org/t/p/w1280//aDloQdsFgA6WhlFeoJej8rNxthA.jpg</thumbnail>
    <fanart>https://image.tmdb.org/t/p/w1280//elG4Dfd4as4bgmw4ehKroosTplI.jpg</fanart>
</item>
<item>
    <title>Werewolves of the third reich</title>
    <meta>
        <imdb>tt6359082</imdb>
        <content>movie</content>
        <title>Werewolves of the third reich</title>
        <year>2018</year>
    </meta>
    <link>
        <sublink>search</sublink>
        <sublink>searchsd</sublink>
    </link>
    <thumbnail>https://image.tmdb.org/t/p/w1280//3lUGaNhv1NDqCFhB4e2mnohPA3s.jpg</thumbnail>
    <fanart/>
</item>
<item>
    <title>The Wicked One</title>
    <meta>
        <imdb>tt3722356</imdb>
        <content>movie</content>
        <title>The Wicked One</title>
        <year>2017</year>
    </meta>
    <link>
        <sublink>search</sublink>
        <sublink>searchsd</sublink>
    </link>
    <thumbnail>https://image.tmdb.org/t/p/w1280//tixLN45ab9F7tw7qrHxHa1rNt5u.jpg</thumbnail>
    <fanart/>
</item>
<item>
    <title>Wish Upon</title>
    <meta>
        <imdb>tt5322012</imdb>
        <content>movie</content>
        <title>Wish Upon</title>
        <year>2017</year>
    </meta>
    <link>
        <sublink>search</sublink>
        <sublink>searchsd</sublink>
    </link>
    <thumbnail>https://image.tmdb.org/t/p/w1280//u0vnocj57vJt5DHoBEqUOD1G4SU.jpg</thumbnail>
    <fanart>https://image.tmdb.org/t/p/w1280//l0dvARJQ6xZeVPhxSS5EYibYGBR.jpg</fanart>
</item>
<item>
    <title>XX</title>
    <meta>
        <imdb>tt3322892</imdb>
        <content>movie</content>
        <title>XX</title>
        <year>2017</year>
    </meta>
    <link>
        <sublink>search</sublink>
        <sublink>searchsd</sublink>
    </link>
    <thumbnail>https://image.tmdb.org/t/p/w1280//b7GFrKemsW7L6SpuGQ91ozegbn9.jpg</thumbnail>
    <fanart>https://image.tmdb.org/t/p/w1280//qbTelIYzMR5DzZqcoHEAnFtBqvL.jpg</fanart>
</item>
<item>
    <title>mother!</title>
    <meta>
        <imdb>tt5109784</imdb>
        <content>movie</content>
        <title>mother!</title>
        <year>2017</year>
    </meta>
    <link>
        <sublink>search</sublink>
        <sublink>searchsd</sublink>
    </link>
    <thumbnail>https://image.tmdb.org/t/p/w1280//2yOKarmL8B4oXaLXUdHu882SUbu.jpg</thumbnail>
    <fanart>https://image.tmdb.org/t/p/w1280//uuQpQ8VDOtVL2IO4y2pR58odkS5.jpg</fanart>
</item>
