<item>
    <title>American Satan</title>
    <meta>
        <imdb>tt5451690</imdb>
        <content>movie</content>
        <title>American Satan</title>
        <year>2017</year>
    </meta>
    <link>
        <sublink>search</sublink>
        <sublink>searchsd</sublink>
    </link>
    <thumbnail>https://image.tmdb.org/t/p/w1280//hM9dOYWPh5pcQ3ruFXDayXsqgHw.jpg</thumbnail>
    <fanart>https://image.tmdb.org/t/p/w1280//xN3iEY3nOL78fRz8pauJFDE5N81.jpg</fanart>
</item>
<item>
    <title>Asylum of Fear</title>
    <meta>
        <imdb>tt3289080</imdb>
        <content>movie</content>
        <title>Asylum of Fear</title>
        <year>2018</year>
    </meta>
    <link>
        <sublink>search</sublink>
        <sublink>searchsd</sublink>
    </link>
    <thumbnail>https://image.tmdb.org/t/p/w1280//lZDP4v6VymLIiOU9AoBkMLCt9bd.jpg</thumbnail>
    <fanart>https://image.tmdb.org/t/p/w1280//3lWilJkWXUI951sldBjnp95fmgf.jpg</fanart>
</item>
<item>
    <title>Bad Apples</title>
    <meta>
        <imdb>tt7091300</imdb>
        <content>movie</content>
        <title>Bad Apples</title>
        <year>2018</year>
    </meta>
    <link>
        <sublink>search</sublink>
        <sublink>searchsd</sublink>
    </link>
    <thumbnail>https://image.tmdb.org/t/p/w1280//sasH9EeTPBsJ9xW5PIG7i9Jy3Ou.jpg</thumbnail>
    <fanart>https://image.tmdb.org/t/p/w1280//bzjW2fhmSEsnlosDyPI2TWmEhFZ.jpg</fanart>
</item>
<item>
    <title>The Ballerina</title>
    <meta>
        <imdb>tt3517984</imdb>
        <content>movie</content>
        <title>The Ballerina</title>
        <year>2018</year>
    </meta>
    <link>
        <sublink>search</sublink>
        <sublink>searchsd</sublink>
    </link>
    <thumbnail>https://image.tmdb.org/t/p/w1280//rZA77vUMlWwgyUG80yGtgpxJ4C4.jpg</thumbnail>
    <fanart>https://image.tmdb.org/t/p/w1280//Am98IEySHzntGi5ecFfQ1Ozd1Mi.jpg</fanart>
</item>
<item>
    <title>The Cloverfield Paradox</title>
    <meta>
        <imdb>tt2548396</imdb>
        <content>movie</content>
        <title>The Cloverfield Paradox</title>
        <year>2018</year>
    </meta>
    <link>
        <sublink>search</sublink>
        <sublink>searchsd</sublink>
    </link>
    <thumbnail>https://image.tmdb.org/t/p/w1280//gfxPTyeG9HescyS3EAcMM0VxNg6.jpg</thumbnail>
    <fanart>https://image.tmdb.org/t/p/w1280//2cnUCcNmmj79hGmimvWlUo5P2K8.jpg</fanart>
</item>
<item>
    <title>Curse of the Witch's Doll</title>
    <meta>
        <imdb>tt6578228</imdb>
        <content>movie</content>
        <title>Curse of the Witch's Doll</title>
        <year>2018</year>
    </meta>
    <link>
        <sublink>search</sublink>
        <sublink>searchsd</sublink>
    </link>
    <thumbnail>https://image.tmdb.org/t/p/w1280//l0i4JKc6pscQO1F6ub0MRQ76WhI.jpg</thumbnail>
    <fanart>https://image.tmdb.org/t/p/w1280//6PJEG9uyYxFgmQpHcK2t3tk6B80.jpg</fanart>
</item>
<item>
    <title>Day of the Dead: Bloodline</title>
    <meta>
        <imdb>tt3053228</imdb>
        <content>movie</content>
        <title>Day of the Dead: Bloodline</title>
        <year>2018</year>
    </meta>
    <link>
        <sublink>search</sublink>
        <sublink>searchsd</sublink>
    </link>
    <thumbnail>https://image.tmdb.org/t/p/w1280//3jM4C1wJxHLWlF4tcSyyv6fnJPR.jpg</thumbnail>
    <fanart>https://image.tmdb.org/t/p/w1280//qZO1xZKer0R5odDgsxJCuNhmNwS.jpg</fanart>
</item>
<item>
    <title>Delirium</title>
    <meta>
        <imdb>tt2069797</imdb>
        <content>movie</content>
        <title>Delirium</title>
        <year>2018</year>
    </meta>
    <link>
        <sublink>search</sublink>
        <sublink>searchsd</sublink>
    </link>
    <thumbnail>https://image.tmdb.org/t/p/w1280//cW3WT37eISXx8yDkllArzRbdd45.jpg</thumbnail>
    <fanart>https://image.tmdb.org/t/p/w1280//t3rZSMTbjx51VtDk6Rfe1bFamdr.jpg</fanart>
</item>
<item>
    <title>Hellraiser: Judgment</title>
    <meta>
        <imdb>tt5476182</imdb>
        <content>movie</content>
        <title>Hellraiser: Judgment</title>
        <year>2018</year>
    </meta>
    <link>
        <sublink>search</sublink>
        <sublink>searchsd</sublink>
    </link>
    <thumbnail>https://image.tmdb.org/t/p/w1280//fQPanQM7Cn5agduiQWiIJK32Dvn.jpg</thumbnail>
    <fanart>https://image.tmdb.org/t/p/w1280//zTxSCwlGgPcabtJ5KVoHUd1mTOV.jpg</fanart>
</item>
<item>
    <title>Her Stolen Past</title>
    <meta>
        <imdb>tt7908312</imdb>
        <content>movie</content>
        <title>Her Stolen Past</title>
        <year>2018</year>
    </meta>
    <link>
        <sublink>search</sublink>
        <sublink>searchsd</sublink>
    </link>
    <thumbnail>https://image.tmdb.org/t/p/w1280//8WsJFb9V8MHhbCp2eBc3hZv6r8b.jpg</thumbnail>
    <fanart>https://image.tmdb.org/t/p/w1280//jHZKiWt1wywr4zPiPMfqZYBy0Xj.jpg</fanart>
</item>
<item>
    <title>Home Invaders</title>
    <meta>
        <imdb>tt7243462</imdb>
        <content>movie</content>
        <title>Home Invaders</title>
        <year>2018</year>
    </meta>
    <link>
        <sublink>search</sublink>
        <sublink>searchsd</sublink>
    </link>
    <thumbnail>https://image.tmdb.org/t/p/w1280//zjtR1bL3nSDtFy1Go1RS6gvQ5C.jpg</thumbnail>
    <fanart/>
</item>
<item>
    <title>Insidious: The Last Key</title>
    <meta>
        <imdb>tt5726086</imdb>
        <content>movie</content>
        <title>Insidious: The Last Key</title>
        <year>2018</year>
    </meta>
    <link>
        <sublink>search</sublink>
        <sublink>searchsd</sublink>
    </link>
    <thumbnail>https://image.tmdb.org/t/p/w1280//nb9fc9INMg8kQ8L7sE7XTNsZnUX.jpg</thumbnail>
    <fanart>https://image.tmdb.org/t/p/w1280//PwI3EfasE9fVuXsmMu9ffJh0Re.jpg</fanart>
</item>
<item>
    <title>Keep Watching</title>
    <meta>
        <imdb>tt2531334</imdb>
        <content>movie</content>
        <title>Keep Watching</title>
        <year>2017</year>
    </meta>
    <link>
        <sublink>search</sublink>
        <sublink>searchsd</sublink>
    </link>
    <thumbnail>https://image.tmdb.org/t/p/w1280//65UjzcdXlLcDzZQEidMN58BsFzg.jpg</thumbnail>
    <fanart>https://image.tmdb.org/t/p/w1280//h32SpZLQzbohjPOermBtIbXdqEd.jpg</fanart>
</item>
<item>
    <title>Living Among Us</title>
    <meta>
        <imdb>tt3334418</imdb>
        <content>movie</content>
        <title>Living Among Us</title>
        <year>2018</year>
    </meta>
    <link>
        <sublink>search</sublink>
        <sublink>searchsd</sublink>
    </link>
    <thumbnail>https://image.tmdb.org/t/p/w1280//gak0GUNN25csIUcysGbF6LMthx1.jpg</thumbnail>
    <fanart>https://image.tmdb.org/t/p/w1280//5PE9bIDJbZ7rQJHKYfxCgHnSLN8.jpg</fanart>
</item>
<item>
    <title>The Midnight Man</title>
    <meta>
        <imdb>tt5629964</imdb>
        <content>movie</content>
        <title>The Midnight Man</title>
        <year>2016</year>
    </meta>
    <link>
        <sublink>search</sublink>
        <sublink>searchsd</sublink>
    </link>
    <thumbnail>https://image.tmdb.org/t/p/w1280//VFq733NwXqk44Wrlmplx1CKL5I.jpg</thumbnail>
    <fanart>https://image.tmdb.org/t/p/w1280//2xONWRICUG2iXUK8n6EbAxkrrMp.jpg</fanart>
</item>
<item>
    <title>Mom and Dad</title>
    <meta>
        <imdb>tt5462326</imdb>
        <content>movie</content>
        <title>Mom and Dad</title>
        <year>2018</year>
    </meta>
    <link>
        <sublink>search</sublink>
        <sublink>searchsd</sublink>
    </link>
    <thumbnail>https://image.tmdb.org/t/p/w1280//fSaeahvo1GU7v4W6CX2y0j7fxMG.jpg</thumbnail>
    <fanart>https://image.tmdb.org/t/p/w1280//3Fji9IjNQcXm7Dh0u4igJXTgeHZ.jpg</fanart>
</item>
<item>
    <title>The Open House</title>
    <meta>
        <imdb>tt7608028</imdb>
        <content>movie</content>
        <title>The Open House</title>
        <year>2018</year>
    </meta>
    <link>
        <sublink>search</sublink>
        <sublink>searchsd</sublink>
    </link>
    <thumbnail>https://image.tmdb.org/t/p/w1280//7JwdoLcbFWaeUBxKaoFulRVK8Ja.jpg</thumbnail>
    <fanart>https://image.tmdb.org/t/p/w1280//trTplslE5m0pfxdQq3qHJrLHupi.jpg</fanart>
</item>
<item>
    <title>The Strange Ones</title>
    <meta>
        <imdb>tt6014904</imdb>
        <content>movie</content>
        <title>The Strange Ones</title>
        <year>2018</year>
    </meta>
    <link>
        <sublink>search</sublink>
        <sublink>searchsd</sublink>
    </link>
    <thumbnail>https://image.tmdb.org/t/p/w1280//39gn1Mr9PPMYo5Zul9l972ZBfKk.jpg</thumbnail>
    <fanart>https://image.tmdb.org/t/p/w1280//qNwWRC1lRoy8Ls76Id7PvogdwEv.jpg</fanart>
</item>
<item>
    <title>Your Move</title>
    <meta>
        <imdb>tt3499176</imdb>
        <content>movie</content>
        <title>Your Move</title>
        <year>2017</year>
    </meta>
    <link>
        <sublink>search</sublink>
        <sublink>searchsd</sublink>
    </link>
    <thumbnail>https://image.tmdb.org/t/p/w1280//veARYqKn5vTbnTTA7dCLnIGU81g.jpg</thumbnail>
    <fanart>https://image.tmdb.org/t/p/w1280//tRbfLFrtHvQRmAZwL1CBhUv6FSx.jpg</fanart>
</item>
