<item>
    <title>The Killing of Jacob Marr (2010)</title>
    <meta>
        <content>movie</content>
        <imdb>tt1591505</imdb>
        <title>The Killing of Jacob Marr</title>
        <year>2010</year>
    </meta>
    <link>
        <sublink>search</sublink>
        <sublink>searchsd</sublink>
    </link>
    <thumbnail>https://image.tmdb.org/t/p/w1280/4ny6X52lfWyUwLGs08fpVc5NrBU.jpg</thumbnail>
    <fanart>https://image.tmdb.org/t/p/w1280none</fanart>
</item>
<item>
    <title>Cabin Fever (2002)</title>
    <meta>
        <content>movie</content>
        <imdb>tt0303816</imdb>
        <title>Cabin Fever</title>
        <year>2002</year>
    </meta>
    <link>
        <sublink>search</sublink>
        <sublink>searchsd</sublink>
    </link>
    <thumbnail>https://image.tmdb.org/t/p/w1280/pDFFHha2KwW6ZjvrZQtXaS6PIYV.jpg</thumbnail>
    <fanart>https://image.tmdb.org/t/p/w1280/20VCMP31N1ROZOsjCAojjgS08qA.jpg</fanart>
</item>
<item>
    <title>Barricade (2012)</title>
    <meta>
        <content>movie</content>
        <imdb>tt1861279</imdb>
        <title>Barricade</title>
        <year>2012</year>
    </meta>
    <link>
        <sublink>search</sublink>
        <sublink>searchsd</sublink>
    </link>
    <thumbnail>https://image.tmdb.org/t/p/w1280/sjJWtDYyUdJ5jyZTmV5CYSSsPDH.jpg</thumbnail>
    <fanart>https://image.tmdb.org/t/p/w1280/zFmwc5YN03nU6W4bXwYrZyP1UBV.jpg</fanart>
</item>
<item>
    <title>Tucker and Dale vs Evil (2010)</title>
    <meta>
        <content>movie</content>
        <imdb>tt1465522</imdb>
        <title>Tucker and Dale vs Evil</title>
        <year>2010</year>
    </meta>
    <link>
        <sublink>search</sublink>
        <sublink>searchsd</sublink>
    </link>
    <thumbnail>https://image.tmdb.org/t/p/w1280/lNaivZXcad1bXDoptUzV3PQ2Ms0.jpg</thumbnail>
    <fanart>https://image.tmdb.org/t/p/w1280/mjsS5mcMjLPE31yGTU5mMqRhyCc.jpg</fanart>
</item>
<item>
    <title>Friday the 13th Part 2 (1981)</title>
    <meta>
        <content>movie</content>
        <imdb>tt0082418</imdb>
        <title>Friday the 13th Part 2</title>
        <year>1981</year>
    </meta>
    <link>
        <sublink>search</sublink>
        <sublink>searchsd</sublink>
    </link>
    <thumbnail>https://image.tmdb.org/t/p/w1280/3c6uMXqFXO9G5RVdiPB76IK3FYM.jpg</thumbnail>
    <fanart>https://image.tmdb.org/t/p/w1280/mshdRsIOPgzIMdcHUD4I5TUf7kT.jpg</fanart>
</item>
<item>
    <title>Scarce (2008)</title>
    <meta>
        <content>movie</content>
        <imdb>tt1238302</imdb>
        <title>Scarce</title>
        <year>2008</year>
    </meta>
    <link>
        <sublink>search</sublink>
        <sublink>searchsd</sublink>
    </link>
    <thumbnail>https://image.tmdb.org/t/p/w1280/zygIVG3xKwb5fVeKRahvIlJRsvv.jpg</thumbnail>
    <fanart>https://image.tmdb.org/t/p/w1280/A84pjxGwrRQ4fqmwiwYXqr6iikD.jpg</fanart>
</item>
<item>
    <title>Iced (1988)</title>
    <meta>
        <content>movie</content>
        <imdb>tt0095350</imdb>
        <title>Iced</title>
        <year>1988</year>
    </meta>
    <link>
        <sublink>search</sublink>
        <sublink>searchsd</sublink>
    </link>
    <thumbnail>https://image.tmdb.org/t/p/w1280/jsfPGimJKzvNYCTwDGFxHdaii7c.jpg</thumbnail>
    <fanart>https://image.tmdb.org/t/p/w1280none</fanart>
</item>
<item>
    <title>Dog Soldiers (2002)</title>
    <meta>
        <content>movie</content>
        <imdb>tt0280609</imdb>
        <title>Dog Soldiers</title>
        <year>2002</year>
    </meta>
    <link>
        <sublink>search</sublink>
        <sublink>searchsd</sublink>
    </link>
    <thumbnail>https://image.tmdb.org/t/p/w1280/kJLGyrjnphk6DnaJhYVFFoWJcCy.jpg</thumbnail>
    <fanart>https://image.tmdb.org/t/p/w1280/uFKY4nrelMlin1PT8RlglBCmEar.jpg</fanart>
</item>
<item>
    <title>Alien Abduction (2014)</title>
    <meta>
        <content>movie</content>
        <imdb>tt2510434</imdb>
        <title>Alien Abduction</title>
        <year>2014</year>
    </meta>
    <link>
        <sublink>search</sublink>
        <sublink>searchsd</sublink>
    </link>
    <thumbnail>https://image.tmdb.org/t/p/w1280/vRP3IfrGCB0oXX5HubCkiNcwCcj.jpg</thumbnail>
    <fanart>https://image.tmdb.org/t/p/w1280/hqbDsduHAsCz34AUlwJoLkEm1Wb.jpg</fanart>
</item>
<item>
    <title>Mine Games (2012)</title>
    <meta>
        <content>movie</content>
        <imdb>tt1928337</imdb>
        <title>Mine Games</title>
        <year>2012</year>
    </meta>
    <link>
        <sublink>search</sublink>
        <sublink>searchsd</sublink>
    </link>
    <thumbnail>https://image.tmdb.org/t/p/w1280/9YSkIcALFCyVz2Dzd2lbzRSnXIO.jpg</thumbnail>
    <fanart>https://image.tmdb.org/t/p/w1280/tIvLNHlRPxgJB8STzrfM5hT0xi7.jpg</fanart>
</item>
<item>
    <title>Cabin by the Lake (2000 TV Movie)</title>
    <meta>
        <content>movie</content>
        <imdb>tt0199389</imdb>
        <title>Cabin by the Lake</title>
        <year>2000 TV Movie</year>
    </meta>
    <link>
        <sublink>search</sublink>
        <sublink>searchsd</sublink>
    </link>
    <thumbnail>https://image.tmdb.org/t/p/w1280/elSg7YVH6kgzBkFFoxq2dXg7vI0.jpg</thumbnail>
    <fanart>https://image.tmdb.org/t/p/w1280/aUbbxzNoNINlbJHEy8u1FUv2QLe.jpg</fanart>
</item>
<item>
    <title>Evil Dead (2013)</title>
    <meta>
        <content>movie</content>
        <imdb>tt1288558</imdb>
        <title>Evil Dead</title>
        <year>2013</year>
    </meta>
    <link>
        <sublink>search</sublink>
        <sublink>searchsd</sublink>
    </link>
    <thumbnail>https://image.tmdb.org/t/p/w1280/z56CMoFXOhq4zieKMsokLaiB4qE.jpg</thumbnail>
    <fanart>https://image.tmdb.org/t/p/w1280/6sIvoRBrX6YqCFquQ6sKMUQN9qX.jpg</fanart>
</item>
<item>
    <title>Jason Lives: Friday the 13th Part VI (1986)</title>
    <meta>
        <content>movie</content>
        <imdb>tt0091080</imdb>
        <title>Jason Lives: Friday the 13th Part VI</title>
        <year>1986</year>
    </meta>
    <link>
        <sublink>search</sublink>
        <sublink>searchsd</sublink>
    </link>
    <thumbnail>https://image.tmdb.org/t/p/w1280/6vdUpHvkspQonXBdWcLWW5ciEPJ.jpg</thumbnail>
    <fanart>https://image.tmdb.org/t/p/w1280/lxZxbLpg4JhGptq0CejbElATU98.jpg</fanart>
</item>
<item>
    <title>Buck Wild (2013)</title>
    <meta>
        <content>movie</content>
        <imdb>tt1839426</imdb>
        <title>Buck Wild</title>
        <year>2013</year>
    </meta>
    <link>
        <sublink>search</sublink>
        <sublink>searchsd</sublink>
    </link>
    <thumbnail>https://image.tmdb.org/t/p/w1280/6fgDDLLFNRGjv6HIrvhi7KjecEW.jpg</thumbnail>
    <fanart>https://image.tmdb.org/t/p/w1280/t0hdR9nbBXHuAyNqL7BJzvcD7kQ.jpg</fanart>
</item>
<item>
    <title>Dead Snow (2009)</title>
    <meta>
        <content>movie</content>
        <imdb>tt1278340</imdb>
        <title>Dead Snow</title>
        <year>2009</year>
    </meta>
    <link>
        <sublink>search</sublink>
        <sublink>searchsd</sublink>
    </link>
    <thumbnail>https://image.tmdb.org/t/p/w1280/nDWI0SP3go01b5STPcAwQSK3eCc.jpg</thumbnail>
    <fanart>https://image.tmdb.org/t/p/w1280/ctwDTO8iOC4xnktJhnHVSLJTYMr.jpg</fanart>
</item>
<item>
    <title>Friday the 13th: The Final Chapter (1984)</title>
    <meta>
        <content>movie</content>
        <imdb>tt0087298</imdb>
        <title>Friday the 13th: The Final Chapter</title>
        <year>1984</year>
    </meta>
    <link>
        <sublink>search</sublink>
        <sublink>searchsd</sublink>
    </link>
    <thumbnail>https://image.tmdb.org/t/p/w1280/p5wiO9KgZH78Kvo1L6dPz8uECJ9.jpg</thumbnail>
    <fanart>https://image.tmdb.org/t/p/w1280/vI1XbNXhPdqgvFK9wJ1eAll9VPx.jpg</fanart>
</item>
<item>
    <title>Bigfoot: The Lost Coast Tapes (2012)</title>
    <meta>
        <content>movie</content>
        <imdb>tt1740725</imdb>
        <title>Bigfoot: The Lost Coast Tapes</title>
        <year>2012</year>
    </meta>
    <link>
        <sublink>search</sublink>
        <sublink>searchsd</sublink>
    </link>
    <thumbnail>https://image.tmdb.org/t/p/w1280/nVxIEg1ngfwlVuJAgpu8OSuBRMD.jpg</thumbnail>
    <fanart>https://image.tmdb.org/t/p/w1280/jOkuXyZw7KA7nVszMwaVdhlpX2.jpg</fanart>
</item>
<item>
    <title>Zombeavers (2014)</title>
    <meta>
        <content>movie</content>
        <imdb>tt2784512</imdb>
        <title>Zombeavers</title>
        <year>2014</year>
    </meta>
    <link>
        <sublink>search</sublink>
        <sublink>searchsd</sublink>
    </link>
    <thumbnail>https://image.tmdb.org/t/p/w1280/pn3R6VZq4UdM7qdIhw5YOHnwNna.jpg</thumbnail>
    <fanart>https://image.tmdb.org/t/p/w1280/d0JF30sdismMh91IGrqJrwOVZTP.jpg</fanart>
</item>
<item>
    <title>Dreamcatcher (2003)</title>
    <meta>
        <content>movie</content>
        <imdb>tt0285531</imdb>
        <title>Dreamcatcher</title>
        <year>2003</year>
    </meta>
    <link>
        <sublink>search</sublink>
        <sublink>searchsd</sublink>
    </link>
    <thumbnail>https://image.tmdb.org/t/p/w1280/A85mIkXdJvOwHxIQIEaN147GSLD.jpg</thumbnail>
    <fanart>https://image.tmdb.org/t/p/w1280/4fZGIqAW79EOhuUAmQ4STL7lDne.jpg</fanart>
</item>
<item>
    <title>The Lodge (2008)</title>
    <meta>
        <content>movie</content>
        <imdb>tt0475323</imdb>
        <title>The Lodge</title>
        <year>2008</year>
    </meta>
    <link>
        <sublink>search</sublink>
        <sublink>searchsd</sublink>
    </link>
    <thumbnail>https://image.tmdb.org/t/p/w1280/osMO0o7JWtjtsu6OZEV85llxq6b.jpg</thumbnail>
    <fanart>https://image.tmdb.org/t/p/w1280/3HLjK3FrlJ2HlzVdZYwYb9vtBLy.jpg</fanart>
</item>
<item>
    <title>Blood Punch (2014)</title>
    <meta>
        <content>movie</content>
        <imdb>tt2825230</imdb>
        <title>Blood Punch</title>
        <year>2014</year>
    </meta>
    <link>
        <sublink>search</sublink>
        <sublink>searchsd</sublink>
    </link>
    <thumbnail>https://image.tmdb.org/t/p/w1280/lKAeO8q3fETPNnA0DYML1mkghr7.jpg</thumbnail>
    <fanart>https://image.tmdb.org/t/p/w1280/gJtgJG2F25DSJG7IXAELq9H56Km.jpg</fanart>
</item>
<item>
    <title>The Cottage (2008)</title>
    <meta>
        <content>movie</content>
        <imdb>tt0465430</imdb>
        <title>The Cottage</title>
        <year>2008</year>
    </meta>
    <link>
        <sublink>search</sublink>
        <sublink>searchsd</sublink>
    </link>
    <thumbnail>https://image.tmdb.org/t/p/w1280/gh08eCKFWZC1gfYH6L3dKNu2HTr.jpg</thumbnail>
    <fanart>https://image.tmdb.org/t/p/w1280/1D0vEL7GUnf6GIa5aZQQNrHuWqf.jpg</fanart>
</item>
<item>
    <title>The Cottage (2012)</title>
    <meta>
        <content>movie</content>
        <imdb>tt1977941</imdb>
        <title>The Cottage</title>
        <year>2012</year>
    </meta>
    <link>
        <sublink>search</sublink>
        <sublink>searchsd</sublink>
    </link>
    <thumbnail>https://image.tmdb.org/t/p/w1280/4PlkPV58xq1moCpMapeVYelF6DR.jpg</thumbnail>
    <fanart>https://image.tmdb.org/t/p/w1280/lC2wD7UscFctAHOQk9a42fyLqdO.jpg</fanart>
</item>
<item>
    <title>The Cabin in the Woods (2012)</title>
    <meta>
        <content>movie</content>
        <imdb>tt1259521</imdb>
        <title>The Cabin in the Woods</title>
        <year>2012</year>
    </meta>
    <link>
        <sublink>search</sublink>
        <sublink>searchsd</sublink>
    </link>
    <thumbnail>https://image.tmdb.org/t/p/w1280/utfJuX6DfR28Mv2FMfnPFAYOmTU.jpg</thumbnail>
    <fanart>https://image.tmdb.org/t/p/w1280/214TKe8WBBbFXVrBRV9RECeE4oW.jpg</fanart>
</item>
<item>
    <title>The Evil Dead (1981)</title>
    <meta>
        <content>movie</content>
        <imdb>tt0083907</imdb>
        <title>The Evil Dead</title>
        <year>1981</year>
    </meta>
    <link>
        <sublink>search</sublink>
        <sublink>searchsd</sublink>
    </link>
    <thumbnail>https://image.tmdb.org/t/p/w1280/fA7uqS8ZBzCVPKgB7rFaR0wTFpy.jpg</thumbnail>
    <fanart>https://image.tmdb.org/t/p/w1280/3a1IOTatyhQi5eP9vZvBU5NQDmM.jpg</fanart>
</item>
<item>
    <title>Evil Dead II (1987)</title>
    <meta>
        <content>movie</content>
        <imdb>tt0092991</imdb>
        <title>Evil Dead II</title>
        <year>1987</year>
    </meta>
    <link>
        <sublink>search</sublink>
        <sublink>searchsd</sublink>
    </link>
    <thumbnail>https://image.tmdb.org/t/p/w1280/n49mpgUsPgBfRg2qIEj31HX0chu.jpg</thumbnail>
    <fanart>https://image.tmdb.org/t/p/w1280/9meXjIwJZk9aMMoMZk3AMzt8o44.jpg</fanart>
</item>
<item>
    <title>Cabin Fever (2016)</title>
    <meta>
        <content>movie</content>
        <imdb>tt3832096</imdb>
        <title>Cabin Fever</title>
        <year>2016</year>
    </meta>
    <link>
        <sublink>search</sublink>
        <sublink>searchsd</sublink>
    </link>
    <thumbnail>https://image.tmdb.org/t/p/w1280/4E9EujszaChAzBruxS9BxRcVtIc.jpg</thumbnail>
    <fanart>https://image.tmdb.org/t/p/w1280/n9a3JQOXIXXcJtt8CreMkHqIr9S.jpg</fanart>
</item>
<item>
    <title>The Cabining (2014)</title>
    <meta>
        <content>movie</content>
        <imdb>tt2376440</imdb>
        <title>The Cabining</title>
        <year>2014</year>
    </meta>
    <link>
        <sublink>search</sublink>
        <sublink>searchsd</sublink>
    </link>
    <thumbnail>https://image.tmdb.org/t/p/w1280/nC2QBCqCFvW3x8fDVikEYKWgCLi.jpg</thumbnail>
    <fanart>https://image.tmdb.org/t/p/w1280none</fanart>
</item>
<item>
    <title>Tailypo (2015)</title>
    <meta>
        <content>movie</content>
        <imdb>tt4523570</imdb>
        <title>Tailypo</title>
        <year>2015</year>
    </meta>
    <link>
        <sublink>search</sublink>
        <sublink>searchsd</sublink>
    </link>
    <thumbnail>https://image.tmdb.org/t/p/w1280none</thumbnail>
    <fanart>https://image.tmdb.org/t/p/w1280none</fanart>
</item>
<item>
    <title>Misery (1990)</title>
    <meta>
        <content>movie</content>
        <imdb>tt0100157</imdb>
        <title>Misery</title>
        <year>1990</year>
    </meta>
    <link>
        <sublink>search</sublink>
        <sublink>searchsd</sublink>
    </link>
    <thumbnail>https://image.tmdb.org/t/p/w1280/s0Ot5zUmVF1jSN9WpBHRafvUPld.jpg</thumbnail>
    <fanart>https://image.tmdb.org/t/p/w1280/43HsIo5PPMIs42tmtNmqiuJVSNR.jpg</fanart>
</item>
<item>
    <title>Silent Retreat (2016)</title>
    <meta>
        <content>movie</content>
        <imdb>tt3563892</imdb>
        <title>Silent Retreat</title>
        <year>2016</year>
    </meta>
    <link>
        <sublink>search</sublink>
        <sublink>searchsd</sublink>
    </link>
    <thumbnail>https://image.tmdb.org/t/p/w1280/uhmTH9v4NS75ld9IKe24RjyBBzM.jpg</thumbnail>
    <fanart>https://image.tmdb.org/t/p/w1280/1AiZXsMMZ94ssOjSmu5UuT91Zo5.jpg</fanart>
</item>
<item>
    <title>American Gothic (1987)</title>
    <meta>
        <content>movie</content>
        <imdb>tt0094642</imdb>
        <title>American Gothic</title>
        <year>1987</year>
    </meta>
    <link>
        <sublink>search</sublink>
        <sublink>searchsd</sublink>
    </link>
    <thumbnail>https://image.tmdb.org/t/p/w1280/lxqM9tWhhV4fse53ASs177PV0Mv.jpg</thumbnail>
    <fanart>https://image.tmdb.org/t/p/w1280/vvbpXGcyRNqUMbWCAPnIcg9o06p.jpg</fanart>
</item>
<item>
    <title>Black Mountain Side (2014)</title>
    <meta>
        <content>movie</content>
        <imdb>tt3139756</imdb>
        <title>Black Mountain Side</title>
        <year>2014</year>
    </meta>
    <link>
        <sublink>search</sublink>
        <sublink>searchsd</sublink>
    </link>
    <thumbnail>https://image.tmdb.org/t/p/w1280/tEvH7xwTKGK7TJIBA3JniL5jm37.jpg</thumbnail>
    <fanart>https://image.tmdb.org/t/p/w1280/wsNetBzFcFegJG5dUc3jnPRTIAZ.jpg</fanart>
</item>
<item>
    <title>Spook (1988)</title>
    <meta>
        <content>movie</content>
        <imdb>tt0384556</imdb>
        <title>Spook</title>
        <year>1988</year>
    </meta>
    <link>
        <sublink>search</sublink>
        <sublink>searchsd</sublink>
    </link>
    <thumbnail>https://image.tmdb.org/t/p/w1280/A9ZPTaSw9XLpNPBovvZaAfEjRO3.jpg</thumbnail>
    <fanart>https://image.tmdb.org/t/p/w1280none</fanart>
</item>
<item>
    <title>Sleepaway Camp II: Unhappy Campers (1988)</title>
    <meta>
        <content>movie</content>
        <imdb>tt0096118</imdb>
        <title>Sleepaway Camp II: Unhappy Campers</title>
        <year>1988</year>
    </meta>
    <link>
        <sublink>search</sublink>
        <sublink>searchsd</sublink>
    </link>
    <thumbnail>https://image.tmdb.org/t/p/w1280/irAxhD6ednYlwjsgyYePFbF1O1v.jpg</thumbnail>
    <fanart>https://image.tmdb.org/t/p/w1280/hsehYopvmZb6jDBlmYK9u7JusCe.jpg</fanart>
</item>
<item>
    <title>Sleepaway Camp III: Teenage Wasteland (1989)</title>
    <meta>
        <content>movie</content>
        <imdb>tt0096119</imdb>
        <title>Sleepaway Camp III: Teenage Wasteland</title>
        <year>1989</year>
    </meta>
    <link>
        <sublink>search</sublink>
        <sublink>searchsd</sublink>
    </link>
    <thumbnail>https://image.tmdb.org/t/p/w1280/nRJW9YXo3HqPPpa5G6GCxNxbuCo.jpg</thumbnail>
    <fanart>https://image.tmdb.org/t/p/w1280/ppJHk2cyPkhoAYfwZWslKrP20rx.jpg</fanart>
</item>
<item>
    <title>The Burning (1981)</title>
    <meta>
        <content>movie</content>
        <imdb>tt0082118</imdb>
        <title>The Burning</title>
        <year>1981</year>
    </meta>
    <link>
        <sublink>search</sublink>
        <sublink>searchsd</sublink>
    </link>
    <thumbnail>https://image.tmdb.org/t/p/w1280/eHqxGUZ9jOsCPSxhG6Ngr1uSBYJ.jpg</thumbnail>
    <fanart>https://image.tmdb.org/t/p/w1280/mVqJofGWozzmOf9gg0zQj4f1DmT.jpg</fanart>
</item>
<item>
    <title>Severance (2006)</title>
    <meta>
        <content>movie</content>
        <imdb>tt0464196</imdb>
        <title>Severance</title>
        <year>2006</year>
    </meta>
    <link>
        <sublink>search</sublink>
        <sublink>searchsd</sublink>
    </link>
    <thumbnail>https://image.tmdb.org/t/p/w1280/z5br42PMzeIHTK8zZSXiaZpypTl.jpg</thumbnail>
    <fanart>https://image.tmdb.org/t/p/w1280/wF6xjWAgdb4qzH3vn1zni0u4ynn.jpg</fanart>
</item>
<item>
    <title>Harvest Lake (2016)</title>
    <meta>
        <content>movie</content>
        <imdb>tt5129156</imdb>
        <title>Harvest Lake</title>
        <year>2016</year>
    </meta>
    <link>
        <sublink>search</sublink>
        <sublink>searchsd</sublink>
    </link>
    <thumbnail>https://image.tmdb.org/t/p/w1280/qhuW16qwsXIj4pD5n8ndpu1eEmV.jpg</thumbnail>
    <fanart>https://image.tmdb.org/t/p/w1280/nBZOmLj9Urzv1tLeW032Na08zM3.jpg</fanart>
</item>
<item>
    <title>Surviving the Game (1994)</title>
    <meta>
        <content>movie</content>
        <imdb>tt0111323</imdb>
        <title>Surviving the Game</title>
        <year>1994</year>
    </meta>
    <link>
        <sublink>search</sublink>
        <sublink>searchsd</sublink>
    </link>
    <thumbnail>https://image.tmdb.org/t/p/w1280/8SILtvmd0DCJeBTTWnwO7lur1S7.jpg</thumbnail>
    <fanart>https://image.tmdb.org/t/p/w1280/pmZefMVToOmkp2PYVaNbQbLRtYD.jpg</fanart>
</item>
