<item>
    <title>28 Days Later</title>
    <meta>
        <imdb>tt0289043</imdb>
        <content>movie</content>
        <title>28 Days Later</title>
        <year>2002</year>
    </meta>
    <link>
        <sublink>search</sublink>
        <sublink>searchsd</sublink>
    </link>
    <thumbnail>https://image.tmdb.org/t/p/w1280//xaYdxi1PBEAYvqknvAmMPK5Eff3.jpg</thumbnail>
    <fanart>https://image.tmdb.org/t/p/w1280//yUztTrOARxj1lgcPyrSCeGWigZO.jpg</fanart>
</item>
<item>
    <title>A Nightmare on Elm Street</title>
    <meta>
        <imdb>tt0087800</imdb>
        <content>movie</content>
        <title>A Nightmare on Elm Street</title>
        <year>1984</year>
    </meta>
    <link>
        <sublink>search</sublink>
        <sublink>searchsd</sublink>
    </link>
    <thumbnail>https://image.tmdb.org/t/p/w1280//sXFlyjfWv544uKOJmPd2vVsaFm9.jpg</thumbnail>
    <fanart>https://image.tmdb.org/t/p/w1280//3G7Xf2drr2u1jhOPxGR18pl39PX.jpg</fanart>
</item>
<item>
    <title>The Addiction</title>
    <meta>
        <imdb>tt0112288</imdb>
        <content>movie</content>
        <title>The Addiction</title>
        <year>1995</year>
    </meta>
    <link>
        <sublink>search</sublink>
        <sublink>searchsd</sublink>
    </link>
    <thumbnail>https://image.tmdb.org/t/p/w1280//ej0gD547grj5QMoKuzqKyHuc3Xi.jpg</thumbnail>
    <fanart>https://image.tmdb.org/t/p/w1280//wOfnAqBlGz221UNCw1QAasI8HJs.jpg</fanart>
</item>
<item>
    <title>Alice Sweet Alice</title>
    <meta>
        <imdb>tt0076150</imdb>
        <content>movie</content>
        <title>Alice Sweet Alice</title>
        <year>1976</year>
    </meta>
    <link>
        <sublink>search</sublink>
        <sublink>searchsd</sublink>
    </link>
    <thumbnail>https://image.tmdb.org/t/p/w1280//scjfMHHjZRKkmhoqPtNJmMfpcs4.jpg</thumbnail>
    <fanart>https://image.tmdb.org/t/p/w1280//rpmfuzmTDdJJN9EnkcZV1cRSjpA.jpg</fanart>
</item>
<item>
    <title>Alien</title>
    <meta>
        <imdb>tt0078748</imdb>
        <content>movie</content>
        <title>Alien</title>
        <year>1979</year>
    </meta>
    <link>
        <sublink>search</sublink>
        <sublink>searchsd</sublink>
    </link>
    <thumbnail>https://image.tmdb.org/t/p/w1280//2h00HrZs89SL3tXB4nbkiM7BKHs.jpg</thumbnail>
    <fanart>https://image.tmdb.org/t/p/w1280//si4PH5RjbpdQZi3BQvV6eiBNjYD.jpg</fanart>
</item>
<item>
    <title>Aliens</title>
    <meta>
        <imdb>tt0090605</imdb>
        <content>movie</content>
        <title>Aliens</title>
        <year>1986</year>
    </meta>
    <link>
        <sublink>search</sublink>
        <sublink>searchsd</sublink>
    </link>
    <thumbnail>https://image.tmdb.org/t/p/w1280//nORMXEkYEbzkU5WkMWMgRDJwjSZ.jpg</thumbnail>
    <fanart>https://image.tmdb.org/t/p/w1280//r2zB2vGLDQVxlRZISH7KzQ6reiC.jpg</fanart>
</item>
<item>
    <title>The Amityville Horror</title>
    <meta>
        <imdb>tt0078767</imdb>
        <content>movie</content>
        <title>The Amityville Horror</title>
        <year>1979</year>
    </meta>
    <link>
        <sublink>search</sublink>
        <sublink>searchsd</sublink>
    </link>
    <thumbnail>https://image.tmdb.org/t/p/w1280//orociMcS1GExIcuiGbYYHlRlcL8.jpg</thumbnail>
    <fanart>https://image.tmdb.org/t/p/w1280//s2z4t3y5gvFKId09smKOUq8I8gK.jpg</fanart>
</item>
<item>
    <title>An American Werewolf in London</title>
    <meta>
        <imdb>tt0082010</imdb>
        <content>movie</content>
        <title>An American Werewolf in London</title>
        <year>1981</year>
    </meta>
    <link>
        <sublink>search</sublink>
        <sublink>searchsd</sublink>
    </link>
    <thumbnail>https://image.tmdb.org/t/p/w1280//jFoOiPVPuJrjqyQlaPIogHBPfFn.jpg</thumbnail>
    <fanart>https://image.tmdb.org/t/p/w1280//lFiEdW3zVjR2Wujxu3yZLpL2N8n.jpg</fanart>
</item>
<item>
    <title>Anguish</title>
    <meta>
        <imdb>tt0090644</imdb>
        <content>movie</content>
        <title>Anguish</title>
        <year>1987</year>
    </meta>
    <link>
        <sublink>search</sublink>
        <sublink>searchsd</sublink>
    </link>
    <thumbnail>https://image.tmdb.org/t/p/w1280//yWFA9UrrXtrVdhv3fsxsLBQ3MIb.jpg</thumbnail>
    <fanart>https://image.tmdb.org/t/p/w1280//mGnyA2h0ukj0DNDLKh4lZb5re91.jpg</fanart>
</item>
<item>
    <title>Army of Darkness</title>
    <meta>
        <imdb>tt0106308</imdb>
        <content>movie</content>
        <title>Army of Darkness</title>
        <year>1992</year>
    </meta>
    <link>
        <sublink>search</sublink>
        <sublink>searchsd</sublink>
    </link>
    <thumbnail>https://image.tmdb.org/t/p/w1280//2eZKDIwLNnySbwqQtAaUz0kYDIL.jpg</thumbnail>
    <fanart>https://image.tmdb.org/t/p/w1280//iPBohQuaB2gJEgap3jhdfiaQ7Jm.jpg</fanart>
</item>
<item>
    <title>The Birds</title>
    <meta>
        <imdb>tt0056869</imdb>
        <content>movie</content>
        <title>The Birds</title>
        <year>1963</year>
    </meta>
    <link>
        <sublink>search</sublink>
        <sublink>searchsd</sublink>
    </link>
    <thumbnail>https://image.tmdb.org/t/p/w1280//z0iYrJ6GsAMP3abOha7uGMuc5kZ.jpg</thumbnail>
    <fanart>https://image.tmdb.org/t/p/w1280//oHrTL0iTwLJMKbx2T3R5L5DPSyz.jpg</fanart>
</item>
<item>
    <title>Black Christmas</title>
    <meta>
        <imdb>tt0071222</imdb>
        <content>movie</content>
        <title>Black Christmas</title>
        <year>1974</year>
    </meta>
    <link>
        <sublink>search</sublink>
        <sublink>searchsd</sublink>
    </link>
    <thumbnail>https://image.tmdb.org/t/p/w1280//qqO98sdPgptFgCua3Z4uZDuPcmP.jpg</thumbnail>
    <fanart>https://image.tmdb.org/t/p/w1280//zfs9QuKkZL6ZCluGvjo5Pk49aMv.jpg</fanart>
</item>
<item>
    <title>Blade II</title>
    <meta>
        <imdb>tt0187738</imdb>
        <content>movie</content>
        <title>Blade II</title>
        <year>2002</year>
    </meta>
    <link>
        <sublink>search</sublink>
        <sublink>searchsd</sublink>
    </link>
    <thumbnail>https://image.tmdb.org/t/p/w1280//jlURNpXCMK830CsGRd939PJLh8c.jpg</thumbnail>
    <fanart>https://image.tmdb.org/t/p/w1280//2n0kjNEI3uF0ju9H5jiE3rBk5C0.jpg</fanart>
</item>
<item>
    <title>The Blair Witch Project</title>
    <meta>
        <imdb>tt0185937</imdb>
        <content>movie</content>
        <title>The Blair Witch Project</title>
        <year>1999</year>
    </meta>
    <link>
        <sublink>search</sublink>
        <sublink>searchsd</sublink>
    </link>
    <thumbnail>https://image.tmdb.org/t/p/w1280//hyaOKmxuF8YJKHqWlwpiZU5QsAr.jpg</thumbnail>
    <fanart>https://image.tmdb.org/t/p/w1280//rEUhIQZCk9ZAhyEyRFG0wPLYdXn.jpg</fanart>
</item>
<item>
    <title>Bloodlust: Subspecies III</title>
    <meta>
        <imdb>tt0109302</imdb>
        <content>movie</content>
        <title>Bloodlust: Subspecies III</title>
        <year>1994</year>
    </meta>
    <link>
        <sublink>search</sublink>
        <sublink>searchsd</sublink>
    </link>
    <thumbnail>https://image.tmdb.org/t/p/w1280//x9Xu4xiVKwBdYVpMXlQdrv9to8O.jpg</thumbnail>
    <fanart>https://image.tmdb.org/t/p/w1280//f5HjyXTgLKmkRweqJORJ8W7Pqh5.jpg</fanart>
</item>
<item>
    <title>Blue Velvet</title>
    <meta>
        <imdb>tt0090756</imdb>
        <content>movie</content>
        <title>Blue Velvet</title>
        <year>1986</year>
    </meta>
    <link>
        <sublink>search</sublink>
        <sublink>searchsd</sublink>
    </link>
    <thumbnail>https://image.tmdb.org/t/p/w1280//bEqgV9xAMlKuBN0XmFm4lYjgc6i.jpg</thumbnail>
    <fanart>https://image.tmdb.org/t/p/w1280//eWzEX02Pw9TN8nCsCASPdtBHXo6.jpg</fanart>
</item>
<item>
    <title>Body Snatchers</title>
    <meta>
        <imdb>tt0106452</imdb>
        <content>movie</content>
        <title>Body Snatchers</title>
        <year>1993</year>
    </meta>
    <link>
        <sublink>search</sublink>
        <sublink>searchsd</sublink>
    </link>
    <thumbnail>https://image.tmdb.org/t/p/w1280//4GLnErLrLfban9JDCOsxB9Xeegq.jpg</thumbnail>
    <fanart>https://image.tmdb.org/t/p/w1280//8rjgIzDtLKucvg2u5zzFCyDFAnb.jpg</fanart>
</item>
<item>
    <title>Bride of Frankenstein</title>
    <meta>
        <imdb>tt0026138</imdb>
        <content>movie</content>
        <title>Bride of Frankenstein</title>
        <year>1935</year>
    </meta>
    <link>
        <sublink>search</sublink>
        <sublink>searchsd</sublink>
    </link>
    <thumbnail>https://image.tmdb.org/t/p/w1280//7YOfYQ6yhpBYWOh8vFQYfo2mm5I.jpg</thumbnail>
    <fanart>https://image.tmdb.org/t/p/w1280//vLfbjecIkkJeM3dot7Zig1YOBaO.jpg</fanart>
</item>
<item>
    <title>The Brood</title>
    <meta>
        <imdb>tt0078908</imdb>
        <content>movie</content>
        <title>The Brood</title>
        <year>1979</year>
    </meta>
    <link>
        <sublink>search</sublink>
        <sublink>searchsd</sublink>
    </link>
    <thumbnail>https://image.tmdb.org/t/p/w1280//dptqBZfp0xnBS9qGFwlYhpCb06S.jpg</thumbnail>
    <fanart>https://image.tmdb.org/t/p/w1280//aqptjqKcTJjZKUxcqCKBoJz90QR.jpg</fanart>
</item>
<item>
    <title>Butcher, Baker, Nightmare Maker</title>
    <meta>
        <imdb>tt0082813</imdb>
        <content>movie</content>
        <title>Butcher, Baker, Nightmare Maker</title>
        <year>1982</year>
    </meta>
    <link>
        <sublink>search</sublink>
        <sublink>searchsd</sublink>
    </link>
    <thumbnail>https://image.tmdb.org/t/p/w1280//nw1RNnyzq3gr2ebmGNQZB5Utv7O.jpg</thumbnail>
    <fanart>https://image.tmdb.org/t/p/w1280//A2pjoZJNqTkeYuFlKDOVZBv7f5C.jpg</fanart>
</item>
<item>
    <title>Cabin Fever</title>
    <meta>
        <imdb>tt0303816</imdb>
        <content>movie</content>
        <title>Cabin Fever</title>
        <year>2003</year>
    </meta>
    <link>
        <sublink>search</sublink>
        <sublink>searchsd</sublink>
    </link>
    <thumbnail>https://image.tmdb.org/t/p/w1280//pDFFHha2KwW6ZjvrZQtXaS6PIYV.jpg</thumbnail>
    <fanart>https://image.tmdb.org/t/p/w1280//20VCMP31N1ROZOsjCAojjgS08qA.jpg</fanart>
</item>
<item>
    <title>Candyman</title>
    <meta>
        <imdb>tt0103919</imdb>
        <content>movie</content>
        <title>Candyman</title>
        <year>1992</year>
    </meta>
    <link>
        <sublink>search</sublink>
        <sublink>searchsd</sublink>
    </link>
    <thumbnail>https://image.tmdb.org/t/p/w1280//w5YQqrwzreHfa7RmXCB7rpLLxbe.jpg</thumbnail>
    <fanart>https://image.tmdb.org/t/p/w1280//ytzqiDJ1mixWxBhFr1Lmp0VZjtT.jpg</fanart>
</item>
<item>
    <title>Carnival of Souls</title>
    <meta>
        <imdb>tt0055830</imdb>
        <content>movie</content>
        <title>Carnival of Souls</title>
        <year>1962</year>
    </meta>
    <link>
        <sublink>search</sublink>
        <sublink>searchsd</sublink>
    </link>
    <thumbnail>https://image.tmdb.org/t/p/w1280//9ddPGH7kMe81xznwIKCt17VFUPi.jpg</thumbnail>
    <fanart>https://image.tmdb.org/t/p/w1280//f050RIqYVsba517sJw8Jgwogmmx.jpg</fanart>
</item>
<item>
    <title>Carrie</title>
    <meta>
        <imdb>tt0074285</imdb>
        <content>movie</content>
        <title>Carrie</title>
        <year>1976</year>
    </meta>
    <link>
        <sublink>search</sublink>
        <sublink>searchsd</sublink>
    </link>
    <thumbnail>https://image.tmdb.org/t/p/w1280//n9JxLthRHwTWwu5OjFHVplkVSUg.jpg</thumbnail>
    <fanart>https://image.tmdb.org/t/p/w1280//gGFE3OCWyolXVHZGxOOyqMvN6zg.jpg</fanart>
</item>
<item>
    <title>Cat People</title>
    <meta>
        <imdb>tt0034587</imdb>
        <content>movie</content>
        <title>Cat People</title>
        <year>1942</year>
    </meta>
    <link>
        <sublink>search</sublink>
        <sublink>searchsd</sublink>
    </link>
    <thumbnail>https://image.tmdb.org/t/p/w1280//lQgGh5QLdmlhNABHQcl5bBn5tmk.jpg</thumbnail>
    <fanart>https://image.tmdb.org/t/p/w1280//fFN0s7wTBtDuzWCxZV8lPe3gGWK.jpg</fanart>
</item>
<item>
    <title>The Changeling</title>
    <meta>
        <imdb>tt0080516</imdb>
        <content>movie</content>
        <title>The Changeling</title>
        <year>1980</year>
    </meta>
    <link>
        <sublink>search</sublink>
        <sublink>searchsd</sublink>
    </link>
    <thumbnail>https://image.tmdb.org/t/p/w1280//3CCvhdKXLAvDcAdyyfdY4jtrWgx.jpg</thumbnail>
    <fanart>https://image.tmdb.org/t/p/w1280//ywwh2fs13mF9NQ1o19O4ENaxSSQ.jpg</fanart>
</item>
<item>
    <title>Child's Play</title>
    <meta>
        <imdb>tt0094862</imdb>
        <content>movie</content>
        <title>Child's Play</title>
        <year>1988</year>
    </meta>
    <link>
        <sublink>search</sublink>
        <sublink>searchsd</sublink>
    </link>
    <thumbnail>https://image.tmdb.org/t/p/w1280//dSX9i2buibfyKFRpK2kOe6rtl5R.jpg</thumbnail>
    <fanart>https://image.tmdb.org/t/p/w1280//2O7BSytXfkEcTyP9I4IiFBhn3w3.jpg</fanart>
</item>
<item>
    <title>Children of the Corn</title>
    <meta>
        <imdb>tt0087050</imdb>
        <content>movie</content>
        <title>Children of the Corn</title>
        <year>1984</year>
    </meta>
    <link>
        <sublink>search</sublink>
        <sublink>searchsd</sublink>
    </link>
    <thumbnail>https://image.tmdb.org/t/p/w1280//zH77CDSRPeYfZZJyyKSt84j62m8.jpg</thumbnail>
    <fanart>https://image.tmdb.org/t/p/w1280//hmTSp1aF9xG7uwM4f4YMUcLfVAa.jpg</fanart>
</item>
<item>
    <title>The Crazies</title>
    <meta>
        <imdb>tt0455407</imdb>
        <content>movie</content>
        <title>The Crazies</title>
        <year>2010</year>
    </meta>
    <link>
        <sublink>search</sublink>
        <sublink>searchsd</sublink>
    </link>
    <thumbnail>https://image.tmdb.org/t/p/w1280//s15bIs5uLEqPEQERH5YqjCjY6gd.jpg</thumbnail>
    <fanart>https://image.tmdb.org/t/p/w1280//9payiNC2a617CoAat8vxIRiVC1Z.jpg</fanart>
</item>
<item>
    <title>Creepshow</title>
    <meta>
        <imdb>tt0083767</imdb>
        <content>movie</content>
        <title>Creepshow</title>
        <year>1982</year>
    </meta>
    <link>
        <sublink>search</sublink>
        <sublink>searchsd</sublink>
    </link>
    <thumbnail>https://image.tmdb.org/t/p/w1280//hgKeTL416BPzLZntcsD1k7mNFRN.jpg</thumbnail>
    <fanart>https://image.tmdb.org/t/p/w1280//eHaGbnX2kukzcYGOpNF3YLPmOG5.jpg</fanart>
</item>
<item>
    <title>Cube</title>
    <meta>
        <imdb>tt0123755</imdb>
        <content>movie</content>
        <title>Cube</title>
        <year>1997</year>
    </meta>
    <link>
        <sublink>search</sublink>
        <sublink>searchsd</sublink>
    </link>
    <thumbnail>https://image.tmdb.org/t/p/w1280//u50r6chJGO2iqxVAvtQ07obiCkB.jpg</thumbnail>
    <fanart>https://image.tmdb.org/t/p/w1280//7BtMwHuHCgi0oE0SuITgfWOmPTu.jpg</fanart>
</item>
<item>
    <title>The Cabinet of Dr. Caligari</title>
    <meta>
        <imdb>tt0010323</imdb>
        <content>movie</content>
        <title>The Cabinet of Dr. Caligari</title>
        <year>1920</year>
    </meta>
    <link>
        <sublink>search</sublink>
        <sublink>searchsd</sublink>
    </link>
    <thumbnail>https://image.tmdb.org/t/p/w1280//myK9DeIsXWGKgUTZyGXg2IfFk0W.jpg</thumbnail>
    <fanart>https://image.tmdb.org/t/p/w1280//6Xt1Iq0sct6LQcGF4WA5I4VqQmP.jpg</fanart>
</item>
<item>
    <title>Dawn of the Dead</title>
    <meta>
        <imdb>tt0077402</imdb>
        <content>movie</content>
        <title>Dawn of the Dead</title>
        <year>1978</year>
    </meta>
    <link>
        <sublink>search</sublink>
        <sublink>searchsd</sublink>
    </link>
    <thumbnail>https://image.tmdb.org/t/p/w1280//8D6WEfNZr6JadQrqJr5OOq1QlV0.jpg</thumbnail>
    <fanart>https://image.tmdb.org/t/p/w1280//vCD9mRgSY4HuoSowm8JO4tm2mhj.jpg</fanart>
</item>
<item>
    <title>Day of the Dead</title>
    <meta>
        <imdb>tt0088993</imdb>
        <content>movie</content>
        <title>Day of the Dead</title>
        <year>1985</year>
    </meta>
    <link>
        <sublink>search</sublink>
        <sublink>searchsd</sublink>
    </link>
    <thumbnail>https://image.tmdb.org/t/p/w1280//yJ2emwXWwQc6VHW3fO4GZr0hXBt.jpg</thumbnail>
    <fanart>https://image.tmdb.org/t/p/w1280//pWaXoU1aqD2KpMVLt4E9ZmKQXIk.jpg</fanart>
</item>
<item>
    <title>Dead & Buried</title>
    <meta>
        <imdb>tt0082242</imdb>
        <content>movie</content>
        <title>Dead & Buried</title>
        <year>1981</year>
    </meta>
    <link>
        <sublink>search</sublink>
        <sublink>searchsd</sublink>
    </link>
    <thumbnail>https://image.tmdb.org/t/p/w1280//5TbTh7wgfmZtUvojRoGIqrJ1Wxx.jpg</thumbnail>
    <fanart>https://image.tmdb.org/t/p/w1280//9YuJzaSlT5fFTfE6hKzmC1myUrZ.jpg</fanart>
</item>
<item>
    <title>Dead Ringers</title>
    <meta>
        <imdb>tt0094964</imdb>
        <content>movie</content>
        <title>Dead Ringers</title>
        <year>1988</year>
    </meta>
    <link>
        <sublink>search</sublink>
        <sublink>searchsd</sublink>
    </link>
    <thumbnail>https://image.tmdb.org/t/p/w1280//9ZGBwiWIvN9KmHaLeSS5it44G21.jpg</thumbnail>
    <fanart>https://image.tmdb.org/t/p/w1280//3mEfawlJnuu4OmUlAOesrAMsWv6.jpg</fanart>
</item>
<item>
    <title>Dead Silence</title>
    <meta>
        <imdb>tt0455760</imdb>
        <content>movie</content>
        <title>Dead Silence</title>
        <year>2007</year>
    </meta>
    <link>
        <sublink>search</sublink>
        <sublink>searchsd</sublink>
    </link>
    <thumbnail>https://image.tmdb.org/t/p/w1280//gRe2XJPOSFH9ZJe5oOsrtnX0eeB.jpg</thumbnail>
    <fanart>https://image.tmdb.org/t/p/w1280//tR09Vod2LPZXp3O4gGokLcpD8O4.jpg</fanart>
</item>
<item>
    <title>The Dead Zone</title>
    <meta>
        <imdb>tt0085407</imdb>
        <content>movie</content>
        <title>The Dead Zone</title>
        <year>1983</year>
    </meta>
    <link>
        <sublink>search</sublink>
        <sublink>searchsd</sublink>
    </link>
    <thumbnail>https://image.tmdb.org/t/p/w1280//bKpc5xO3o3DHDqaUJWMoVxgpJRM.jpg</thumbnail>
    <fanart>https://image.tmdb.org/t/p/w1280//7LRuImFC4NKxutT3yvdqxinEXjo.jpg</fanart>
</item>
<item>
    <title>Dead of Night</title>
    <meta>
        <imdb>tt0037635</imdb>
        <content>movie</content>
        <title>Dead of Night</title>
        <year>1945</year>
    </meta>
    <link>
        <sublink>search</sublink>
        <sublink>searchsd</sublink>
    </link>
    <thumbnail>https://image.tmdb.org/t/p/w1280//2sG6rK431EEMLMS7r4lluCOXPgM.jpg</thumbnail>
    <fanart>https://image.tmdb.org/t/p/w1280//bqOfS18irsvpvut7I70SsIcNEjQ.jpg</fanart>
</item>
<item>
    <title>Dead of Night</title>
    <meta>
        <imdb>tt0068457</imdb>
        <content>movie</content>
        <title>Dead of Night</title>
        <year>1974</year>
    </meta>
    <link>
        <sublink>search</sublink>
        <sublink>searchsd</sublink>
    </link>
    <thumbnail>https://image.tmdb.org/t/p/w1280//nze6F88gcFdoCzesqonsZQNSWhp.jpg</thumbnail>
    <fanart>https://image.tmdb.org/t/p/w1280//wwa9H6sHTOnkHD3Q7K3Dxi6PEJ.jpg</fanart>
</item>
<item>
    <title>Deliverance</title>
    <meta>
        <imdb>tt0068473</imdb>
        <content>movie</content>
        <title>Deliverance</title>
        <year>1972</year>
    </meta>
    <link>
        <sublink>search</sublink>
        <sublink>searchsd</sublink>
    </link>
    <thumbnail>https://image.tmdb.org/t/p/w1280//jJhO7qkasC3xBAS6fhLPWpUjGZb.jpg</thumbnail>
    <fanart>https://image.tmdb.org/t/p/w1280//1iE3vVXx3Q7sFlJbNvNYsGHZEvO.jpg</fanart>
</item>
<item>
    <title>Cemetery Man</title>
    <meta>
        <imdb>tt0109592</imdb>
        <content>movie</content>
        <title>Cemetery Man</title>
        <year>1994</year>
    </meta>
    <link>
        <sublink>search</sublink>
        <sublink>searchsd</sublink>
    </link>
    <thumbnail>https://image.tmdb.org/t/p/w1280//v9yBEb4NU5P3LWm4kcJfq4qjUKg.jpg</thumbnail>
    <fanart>https://image.tmdb.org/t/p/w1280//aTSae0YsHW9L9vjBJGFA84P6hi9.jpg</fanart>
</item>
<item>
    <title>The Descent</title>
    <meta>
        <imdb>tt0435625</imdb>
        <content>movie</content>
        <title>The Descent</title>
        <year>2005</year>
    </meta>
    <link>
        <sublink>search</sublink>
        <sublink>searchsd</sublink>
    </link>
    <thumbnail>https://image.tmdb.org/t/p/w1280//ldzNyitGjBLjjOzLTaQyYDMVDF1.jpg</thumbnail>
    <fanart>https://image.tmdb.org/t/p/w1280//yiJonnQUW5luTsQy2KuUuOZqtjM.jpg</fanart>
</item>
<item>
    <title>The Devil's Rejects</title>
    <meta>
        <imdb>tt0395584</imdb>
        <content>movie</content>
        <title>The Devil's Rejects</title>
        <year>2005</year>
    </meta>
    <link>
        <sublink>search</sublink>
        <sublink>searchsd</sublink>
    </link>
    <thumbnail>https://image.tmdb.org/t/p/w1280//jSWt4aJizmXmPXV3SBQGTWhwuCB.jpg</thumbnail>
    <fanart>https://image.tmdb.org/t/p/w1280//fmo48Lt8XtMWeHeXJzi5SbPCJud.jpg</fanart>
</item>
<item>
    <title>Dog Soldiers</title>
    <meta>
        <imdb>tt0280609</imdb>
        <content>movie</content>
        <title>Dog Soldiers</title>
        <year>2002</year>
    </meta>
    <link>
        <sublink>search</sublink>
        <sublink>searchsd</sublink>
    </link>
    <thumbnail>https://image.tmdb.org/t/p/w1280//kJLGyrjnphk6DnaJhYVFFoWJcCy.jpg</thumbnail>
    <fanart>https://image.tmdb.org/t/p/w1280//uFKY4nrelMlin1PT8RlglBCmEar.jpg</fanart>
</item>
<item>
    <title>Dolls</title>
    <meta>
        <imdb>tt0092906</imdb>
        <content>movie</content>
        <title>Dolls</title>
        <year>1987</year>
    </meta>
    <link>
        <sublink>search</sublink>
        <sublink>searchsd</sublink>
    </link>
    <thumbnail>https://image.tmdb.org/t/p/w1280//mETHaHZhgJUmWrITFu5guuxJTri.jpg</thumbnail>
    <fanart>https://image.tmdb.org/t/p/w1280//cdx5jz8mGsMdHl4PKJ0TVaBDOk4.jpg</fanart>
</item>
<item>
    <title>Don't Look Now</title>
    <meta>
        <imdb>tt0069995</imdb>
        <content>movie</content>
        <title>Don't Look Now</title>
        <year>1973</year>
    </meta>
    <link>
        <sublink>search</sublink>
        <sublink>searchsd</sublink>
    </link>
    <thumbnail>https://image.tmdb.org/t/p/w1280//xXEPpFJJeBHcVuQGAbSjKJTWonh.jpg</thumbnail>
    <fanart>https://image.tmdb.org/t/p/w1280//F9wO6f1Qoic4vgSpKNE3vVTutI.jpg</fanart>
</item>
<item>
    <title>Down</title>
    <meta>
        <imdb>tt0247303</imdb>
        <content>movie</content>
        <title>Down</title>
        <year>2001</year>
    </meta>
    <link>
        <sublink>search</sublink>
        <sublink>searchsd</sublink>
    </link>
    <thumbnail>https://image.tmdb.org/t/p/w1280//o25WdQiVIj5uMzeCBR20rq9wqBB.jpg</thumbnail>
    <fanart>https://image.tmdb.org/t/p/w1280//jc9VgikexdTETi157AWmFBN6ed3.jpg</fanart>
</item>
<item>
    <title>Dracula</title>
    <meta>
        <imdb>tt0103874</imdb>
        <content>movie</content>
        <title>Dracula</title>
        <year>1992</year>
    </meta>
    <link>
        <sublink>search</sublink>
        <sublink>searchsd</sublink>
    </link>
    <thumbnail>https://image.tmdb.org/t/p/w1280//ioHxm3D3JdSXR61LRhcVb8KdZOz.jpg</thumbnail>
    <fanart>https://image.tmdb.org/t/p/w1280//x4RwLFKvVm5X6zkrKRLBUkDIwuq.jpg</fanart>
</item>
<item>
    <title>Dracula 2000</title>
    <meta>
        <imdb>tt0219653</imdb>
        <content>movie</content>
        <title>Dracula 2000</title>
        <year>2000</year>
    </meta>
    <link>
        <sublink>search</sublink>
        <sublink>searchsd</sublink>
    </link>
    <thumbnail>https://image.tmdb.org/t/p/w1280//6YF56U91zP1mQvle83KA1A7CPop.jpg</thumbnail>
    <fanart>https://image.tmdb.org/t/p/w1280//99Z7mNsixJJTn10tHLCtu6XcY6E.jpg</fanart>
</item>
<item>
    <title>Drag Me to Hell</title>
    <meta>
        <imdb>tt1127180</imdb>
        <content>movie</content>
        <title>Drag Me to Hell</title>
        <year>2009</year>
    </meta>
    <link>
        <sublink>search</sublink>
        <sublink>searchsd</sublink>
    </link>
    <thumbnail>https://image.tmdb.org/t/p/w1280//4trULrbj4AoPLKSiIoQUTm2tPAG.jpg</thumbnail>
    <fanart>https://image.tmdb.org/t/p/w1280//1hPXuj5wMvfeKxLRNIFuWojXSU6.jpg</fanart>
</item>
<item>
    <title>Dressed to Kill</title>
    <meta>
        <imdb>tt0080661</imdb>
        <content>movie</content>
        <title>Dressed to Kill</title>
        <year>1980</year>
    </meta>
    <link>
        <sublink>search</sublink>
        <sublink>searchsd</sublink>
    </link>
    <thumbnail>https://image.tmdb.org/t/p/w1280//b9RHUexTE6MT5x6iZ2Wmq56H1cJ.jpg</thumbnail>
    <fanart>https://image.tmdb.org/t/p/w1280//kngjkJc8DZbbxxLzC9D139l4Z63.jpg</fanart>
</item>
<item>
    <title>Eden Lake</title>
    <meta>
        <imdb>tt1020530</imdb>
        <content>movie</content>
        <title>Eden Lake</title>
        <year>2008</year>
    </meta>
    <link>
        <sublink>search</sublink>
        <sublink>searchsd</sublink>
    </link>
    <thumbnail>https://image.tmdb.org/t/p/w1280//lvNbbYrN5tNuCjyHP7uKgZD5ZFL.jpg</thumbnail>
    <fanart>https://image.tmdb.org/t/p/w1280//iPocIUHB4gW3dfV6ve4KLvgWOHw.jpg</fanart>
</item>
<item>
    <title>The Devil's Backbone</title>
    <meta>
        <imdb>tt0256009</imdb>
        <content>movie</content>
        <title>The Devil's Backbone</title>
        <year>2001</year>
    </meta>
    <link>
        <sublink>search</sublink>
        <sublink>searchsd</sublink>
    </link>
    <thumbnail>https://image.tmdb.org/t/p/w1280//e9UizPFgoCnRCPtR0tyg2JNXY6A.jpg</thumbnail>
    <fanart>https://image.tmdb.org/t/p/w1280//vEK1JcaRbwK3jiVGZy78EMj11dI.jpg</fanart>
</item>
<item>
    <title>The Orphanage</title>
    <meta>
        <imdb>tt0464141</imdb>
        <content>movie</content>
        <title>The Orphanage</title>
        <year>2007</year>
    </meta>
    <link>
        <sublink>search</sublink>
        <sublink>searchsd</sublink>
    </link>
    <thumbnail>https://image.tmdb.org/t/p/w1280//3DMsF5gbTfEZoDp6fQH0QATOc7l.jpg</thumbnail>
    <fanart>https://image.tmdb.org/t/p/w1280//ecBXVg8bxCcs8QpHwnEkyyPa8AM.jpg</fanart>
</item>
<item>
    <title>Eraserhead</title>
    <meta>
        <imdb>tt0074486</imdb>
        <content>movie</content>
        <title>Eraserhead</title>
        <year>1977</year>
    </meta>
    <link>
        <sublink>search</sublink>
        <sublink>searchsd</sublink>
    </link>
    <thumbnail>https://image.tmdb.org/t/p/w1280//l8oAmU5swopsyWzTHpZtAK15Mrc.jpg</thumbnail>
    <fanart>https://image.tmdb.org/t/p/w1280//iCvB5O1edEV4y1WtNFloUkFzwrq.jpg</fanart>
</item>
<item>
    <title>Event Horizon</title>
    <meta>
        <imdb>tt0119081</imdb>
        <content>movie</content>
        <title>Event Horizon</title>
        <year>1997</year>
    </meta>
    <link>
        <sublink>search</sublink>
        <sublink>searchsd</sublink>
    </link>
    <thumbnail>https://image.tmdb.org/t/p/w1280//vo02iJLsem3VCJ2TNvSzRiJMpAE.jpg</thumbnail>
    <fanart>https://image.tmdb.org/t/p/w1280//u2hltGUbjJLD9DnmpTNp0Ywly2I.jpg</fanart>
</item>
<item>
    <title>The Evil Dead</title>
    <meta>
        <imdb>tt0083907</imdb>
        <content>movie</content>
        <title>The Evil Dead</title>
        <year>1981</year>
    </meta>
    <link>
        <sublink>search</sublink>
        <sublink>searchsd</sublink>
    </link>
    <thumbnail>https://image.tmdb.org/t/p/w1280//fA7uqS8ZBzCVPKgB7rFaR0wTFpy.jpg</thumbnail>
    <fanart>https://image.tmdb.org/t/p/w1280//3a1IOTatyhQi5eP9vZvBU5NQDmM.jpg</fanart>
</item>
<item>
    <title>Evil Dead II</title>
    <meta>
        <imdb>tt0092991</imdb>
        <content>movie</content>
        <title>Evil Dead II</title>
        <year>1987</year>
    </meta>
    <link>
        <sublink>search</sublink>
        <sublink>searchsd</sublink>
    </link>
    <thumbnail>https://image.tmdb.org/t/p/w1280//n49mpgUsPgBfRg2qIEj31HX0chu.jpg</thumbnail>
    <fanart>https://image.tmdb.org/t/p/w1280//9meXjIwJZk9aMMoMZk3AMzt8o44.jpg</fanart>
</item>
<item>
    <title>The Exorcist</title>
    <meta>
        <imdb>tt0070047</imdb>
        <content>movie</content>
        <title>The Exorcist</title>
        <year>1973</year>
    </meta>
    <link>
        <sublink>search</sublink>
        <sublink>searchsd</sublink>
    </link>
    <thumbnail>https://image.tmdb.org/t/p/w1280//mBLSuXTAJExUFdqYFgZro7Y9ZDG.jpg</thumbnail>
    <fanart>https://image.tmdb.org/t/p/w1280//unBJ0rZsL2kzs11FliadlDyv6ji.jpg</fanart>
</item>
<item>
    <title>The Exorcist III</title>
    <meta>
        <imdb>tt0099528</imdb>
        <content>movie</content>
        <title>The Exorcist III</title>
        <year>1990</year>
    </meta>
    <link>
        <sublink>search</sublink>
        <sublink>searchsd</sublink>
    </link>
    <thumbnail>https://image.tmdb.org/t/p/w1280//xU1mJq4AihDXAhEmdOmCgPCy1li.jpg</thumbnail>
    <fanart>https://image.tmdb.org/t/p/w1280//be0nR66qvr539GN2n8wVz78SqaC.jpg</fanart>
</item>
<item>
    <title>The Fall of the House of Usher</title>
    <meta>
        <imdb>tt0018873</imdb>
        <content>movie</content>
        <title>The Fall of the House of Usher</title>
        <year>1928</year>
    </meta>
    <link>
        <sublink>search</sublink>
        <sublink>searchsd</sublink>
    </link>
    <thumbnail>https://image.tmdb.org/t/p/w1280//nREKAoxAaVCWwn1HJdT7GKumtAC.jpg</thumbnail>
    <fanart>https://image.tmdb.org/t/p/w1280//z1HUhjdYHwQ58fh4d5sjCt1rcrn.jpg</fanart>
</item>
<item>
    <title>Final Destination</title>
    <meta>
        <imdb>tt0195714</imdb>
        <content>movie</content>
        <title>Final Destination</title>
        <year>2000</year>
    </meta>
    <link>
        <sublink>search</sublink>
        <sublink>searchsd</sublink>
    </link>
    <thumbnail>https://image.tmdb.org/t/p/w1280//nW6JfCIWqUpIESlras0nrVy4pCl.jpg</thumbnail>
    <fanart>https://image.tmdb.org/t/p/w1280//pkqsU4ufXilO4ajJSdButxj8xCJ.jpg</fanart>
</item>
<item>
    <title>The Fly</title>
    <meta>
        <imdb>tt0091064</imdb>
        <content>movie</content>
        <title>The Fly</title>
        <year>1986</year>
    </meta>
    <link>
        <sublink>search</sublink>
        <sublink>searchsd</sublink>
    </link>
    <thumbnail>https://image.tmdb.org/t/p/w1280//q49tjSe3O152t9QVwaradePGu7W.jpg</thumbnail>
    <fanart>https://image.tmdb.org/t/p/w1280//fAbDSD1wMTLbM5ANAUBFKeCJkxO.jpg</fanart>
</item>
<item>
    <title>The Fog</title>
    <meta>
        <imdb>tt0080749</imdb>
        <content>movie</content>
        <title>The Fog</title>
        <year>1980</year>
    </meta>
    <link>
        <sublink>search</sublink>
        <sublink>searchsd</sublink>
    </link>
    <thumbnail>https://image.tmdb.org/t/p/w1280//u9wAIHya0BHJvGJh3mBPr010U7C.jpg</thumbnail>
    <fanart>https://image.tmdb.org/t/p/w1280//1GK25Nz0pMpgBPuPpSOkqpe6RkV.jpg</fanart>
</item>
<item>
    <title>Frankenstein</title>
    <meta>
        <imdb>tt0021884</imdb>
        <content>movie</content>
        <title>Frankenstein</title>
        <year>1931</year>
    </meta>
    <link>
        <sublink>search</sublink>
        <sublink>searchsd</sublink>
    </link>
    <thumbnail>https://image.tmdb.org/t/p/w1280//wB58wlBAr6484Wm6VyFDqSD8VOJ.jpg</thumbnail>
    <fanart>https://image.tmdb.org/t/p/w1280//nwmG8pQQ1xFAPZruYNnrnld2KMC.jpg</fanart>
</item>
<item>
    <title>Freaks</title>
    <meta>
        <imdb>tt0022913</imdb>
        <content>movie</content>
        <title>Freaks</title>
        <year>1932</year>
    </meta>
    <link>
        <sublink>search</sublink>
        <sublink>searchsd</sublink>
    </link>
    <thumbnail>https://image.tmdb.org/t/p/w1280//9hmmE4K6tOEXB1KeTajIC0pNta6.jpg</thumbnail>
    <fanart>https://image.tmdb.org/t/p/w1280//vYmJOrvjHl9trvRsmrmpYoQUCse.jpg</fanart>
</item>
<item>
    <title>From Dusk Till Dawn</title>
    <meta>
        <imdb>tt0116367</imdb>
        <content>movie</content>
        <title>From Dusk Till Dawn</title>
        <year>1996</year>
    </meta>
    <link>
        <sublink>search</sublink>
        <sublink>searchsd</sublink>
    </link>
    <thumbnail>https://image.tmdb.org/t/p/w1280//ce0d4kM5KxT4x1Oq8JkSuNYevri.jpg</thumbnail>
    <fanart>https://image.tmdb.org/t/p/w1280//3kPTAFgx2BftDOexBe41k8kqSRD.jpg</fanart>
</item>
<item>
    <title>From a Whisper to a Scream</title>
    <meta>
        <imdb>tt0091671</imdb>
        <content>movie</content>
        <title>From a Whisper to a Scream</title>
        <year>1987</year>
    </meta>
    <link>
        <sublink>search</sublink>
        <sublink>searchsd</sublink>
    </link>
    <thumbnail>https://image.tmdb.org/t/p/w1280//gIjs3NqwLDG0YALRgCAHpsfS1dE.jpg</thumbnail>
    <fanart>https://image.tmdb.org/t/p/w1280//bCFRWBuv1jo9CphplaAwxQXWjt4.jpg</fanart>
</item>
<item>
    <title>Funny Games</title>
    <meta>
        <imdb>tt0119167</imdb>
        <content>movie</content>
        <title>Funny Games</title>
        <year>1997</year>
    </meta>
    <link>
        <sublink>search</sublink>
        <sublink>searchsd</sublink>
    </link>
    <thumbnail>https://image.tmdb.org/t/p/w1280//mISZcSru00OqBr9nTfdUrHLSmfE.jpg</thumbnail>
    <fanart>https://image.tmdb.org/t/p/w1280//rTEvTSaFk7OYTdmssot0b2g56wx.jpg</fanart>
</item>
<item>
    <title>Ginger Snaps</title>
    <meta>
        <imdb>tt0210070</imdb>
        <content>movie</content>
        <title>Ginger Snaps</title>
        <year>2000</year>
    </meta>
    <link>
        <sublink>search</sublink>
        <sublink>searchsd</sublink>
    </link>
    <thumbnail>https://image.tmdb.org/t/p/w1280//ChTLC17F4nIjA7jP4F6QX9A8FJ.jpg</thumbnail>
    <fanart>https://image.tmdb.org/t/p/w1280//giwO1GLcNoNNeRwaC7ydAvJWbWr.jpg</fanart>
</item>
<item>
    <title>God Told Me To</title>
    <meta>
        <imdb>tt0075930</imdb>
        <content>movie</content>
        <title>God Told Me To</title>
        <year>1976</year>
    </meta>
    <link>
        <sublink>search</sublink>
        <sublink>searchsd</sublink>
    </link>
    <thumbnail>https://image.tmdb.org/t/p/w1280//xptk4Pa5CdfofDlskITmKup9CN7.jpg</thumbnail>
    <fanart>https://image.tmdb.org/t/p/w1280//wK0VBeczU8ooMbqCnMc8NnUgCQ6.jpg</fanart>
</item>
<item>
    <title>The Gravedancers</title>
    <meta>
        <imdb>tt0435653</imdb>
        <content>movie</content>
        <title>The Gravedancers</title>
        <year>2005</year>
    </meta>
    <link>
        <sublink>search</sublink>
        <sublink>searchsd</sublink>
    </link>
    <thumbnail>https://image.tmdb.org/t/p/w1280//pskc0R8ZrdX5WV1m0TfHw7EaE5v.jpg</thumbnail>
    <fanart>https://image.tmdb.org/t/p/w1280//hl3NxQ7AU8w9TcrIJfQnFPYHjHw.jpg</fanart>
</item>
<item>
    <title>Grindhouse</title>
    <meta>
        <imdb>tt0462322</imdb>
        <content>movie</content>
        <title>Grindhouse</title>
        <year>2007</year>
    </meta>
    <link>
        <sublink>search</sublink>
        <sublink>searchsd</sublink>
    </link>
    <thumbnail>https://image.tmdb.org/t/p/w1280//oATTOsfalnnFObVNUWiP9MieLIm.jpg</thumbnail>
    <fanart>https://image.tmdb.org/t/p/w1280//iLcCUlDOCAINgxVFNV69ykVeknV.jpg</fanart>
</item>
<item>
    <title>Halloween</title>
    <meta>
        <imdb>tt0077651</imdb>
        <content>movie</content>
        <title>Halloween</title>
        <year>1978</year>
    </meta>
    <link>
        <sublink>search</sublink>
        <sublink>searchsd</sublink>
    </link>
    <thumbnail>https://image.tmdb.org/t/p/w1280//vjoOFOTBJcJvA1weJejlZ92LZD4.jpg</thumbnail>
    <fanart>https://image.tmdb.org/t/p/w1280//6Io0gvfEVpMQsB46yXOKCpSJOoJ.jpg</fanart>
</item>
<item>
    <title>Halloween 4: The Return of Michael Myers</title>
    <meta>
        <imdb>tt0095271</imdb>
        <content>movie</content>
        <title>Halloween 4: The Return of Michael Myers</title>
        <year>1988</year>
    </meta>
    <link>
        <sublink>search</sublink>
        <sublink>searchsd</sublink>
    </link>
    <thumbnail>https://image.tmdb.org/t/p/w1280//oudmrV1WljSJMpgwq6K4VzbIMMK.jpg</thumbnail>
    <fanart>https://image.tmdb.org/t/p/w1280//m0I2GjHod2wiTXmZUvTdCx5mBqH.jpg</fanart>
</item>
<item>
    <title>Halloween II</title>
    <meta>
        <imdb>tt1311067</imdb>
        <content>movie</content>
        <title>Halloween II</title>
        <year>2009</year>
    </meta>
    <link>
        <sublink>search</sublink>
        <sublink>searchsd</sublink>
    </link>
    <thumbnail>https://image.tmdb.org/t/p/w1280//h1dZl05QjHfoTWrItqn0KVtTHru.jpg</thumbnail>
    <fanart>https://image.tmdb.org/t/p/w1280//1ucA7DaevpJWIsb291hYNXyy73M.jpg</fanart>
</item>
<item>
    <title>High Tension</title>
    <meta>
        <imdb>tt0338095</imdb>
        <content>movie</content>
        <title>High Tension</title>
        <year>2003</year>
    </meta>
    <link>
        <sublink>search</sublink>
        <sublink>searchsd</sublink>
    </link>
    <thumbnail>https://image.tmdb.org/t/p/w1280//oyyhw5Ph9p5M4pargwN2aE9OLCO.jpg</thumbnail>
    <fanart>https://image.tmdb.org/t/p/w1280//kmjHWTujBgdUXsS1hFB0lPwfccU.jpg</fanart>
</item>
<item>
    <title>Hellbound: Hellraiser II</title>
    <meta>
        <imdb>tt0095294</imdb>
        <content>movie</content>
        <title>Hellbound: Hellraiser II</title>
        <year>1988</year>
    </meta>
    <link>
        <sublink>search</sublink>
        <sublink>searchsd</sublink>
    </link>
    <thumbnail>https://image.tmdb.org/t/p/w1280//ryuo4unQkzcEKhfAfzhbQo8oxVm.jpg</thumbnail>
    <fanart>https://image.tmdb.org/t/p/w1280//s3YnyO4lwQ5tgdWw664zdKsKkpk.jpg</fanart>
</item>
<item>
    <title>Hellraiser</title>
    <meta>
        <imdb>tt0093177</imdb>
        <content>movie</content>
        <title>Hellraiser</title>
        <year>1987</year>
    </meta>
    <link>
        <sublink>search</sublink>
        <sublink>searchsd</sublink>
    </link>
    <thumbnail>https://image.tmdb.org/t/p/w1280//4nfAhOTlfZUHNorHJXEib7GYFpp.jpg</thumbnail>
    <fanart>https://image.tmdb.org/t/p/w1280//jd7pIx2XnO8wRdPT5ncAjhFxNwL.jpg</fanart>
</item>
<item>
    <title>Henry: Portrait of a Serial Killer</title>
    <meta>
        <imdb>tt0099763</imdb>
        <content>movie</content>
        <title>Henry: Portrait of a Serial Killer</title>
        <year>1986</year>
    </meta>
    <link>
        <sublink>search</sublink>
        <sublink>searchsd</sublink>
    </link>
    <thumbnail>https://image.tmdb.org/t/p/w1280//jE9bDB7v7lMED5PWpPMsmc3SzlI.jpg</thumbnail>
    <fanart>https://image.tmdb.org/t/p/w1280//9ZYJvlx2nzoi2Q4O11wuDHvTZQe.jpg</fanart>
</item>
<item>
    <title>The Hills Have Eyes</title>
    <meta>
        <imdb>tt0454841</imdb>
        <content>movie</content>
        <title>The Hills Have Eyes</title>
        <year>2006</year>
    </meta>
    <link>
        <sublink>search</sublink>
        <sublink>searchsd</sublink>
    </link>
    <thumbnail>https://image.tmdb.org/t/p/w1280//hNuqY8h1oBGTnEQK75AH4IwuiPG.jpg</thumbnail>
    <fanart>https://image.tmdb.org/t/p/w1280//53vdUXxtUogIupD3oln7ywZ2d02.jpg</fanart>
</item>
<item>
    <title>The Hitcher</title>
    <meta>
        <imdb>tt0091209</imdb>
        <content>movie</content>
        <title>The Hitcher</title>
        <year>1986</year>
    </meta>
    <link>
        <sublink>search</sublink>
        <sublink>searchsd</sublink>
    </link>
    <thumbnail>https://image.tmdb.org/t/p/w1280//pdPKlwAOX66Zqktp1amFooovAjT.jpg</thumbnail>
    <fanart>https://image.tmdb.org/t/p/w1280//pDerEEqnPo1YZEhen0PwJ9tqcHb.jpg</fanart>
</item>
<item>
    <title>House on Haunted Hill</title>
    <meta>
        <imdb>tt0185371</imdb>
        <content>movie</content>
        <title>House on Haunted Hill</title>
        <year>1999</year>
    </meta>
    <link>
        <sublink>search</sublink>
        <sublink>searchsd</sublink>
    </link>
    <thumbnail>https://image.tmdb.org/t/p/w1280//yedchBbI23FgDjWP1tvahOZgiks.jpg</thumbnail>
    <fanart>https://image.tmdb.org/t/p/w1280//zCg0zdIKKfBGiEA1xsQYaO7KS7S.jpg</fanart>
</item>
<item>
    <title>The Howling</title>
    <meta>
        <imdb>tt0082533</imdb>
        <content>movie</content>
        <title>The Howling</title>
        <year>1981</year>
    </meta>
    <link>
        <sublink>search</sublink>
        <sublink>searchsd</sublink>
    </link>
    <thumbnail>https://image.tmdb.org/t/p/w1280//zXiQCqtw5lZwrLDqRPbAJhT80Ri.jpg</thumbnail>
    <fanart>https://image.tmdb.org/t/p/w1280//jkYLLMhDhnJIp5Sp1ujdWh44wOz.jpg</fanart>
</item>
<item>
    <title>I Walked with a Zombie</title>
    <meta>
        <imdb>tt0036027</imdb>
        <content>movie</content>
        <title>I Walked with a Zombie</title>
        <year>1943</year>
    </meta>
    <link>
        <sublink>search</sublink>
        <sublink>searchsd</sublink>
    </link>
    <thumbnail>https://image.tmdb.org/t/p/w1280//uoyBR8XNxPQRojujtczfG1qJezY.jpg</thumbnail>
    <fanart>https://image.tmdb.org/t/p/w1280//gNLoch27EP2w1ezFQQCcqQnZivq.jpg</fanart>
</item>
<item>
    <title>Identity</title>
    <meta>
        <imdb>tt0309698</imdb>
        <content>movie</content>
        <title>Identity</title>
        <year>2003</year>
    </meta>
    <link>
        <sublink>search</sublink>
        <sublink>searchsd</sublink>
    </link>
    <thumbnail>https://image.tmdb.org/t/p/w1280//xSNSp2wmCUwFavxdkMF417hBc39.jpg</thumbnail>
    <fanart>https://image.tmdb.org/t/p/w1280//arcpWGGnUkGkakOwZo7xfPsaz7h.jpg</fanart>
</item>
<item>
    <title>Them</title>
    <meta>
        <imdb>tt0465203</imdb>
        <content>movie</content>
        <title>Them</title>
        <year>2006</year>
    </meta>
    <link>
        <sublink>search</sublink>
        <sublink>searchsd</sublink>
    </link>
    <thumbnail>https://image.tmdb.org/t/p/w1280//A8NOBA3Zhb8RdEi1dBfX6pONs8n.jpg</thumbnail>
    <fanart>https://image.tmdb.org/t/p/w1280//9jtGyktD3jQoJPGMcA4zIiqZNWk.jpg</fanart>
</item>
<item>
    <title>In the Mouth of Madness</title>
    <meta>
        <imdb>tt0113409</imdb>
        <content>movie</content>
        <title>In the Mouth of Madness</title>
        <year>1994</year>
    </meta>
    <link>
        <sublink>search</sublink>
        <sublink>searchsd</sublink>
    </link>
    <thumbnail>https://image.tmdb.org/t/p/w1280//xgrCUFFimv5gom3X01KpLIPVt1E.jpg</thumbnail>
    <fanart>https://image.tmdb.org/t/p/w1280//sSaSuZ9A9MAKyEs3jdyFwEHgzvO.jpg</fanart>
</item>
<item>
    <title>Inland Empire</title>
    <meta>
        <imdb>tt0460829</imdb>
        <content>movie</content>
        <title>Inland Empire</title>
        <year>2006</year>
    </meta>
    <link>
        <sublink>search</sublink>
        <sublink>searchsd</sublink>
    </link>
    <thumbnail>https://image.tmdb.org/t/p/w1280//xQKF94NvqsHCuGUjgvJ5Etgnryu.jpg</thumbnail>
    <fanart>https://image.tmdb.org/t/p/w1280//85uNq0R2uGEW90SDnWnCH8bfqs7.jpg</fanart>
</item>
<item>
    <title>The Innocents</title>
    <meta>
        <imdb>tt0055018</imdb>
        <content>movie</content>
        <title>The Innocents</title>
        <year>1961</year>
    </meta>
    <link>
        <sublink>search</sublink>
        <sublink>searchsd</sublink>
    </link>
    <thumbnail>https://image.tmdb.org/t/p/w1280//qdSlJ3lZITHDva5EI4lQHidZbf5.jpg</thumbnail>
    <fanart>https://image.tmdb.org/t/p/w1280//bgJuEW5Mb8SeeNobBkQa6u5kA7D.jpg</fanart>
</item>
<item>
    <title>Insidious</title>
    <meta>
        <imdb>tt1591095</imdb>
        <content>movie</content>
        <title>Insidious</title>
        <year>2010</year>
    </meta>
    <link>
        <sublink>search</sublink>
        <sublink>searchsd</sublink>
    </link>
    <thumbnail>https://image.tmdb.org/t/p/w1280//6Tjg6DWVo2cpqDLxrOQNw1UvIMB.jpg</thumbnail>
    <fanart>https://image.tmdb.org/t/p/w1280//xVNR5eperbCm1DI1JfGhUXd4lqm.jpg</fanart>
</item>
<item>
    <title>Invasion of the Body Snatchers</title>
    <meta>
        <imdb>tt0049366</imdb>
        <content>movie</content>
        <title>Invasion of the Body Snatchers</title>
        <year>1956</year>
    </meta>
    <link>
        <sublink>search</sublink>
        <sublink>searchsd</sublink>
    </link>
    <thumbnail>https://image.tmdb.org/t/p/w1280//4oj0G2Zr6tQKBDOzKaLuefdeBsG.jpg</thumbnail>
    <fanart>https://image.tmdb.org/t/p/w1280//eTxgy8eROB5Ly7ZXKLukQoF6tKl.jpg</fanart>
</item>
<item>
    <title>Irreversible</title>
    <meta>
        <imdb>tt0290673</imdb>
        <content>movie</content>
        <title>Irreversible</title>
        <year>2002</year>
    </meta>
    <link>
        <sublink>search</sublink>
        <sublink>searchsd</sublink>
    </link>
    <thumbnail>https://image.tmdb.org/t/p/w1280//xxgJJmReMLg01aaEIGLUC8JIjmh.jpg</thumbnail>
    <fanart>https://image.tmdb.org/t/p/w1280//tvrxVtkXXpzcYvvuxOWyjslNvy0.jpg</fanart>
</item>
<dir>
    <title>It</title>
    <meta>
        <imdb>tt0099864</imdb>
        <content>tvshow</content>
        <tvshowtitle>It</tvshowtitle>
        <year>1990</year>
    </meta>
    <link>tmdb_tv_show(19614, 1990, It)</link>
    <thumbnail>https://image.tmdb.org/t/p/w1280//o3uwaF1zmarUiGYiIDY0OKZ4gdp.jpg</thumbnail>
    <fanart>https://image.tmdb.org/t/p/w1280//1ot3DeWBHaI3cbfQtqZqOI1VoPI.jpg</fanart>
</dir>
<item>
    <title>Jaws</title>
    <meta>
        <imdb>tt0073195</imdb>
        <content>movie</content>
        <title>Jaws</title>
        <year>1975</year>
    </meta>
    <link>
        <sublink>search</sublink>
        <sublink>searchsd</sublink>
    </link>
    <thumbnail>https://image.tmdb.org/t/p/w1280//l1yltvzILaZcx2jYvc5sEMkM7Eh.jpg</thumbnail>
    <fanart>https://image.tmdb.org/t/p/w1280//slkPgAt1IQgxZXNrazEcOzhAK8f.jpg</fanart>
</item>
<item>
    <title>Jeepers Creepers</title>
    <meta>
        <imdb>tt0263488</imdb>
        <content>movie</content>
        <title>Jeepers Creepers</title>
        <year>2001</year>
    </meta>
    <link>
        <sublink>search</sublink>
        <sublink>searchsd</sublink>
    </link>
    <thumbnail>https://image.tmdb.org/t/p/w1280//gaIiibMDw95MDT0QtpwMCFDSyQO.jpg</thumbnail>
    <fanart>https://image.tmdb.org/t/p/w1280//8GzRMaxi6xShhfyR9XDCCWpj1K6.jpg</fanart>
</item>
<item>
    <title>A Page of Madness</title>
    <meta>
        <imdb>tt0017048</imdb>
        <content>movie</content>
        <title>A Page of Madness</title>
        <year>1926</year>
    </meta>
    <link>
        <sublink>search</sublink>
        <sublink>searchsd</sublink>
    </link>
    <thumbnail>https://image.tmdb.org/t/p/w1280//cvwzdaTOG0LwZJuOcLzquS9ET0Y.jpg</thumbnail>
    <fanart>https://image.tmdb.org/t/p/w1280//AiW4H82UNWfQaZOAPGKu1rcbjBy.jpg</fanart>
</item>
<item>
    <title>Black Sunday</title>
    <meta>
        <imdb>tt0054067</imdb>
        <content>movie</content>
        <title>Black Sunday</title>
        <year>1960</year>
    </meta>
    <link>
        <sublink>search</sublink>
        <sublink>searchsd</sublink>
    </link>
    <thumbnail>https://image.tmdb.org/t/p/w1280//rYsXRKUOdQW8xSy5heWzaO7N4nL.jpg</thumbnail>
    <fanart>https://image.tmdb.org/t/p/w1280//d6ePxz5DR8pw5H3RNhl5ASzYwZ1.jpg</fanart>
</item>
<item>
    <title>Lady in White</title>
    <meta>
        <imdb>tt0095484</imdb>
        <content>movie</content>
        <title>Lady in White</title>
        <year>1988</year>
    </meta>
    <link>
        <sublink>search</sublink>
        <sublink>searchsd</sublink>
    </link>
    <thumbnail>https://image.tmdb.org/t/p/w1280//6x5CSLEP2EmOGvhXAQUmuhYubWB.jpg</thumbnail>
    <fanart>https://image.tmdb.org/t/p/w1280//b3ZIz1OVwUqOBR1qJnc2VDygM9g.jpg</fanart>
</item>
<item>
    <title>The Last House on the Left</title>
    <meta>
        <imdb>tt0068833</imdb>
        <content>movie</content>
        <title>The Last House on the Left</title>
        <year>1972</year>
    </meta>
    <link>
        <sublink>search</sublink>
        <sublink>searchsd</sublink>
    </link>
    <thumbnail>https://image.tmdb.org/t/p/w1280//AnAovjFaZniDKyp3ET4YAGZIDgg.jpg</thumbnail>
    <fanart>https://image.tmdb.org/t/p/w1280//nvUyGrETZJA7WRqgeGfHmVneOfd.jpg</fanart>
</item>
<item>
    <title>The Tenant</title>
    <meta>
        <imdb>tt0074811</imdb>
        <content>movie</content>
        <title>The Tenant</title>
        <year>1976</year>
    </meta>
    <link>
        <sublink>search</sublink>
        <sublink>searchsd</sublink>
    </link>
    <thumbnail>https://image.tmdb.org/t/p/w1280//vIfygAvR5FXISAscAFTHOMAqQeA.jpg</thumbnail>
    <fanart>https://image.tmdb.org/t/p/w1280//lAFd6iJAvsJCotFqFox45vDfv79.jpg</fanart>
</item>
<item>
    <title>Leatherface: The Texas Chainsaw Massacre III</title>
    <meta>
        <imdb>tt0099994</imdb>
        <content>movie</content>
        <title>Leatherface: The Texas Chainsaw Massacre III</title>
        <year>1990</year>
    </meta>
    <link>
        <sublink>search</sublink>
        <sublink>searchsd</sublink>
    </link>
    <thumbnail>https://image.tmdb.org/t/p/w1280//6NmMY1e7P9bkb0I1srDuV6fjIzt.jpg</thumbnail>
    <fanart>https://image.tmdb.org/t/p/w1280//atO6sOpvD68ooQHKWtMyaXKHYxb.jpg</fanart>
</item>
<item>
    <title>The Leopard Man</title>
    <meta>
        <imdb>tt0036104</imdb>
        <content>movie</content>
        <title>The Leopard Man</title>
        <year>1943</year>
    </meta>
    <link>
        <sublink>search</sublink>
        <sublink>searchsd</sublink>
    </link>
    <thumbnail>https://image.tmdb.org/t/p/w1280//AgypGd78CZ5KEe7N3vYRFOxlDR8.jpg</thumbnail>
    <fanart>https://image.tmdb.org/t/p/w1280//1In9rmYYAcTepamU2Tkl40U6hwT.jpg</fanart>
</item>
<item>
    <title>Eyes Without a Face</title>
    <meta>
        <imdb>tt0053459</imdb>
        <content>movie</content>
        <title>Eyes Without a Face</title>
        <year>1960</year>
    </meta>
    <link>
        <sublink>search</sublink>
        <sublink>searchsd</sublink>
    </link>
    <thumbnail>https://image.tmdb.org/t/p/w1280//orqJcha6R8vxIzL2ggCQm0LjRBa.jpg</thumbnail>
    <fanart>https://image.tmdb.org/t/p/w1280//v573lQJaiYmjSYVWChbrLZsOJn5.jpg</fanart>
</item>
<item>
    <title>The Lost Boys</title>
    <meta>
        <imdb>tt0093437</imdb>
        <content>movie</content>
        <title>The Lost Boys</title>
        <year>1987</year>
    </meta>
    <link>
        <sublink>search</sublink>
        <sublink>searchsd</sublink>
    </link>
    <thumbnail>https://image.tmdb.org/t/p/w1280//evo7oiay9qDUzY510VhrB3YzyJs.jpg</thumbnail>
    <fanart>https://image.tmdb.org/t/p/w1280//3wMkHCnwG2PdNeFkfou8vTY2g5b.jpg</fanart>
</item>
<item>
    <title>Let the Right One In</title>
    <meta>
        <imdb>tt1139797</imdb>
        <content>movie</content>
        <title>Let the Right One In</title>
        <year>2008</year>
    </meta>
    <link>
        <sublink>search</sublink>
        <sublink>searchsd</sublink>
    </link>
    <thumbnail>https://image.tmdb.org/t/p/w1280//9FGpMfbpKjN7i2jF2gQpvQvK9VB.jpg</thumbnail>
    <fanart>https://image.tmdb.org/t/p/w1280//wMRVKIIIn5035KIY0J793aHWVOj.jpg</fanart>
</item>
<item>
    <title>M</title>
    <meta>
        <imdb>tt0022100</imdb>
        <content>movie</content>
        <title>M</title>
        <year>1931</year>
    </meta>
    <link>
        <sublink>search</sublink>
        <sublink>searchsd</sublink>
    </link>
    <thumbnail>https://image.tmdb.org/t/p/w1280//AqE126KXLcT3wwmeM3HtlKqyGze.jpg</thumbnail>
    <fanart>https://image.tmdb.org/t/p/w1280//j7hS3yybvvAd9V217IkZSOjkOvY.jpg</fanart>
</item>
<item>
    <title>Maniac</title>
    <meta>
        <imdb>tt0081114</imdb>
        <content>movie</content>
        <title>Maniac</title>
        <year>1980</year>
    </meta>
    <link>
        <sublink>search</sublink>
        <sublink>searchsd</sublink>
    </link>
    <thumbnail>https://image.tmdb.org/t/p/w1280//xkzIt15OIA3YxQB0MygZu4TVhkF.jpg</thumbnail>
    <fanart>https://image.tmdb.org/t/p/w1280//qFMEklZgw9hsXYu67EOL4uXDAq3.jpg</fanart>
</item>
<item>
    <title>Martin</title>
    <meta>
        <imdb>tt0077914</imdb>
        <content>movie</content>
        <title>Martin</title>
        <year>1978</year>
    </meta>
    <link>
        <sublink>search</sublink>
        <sublink>searchsd</sublink>
    </link>
    <thumbnail>https://image.tmdb.org/t/p/w1280//gzLFtS4nJay8b1ziAriUf1LMtdU.jpg</thumbnail>
    <fanart>https://image.tmdb.org/t/p/w1280//3JmCXiTH0ImjVeMmXpx3QdIpMRJ.jpg</fanart>
</item>
<item>
    <title>Martyrs</title>
    <meta>
        <imdb>tt1029234</imdb>
        <content>movie</content>
        <title>Martyrs</title>
        <year>2008</year>
    </meta>
    <link>
        <sublink>search</sublink>
        <sublink>searchsd</sublink>
    </link>
    <thumbnail>https://image.tmdb.org/t/p/w1280//fC2Uld8qZ6waCuo71oTKzJTscaN.jpg</thumbnail>
    <fanart>https://image.tmdb.org/t/p/w1280//6ZGUYAhUvhJ54HrSPliTzoZ8evy.jpg</fanart>
</item>
<item>
    <title>The Masque of the Red Death</title>
    <meta>
        <imdb>tt0058333</imdb>
        <content>movie</content>
        <title>The Masque of the Red Death</title>
        <year>1964</year>
    </meta>
    <link>
        <sublink>search</sublink>
        <sublink>searchsd</sublink>
    </link>
    <thumbnail>https://image.tmdb.org/t/p/w1280//5tbQ8q0aR9GAa8zFeJ2no84MZGQ.jpg</thumbnail>
    <fanart>https://image.tmdb.org/t/p/w1280//vtGWwFaeTTTiJTZr48QNHaExX7Y.jpg</fanart>
</item>
<item>
    <title>May</title>
    <meta>
        <imdb>tt0303361</imdb>
        <content>movie</content>
        <title>May</title>
        <year>2002</year>
    </meta>
    <link>
        <sublink>search</sublink>
        <sublink>searchsd</sublink>
    </link>
    <thumbnail>https://image.tmdb.org/t/p/w1280//kUaoxNyLFhZ8tOKFXu4xQnZJYxa.jpg</thumbnail>
    <fanart>https://image.tmdb.org/t/p/w1280//hXDuVmsqmDZxt2i1CnRfWrjXadN.jpg</fanart>
</item>
<item>
    <title>Misery</title>
    <meta>
        <imdb>tt0100157</imdb>
        <content>movie</content>
        <title>Misery</title>
        <year>1990</year>
    </meta>
    <link>
        <sublink>search</sublink>
        <sublink>searchsd</sublink>
    </link>
    <thumbnail>https://image.tmdb.org/t/p/w1280//s0Ot5zUmVF1jSN9WpBHRafvUPld.jpg</thumbnail>
    <fanart>https://image.tmdb.org/t/p/w1280//43HsIo5PPMIs42tmtNmqiuJVSNR.jpg</fanart>
</item>
<item>
    <title>The Mist</title>
    <meta>
        <imdb>tt0884328</imdb>
        <content>movie</content>
        <title>The Mist</title>
        <year>2007</year>
    </meta>
    <link>
        <sublink>search</sublink>
        <sublink>searchsd</sublink>
    </link>
    <thumbnail>https://image.tmdb.org/t/p/w1280//uYVheUBf8ITaocUP4Og9GXxOMIH.jpg</thumbnail>
    <fanart>https://image.tmdb.org/t/p/w1280//xUYTWv2W3wCakBw4fOpTfFQ5e1I.jpg</fanart>
</item>
<item>
    <title>Mother's Day</title>
    <meta>
        <imdb>tt1434435</imdb>
        <content>movie</content>
        <title>Mother's Day</title>
        <year>2010</year>
    </meta>
    <link>
        <sublink>search</sublink>
        <sublink>searchsd</sublink>
    </link>
    <thumbnail>https://image.tmdb.org/t/p/w1280//tqeVlz9OpZslSxusMg4y6e833LI.jpg</thumbnail>
    <fanart>https://image.tmdb.org/t/p/w1280//5z4jOr1KEDt3Sy7evUvnrcj9ood.jpg</fanart>
</item>
<item>
    <title>Near Dark</title>
    <meta>
        <imdb>tt0093605</imdb>
        <content>movie</content>
        <title>Near Dark</title>
        <year>1987</year>
    </meta>
    <link>
        <sublink>search</sublink>
        <sublink>searchsd</sublink>
    </link>
    <thumbnail>https://image.tmdb.org/t/p/w1280//saRst8v7T8uJTjmd64VOCx1JoQ4.jpg</thumbnail>
    <fanart>https://image.tmdb.org/t/p/w1280//zdERdnOPBWBdkozRhVEaemueQXw.jpg</fanart>
</item>
<item>
    <title>The Night Flier</title>
    <meta>
        <imdb>tt0119784</imdb>
        <content>movie</content>
        <title>The Night Flier</title>
        <year>1997</year>
    </meta>
    <link>
        <sublink>search</sublink>
        <sublink>searchsd</sublink>
    </link>
    <thumbnail>https://image.tmdb.org/t/p/w1280//s50uysCw1US4JpeWwAJ8PhXbAEW.jpg</thumbnail>
    <fanart>https://image.tmdb.org/t/p/w1280//bSMCOd2ySz3cfPy6KZvL7UovdBO.jpg</fanart>
</item>
<item>
    <title>The Night of the Hunter</title>
    <meta>
        <imdb>tt0048424</imdb>
        <content>movie</content>
        <title>The Night of the Hunter</title>
        <year>1955</year>
    </meta>
    <link>
        <sublink>search</sublink>
        <sublink>searchsd</sublink>
    </link>
    <thumbnail>https://image.tmdb.org/t/p/w1280//brECyRPAWJS1clF0unAC3MtERMA.jpg</thumbnail>
    <fanart>https://image.tmdb.org/t/p/w1280//2bBGFSrnTg1AFhjHoczbfPnb9D4.jpg</fanart>
</item>
<item>
    <title>Night of the Living Dead</title>
    <meta>
        <imdb>tt0063350</imdb>
        <content>movie</content>
        <title>Night of the Living Dead</title>
        <year>1968</year>
    </meta>
    <link>
        <sublink>search</sublink>
        <sublink>searchsd</sublink>
    </link>
    <thumbnail>https://image.tmdb.org/t/p/w1280//faPfcZ181gWmCoMbal7bAXFPFh9.jpg</thumbnail>
    <fanart>https://image.tmdb.org/t/p/w1280//jixekHe0lX093eZHUe5wqKM8SOR.jpg</fanart>
</item>
<item>
    <title>Nightbreed</title>
    <meta>
        <imdb>tt0100260</imdb>
        <content>movie</content>
        <title>Nightbreed</title>
        <year>1990</year>
    </meta>
    <link>
        <sublink>search</sublink>
        <sublink>searchsd</sublink>
    </link>
    <thumbnail>https://image.tmdb.org/t/p/w1280//d9T7jZmyXr5htsDtqipveqmKbAa.jpg</thumbnail>
    <fanart>https://image.tmdb.org/t/p/w1280//ziIeKtCZpjNXoEmgHpdDKY1Zy7C.jpg</fanart>
</item>
<item>
    <title>Nosferatu</title>
    <meta>
        <imdb>tt0013442</imdb>
        <content>movie</content>
        <title>Nosferatu</title>
        <year>1922</year>
    </meta>
    <link>
        <sublink>search</sublink>
        <sublink>searchsd</sublink>
    </link>
    <thumbnail>https://image.tmdb.org/t/p/w1280//12sAvvSRW7VQyXxYRsTJKB7Gtts.jpg</thumbnail>
    <fanart>https://image.tmdb.org/t/p/w1280//awK6eXK5vH47qyuDiXLkF5MEwrn.jpg</fanart>
</item>
<item>
    <title>Nosferatu the Vampyre</title>
    <meta>
        <imdb>tt0079641</imdb>
        <content>movie</content>
        <title>Nosferatu the Vampyre</title>
        <year>1979</year>
    </meta>
    <link>
        <sublink>search</sublink>
        <sublink>searchsd</sublink>
    </link>
    <thumbnail>https://image.tmdb.org/t/p/w1280//fKFkl1G6XldPz4jD82DpFdYduI6.jpg</thumbnail>
    <fanart>https://image.tmdb.org/t/p/w1280//hqSThhiEMal7eSWEoWgeVyvSLAW.jpg</fanart>
</item>
<item>
    <title>The Omen</title>
    <meta>
        <imdb>tt0075005</imdb>
        <content>movie</content>
        <title>The Omen</title>
        <year>1976</year>
    </meta>
    <link>
        <sublink>search</sublink>
        <sublink>searchsd</sublink>
    </link>
    <thumbnail>https://image.tmdb.org/t/p/w1280//uY14zS4Sm2DdvFXeczFKgLgkQUP.jpg</thumbnail>
    <fanart>https://image.tmdb.org/t/p/w1280//zme4RH7DVdRSGrTk7bNvcGGywAW.jpg</fanart>
</item>
<item>
    <title>One Dark Night</title>
    <meta>
        <imdb>tt0086050</imdb>
        <content>movie</content>
        <title>One Dark Night</title>
        <year>1983</year>
    </meta>
    <link>
        <sublink>search</sublink>
        <sublink>searchsd</sublink>
    </link>
    <thumbnail>https://image.tmdb.org/t/p/w1280//AjQ8OJkLdtEAZOFHNKxEbwO92ot.jpg</thumbnail>
    <fanart>https://image.tmdb.org/t/p/w1280//oA3Xcg3jnVKlqRIaXR18UlPvrah.jpg</fanart>
</item>
<item>
    <title>Opera</title>
    <meta>
        <imdb>tt0093677</imdb>
        <content>movie</content>
        <title>Opera</title>
        <year>1987</year>
    </meta>
    <link>
        <sublink>search</sublink>
        <sublink>searchsd</sublink>
    </link>
    <thumbnail>https://image.tmdb.org/t/p/w1280//jpAtjToZF7564rxyoPjxtk4ckjJ.jpg</thumbnail>
    <fanart>https://image.tmdb.org/t/p/w1280//xWrQW9R3PwrPOEAhFl8f8cEFY05.jpg</fanart>
</item>
<item>
    <title>Kill Baby, Kill</title>
    <meta>
        <imdb>tt0060794</imdb>
        <content>movie</content>
        <title>Kill Baby, Kill</title>
        <year>1966</year>
    </meta>
    <link>
        <sublink>search</sublink>
        <sublink>searchsd</sublink>
    </link>
    <thumbnail>https://image.tmdb.org/t/p/w1280//fyGzcMVf8iospgEtBoZkvO9j9Vr.jpg</thumbnail>
    <fanart>https://image.tmdb.org/t/p/w1280//8CD85FGgFYaZZ5EuyJnEoLMfoKw.jpg</fanart>
</item>
<item>
    <title>The Others</title>
    <meta>
        <imdb>tt0230600</imdb>
        <content>movie</content>
        <title>The Others</title>
        <year>2001</year>
    </meta>
    <link>
        <sublink>search</sublink>
        <sublink>searchsd</sublink>
    </link>
    <thumbnail>https://image.tmdb.org/t/p/w1280//k9GpVK2dyMMzjciQiMdoaL1WUlS.jpg</thumbnail>
    <fanart>https://image.tmdb.org/t/p/w1280//sLZULNJbQ4ZlomXzFIKKzqr4dte.jpg</fanart>
</item>
<item>
    <title>Peeping Tom</title>
    <meta>
        <imdb>tt0054167</imdb>
        <content>movie</content>
        <title>Peeping Tom</title>
        <year>1960</year>
    </meta>
    <link>
        <sublink>search</sublink>
        <sublink>searchsd</sublink>
    </link>
    <thumbnail>https://image.tmdb.org/t/p/w1280//tJyGgOLDLDhJkUEI4wSoD4eO7n4.jpg</thumbnail>
    <fanart>https://image.tmdb.org/t/p/w1280//3xvmvjKibxboJXL3wWnGyz7ltRZ.jpg</fanart>
</item>
<item>
    <title>Pet Sematary</title>
    <meta>
        <imdb>tt0098084</imdb>
        <content>movie</content>
        <title>Pet Sematary</title>
        <year>1989</year>
    </meta>
    <link>
        <sublink>search</sublink>
        <sublink>searchsd</sublink>
    </link>
    <thumbnail>https://image.tmdb.org/t/p/w1280//9zUax4pjRgoPIJla9CQejqNJofB.jpg</thumbnail>
    <fanart>https://image.tmdb.org/t/p/w1280//cmzp7nnHQzj5etaTmpKXvowQdOZ.jpg</fanart>
</item>
<item>
    <title>Phantasm II</title>
    <meta>
        <imdb>tt0095863</imdb>
        <content>movie</content>
        <title>Phantasm II</title>
        <year>1988</year>
    </meta>
    <link>
        <sublink>search</sublink>
        <sublink>searchsd</sublink>
    </link>
    <thumbnail>https://image.tmdb.org/t/p/w1280//fv1yEUmt0LgNcOjqcBPPmezEZdo.jpg</thumbnail>
    <fanart>https://image.tmdb.org/t/p/w1280//cd2jHPY1F5CBLl2RR6hXDP8ydOD.jpg</fanart>
</item>
<item>
    <title>Poltergeist</title>
    <meta>
        <imdb>tt0084516</imdb>
        <content>movie</content>
        <title>Poltergeist</title>
        <year>1982</year>
    </meta>
    <link>
        <sublink>search</sublink>
        <sublink>searchsd</sublink>
    </link>
    <thumbnail>https://image.tmdb.org/t/p/w1280//hKs6umpuLSgZhOiZI1pxpO0iVTQ.jpg</thumbnail>
    <fanart>https://image.tmdb.org/t/p/w1280//i998vFSbMKlLL5EfMVY1kvDDUuO.jpg</fanart>
</item>
<item>
    <title>Popcorn</title>
    <meta>
        <imdb>tt0102690</imdb>
        <content>movie</content>
        <title>Popcorn</title>
        <year>1991</year>
    </meta>
    <link>
        <sublink>search</sublink>
        <sublink>searchsd</sublink>
    </link>
    <thumbnail>https://image.tmdb.org/t/p/w1280//roKsXgwgKLGqqrZoRoPuzsOtczw.jpg</thumbnail>
    <fanart>https://image.tmdb.org/t/p/w1280//ijwYkDC9qkGGyjOiB98xO4cOreD.jpg</fanart>
</item>
<item>
    <title>Possession</title>
    <meta>
        <imdb>tt0082933</imdb>
        <content>movie</content>
        <title>Possession</title>
        <year>1981</year>
    </meta>
    <link>
        <sublink>search</sublink>
        <sublink>searchsd</sublink>
    </link>
    <thumbnail>https://image.tmdb.org/t/p/w1280//36dqEcj90gwnYIif9BqfuHXafyZ.jpg</thumbnail>
    <fanart>https://image.tmdb.org/t/p/w1280//8hrk035AWgJPJZXLbOxuIgfBOWg.jpg</fanart>
</item>
<item>
    <title>Deep Red</title>
    <meta>
        <imdb>tt0073582</imdb>
        <content>movie</content>
        <title>Deep Red</title>
        <year>1975</year>
    </meta>
    <link>
        <sublink>search</sublink>
        <sublink>searchsd</sublink>
    </link>
    <thumbnail>https://image.tmdb.org/t/p/w1280//rSHs6nsCw6vJwgz9djlAp4g3NCN.jpg</thumbnail>
    <fanart>https://image.tmdb.org/t/p/w1280//dZVcOjtgktUgThW617jdBOypFXh.jpg</fanart>
</item>
<item>
    <title>Psycho</title>
    <meta>
        <imdb>tt0054215</imdb>
        <content>movie</content>
        <title>Psycho</title>
        <year>1960</year>
    </meta>
    <link>
        <sublink>search</sublink>
        <sublink>searchsd</sublink>
    </link>
    <thumbnail>https://image.tmdb.org/t/p/w1280//81d8oyEFgj7FlxJqSDXWr8JH8kV.jpg</thumbnail>
    <fanart>https://image.tmdb.org/t/p/w1280//3md49VBCeqY6MSNyAVY6d5eC6bA.jpg</fanart>
</item>
<item>
    <title>Pumpkinhead</title>
    <meta>
        <imdb>tt0095925</imdb>
        <content>movie</content>
        <title>Pumpkinhead</title>
        <year>1988</year>
    </meta>
    <link>
        <sublink>search</sublink>
        <sublink>searchsd</sublink>
    </link>
    <thumbnail>https://image.tmdb.org/t/p/w1280//hr2iS7hLHI0NBA9FG3sQKgxLjao.jpg</thumbnail>
    <fanart>https://image.tmdb.org/t/p/w1280//39fIoSmgncmXOU2DXmoAerrF0sF.jpg</fanart>
</item>
<item>
    <title>Puppet Master III Toulon's Revenge</title>
    <meta>
        <imdb>tt0102728</imdb>
        <content>movie</content>
        <title>Puppet Master III Toulon's Revenge</title>
        <year>1991</year>
    </meta>
    <link>
        <sublink>search</sublink>
        <sublink>searchsd</sublink>
    </link>
    <thumbnail>https://image.tmdb.org/t/p/w1280//BF7jnHlq8rwG1X0H7nFXQSbNlX.jpg</thumbnail>
    <fanart>https://image.tmdb.org/t/p/w1280//9kp9LukiGwRYLgPP8L7tX30js7v.jpg</fanart>
</item>
<item>
    <title>Re-Animator</title>
    <meta>
        <imdb>tt0089885</imdb>
        <content>movie</content>
        <title>Re-Animator</title>
        <year>1985</year>
    </meta>
    <link>
        <sublink>search</sublink>
        <sublink>searchsd</sublink>
    </link>
    <thumbnail>https://image.tmdb.org/t/p/w1280//hJnP2O0uTuh8HsR094WLTi3sQwc.jpg</thumbnail>
    <fanart>https://image.tmdb.org/t/p/w1280//aGLdPN9aF8o2b4P8tuKUwLCHFFG.jpg</fanart>
</item>
<item>
    <title>Repulsion</title>
    <meta>
        <imdb>tt0059646</imdb>
        <content>movie</content>
        <title>Repulsion</title>
        <year>1965</year>
    </meta>
    <link>
        <sublink>search</sublink>
        <sublink>searchsd</sublink>
    </link>
    <thumbnail>https://image.tmdb.org/t/p/w1280//4payjKRO69Aew6Y53DfJ4KqhWs8.jpg</thumbnail>
    <fanart>https://image.tmdb.org/t/p/w1280//kDnN3JQKaJHYfl0jYsv0CIwNpPU.jpg</fanart>
</item>
<item>
    <title>The Return of the Living Dead</title>
    <meta>
        <imdb>tt0089907</imdb>
        <content>movie</content>
        <title>The Return of the Living Dead</title>
        <year>1985</year>
    </meta>
    <link>
        <sublink>search</sublink>
        <sublink>searchsd</sublink>
    </link>
    <thumbnail>https://image.tmdb.org/t/p/w1280//1vydUitzC8W8W5oNevEArCltydJ.jpg</thumbnail>
    <fanart>https://image.tmdb.org/t/p/w1280//jA34vdJCxOZUoi4khkfhq1pX3WG.jpg</fanart>
</item>
<item>
    <title>The Ring</title>
    <meta>
        <imdb>tt0298130</imdb>
        <content>movie</content>
        <title>The Ring</title>
        <year>2002</year>
    </meta>
    <link>
        <sublink>search</sublink>
        <sublink>searchsd</sublink>
    </link>
    <thumbnail>https://image.tmdb.org/t/p/w1280//zHJFdhqEXZJxG653oZvOM3PmNON.jpg</thumbnail>
    <fanart>https://image.tmdb.org/t/p/w1280//gRQucG6XnNgSQn863V5ho50J3hx.jpg</fanart>
</item>
<item>
    <title>Rosemary's Baby</title>
    <meta>
        <imdb>tt0063522</imdb>
        <content>movie</content>
        <title>Rosemary's Baby</title>
        <year>1968</year>
    </meta>
    <link>
        <sublink>search</sublink>
        <sublink>searchsd</sublink>
    </link>
    <thumbnail>https://image.tmdb.org/t/p/w1280//kqA1pt9ovovArgJZi2Lu4Unf6He.jpg</thumbnail>
    <fanart>https://image.tmdb.org/t/p/w1280//3THF7D3uPqhV6k7iKsr2EyjqVPK.jpg</fanart>
</item>
<item>
    <title>Santa Sangre</title>
    <meta>
        <imdb>tt0098253</imdb>
        <content>movie</content>
        <title>Santa Sangre</title>
        <year>1989</year>
    </meta>
    <link>
        <sublink>search</sublink>
        <sublink>searchsd</sublink>
    </link>
    <thumbnail>https://image.tmdb.org/t/p/w1280//4g8AMbqh4evHQwI1td63TH5cZTb.jpg</thumbnail>
    <fanart>https://image.tmdb.org/t/p/w1280//ajJMm8z1iJj8PinEjcvINuN1ye7.jpg</fanart>
</item>
<item>
    <title>Saw</title>
    <meta>
        <imdb>tt0387564</imdb>
        <content>movie</content>
        <title>Saw</title>
        <year>2004</year>
    </meta>
    <link>
        <sublink>search</sublink>
        <sublink>searchsd</sublink>
    </link>
    <thumbnail>https://image.tmdb.org/t/p/w1280//dHYvIgsax8ZFgkz1OslE4V6Pnf5.jpg</thumbnail>
    <fanart>https://image.tmdb.org/t/p/w1280//wXZB5DV0sgdSlFRUrZdE7fBLGEH.jpg</fanart>
</item>
<item>
    <title>Scream</title>
    <meta>
        <imdb>tt0117571</imdb>
        <content>movie</content>
        <title>Scream</title>
        <year>1996</year>
    </meta>
    <link>
        <sublink>search</sublink>
        <sublink>searchsd</sublink>
    </link>
    <thumbnail>https://image.tmdb.org/t/p/w1280//ewi7gYW22t8T3piRvrXO73GlzuL.jpg</thumbnail>
    <fanart>https://image.tmdb.org/t/p/w1280//cafeYH18ZoxiZNqmhSrmyLRIx8f.jpg</fanart>
</item>
<item>
    <title>Se7en</title>
    <meta>
        <imdb>tt0114369</imdb>
        <content>movie</content>
        <title>Se7en</title>
        <year>1995</year>
    </meta>
    <link>
        <sublink>search</sublink>
        <sublink>searchsd</sublink>
    </link>
    <thumbnail>https://image.tmdb.org/t/p/w1280//8zw8IL4zEPjkh8Aysdcd0FwGMb0.jpg</thumbnail>
    <fanart>https://image.tmdb.org/t/p/w1280//ba4CpvnaxvAgff2jHiaqJrVpZJ5.jpg</fanart>
</item>
<item>
    <title>Session 9</title>
    <meta>
        <imdb>tt0261983</imdb>
        <content>movie</content>
        <title>Session 9</title>
        <year>2001</year>
    </meta>
    <link>
        <sublink>search</sublink>
        <sublink>searchsd</sublink>
    </link>
    <thumbnail>https://image.tmdb.org/t/p/w1280//mWwrWhPHiHSoCWUkYcq4GplRF6V.jpg</thumbnail>
    <fanart>https://image.tmdb.org/t/p/w1280//d5tK8tUD4qhtfupIEaIGnnMSLiB.jpg</fanart>
</item>
<item>
    <title>The Seventh Victim</title>
    <meta>
        <imdb>tt0036341</imdb>
        <content>movie</content>
        <title>The Seventh Victim</title>
        <year>1943</year>
    </meta>
    <link>
        <sublink>search</sublink>
        <sublink>searchsd</sublink>
    </link>
    <thumbnail>https://image.tmdb.org/t/p/w1280//5uBUc7guJ0fWrFSismvPPg9QZzh.jpg</thumbnail>
    <fanart>https://image.tmdb.org/t/p/w1280//4A08n3NwYXk2ZUv476d4Fv8tCxK.jpg</fanart>
</item>
<item>
    <title>The Shining</title>
    <meta>
        <imdb>tt0081505</imdb>
        <content>movie</content>
        <title>The Shining</title>
        <year>1980</year>
    </meta>
    <link>
        <sublink>search</sublink>
        <sublink>searchsd</sublink>
    </link>
    <thumbnail>https://image.tmdb.org/t/p/w1280//9fgh3Ns1iRzlQNYuJyK0ARQZU7w.jpg</thumbnail>
    <fanart>https://image.tmdb.org/t/p/w1280//h4DcDCOkQBENWBJZjNlPv3adQfM.jpg</fanart>
</item>
<item>
    <title>The Silence of the Lambs</title>
    <meta>
        <imdb>tt0102926</imdb>
        <content>movie</content>
        <title>The Silence of the Lambs</title>
        <year>1991</year>
    </meta>
    <link>
        <sublink>search</sublink>
        <sublink>searchsd</sublink>
    </link>
    <thumbnail>https://image.tmdb.org/t/p/w1280//qjAyTj2BSth1EQ89vNfo0JYVPFN.jpg</thumbnail>
    <fanart>https://image.tmdb.org/t/p/w1280//1ewiz2BOytcyE90ozbaiDDZn8ma.jpg</fanart>
</item>
<item>
    <title>Sinister</title>
    <meta>
        <imdb>tt1922777</imdb>
        <content>movie</content>
        <title>Sinister</title>
        <year>2012</year>
    </meta>
    <link>
        <sublink>search</sublink>
        <sublink>searchsd</sublink>
    </link>
    <thumbnail>https://image.tmdb.org/t/p/w1280//hrRYY7FcRc46Ue7h9jcKiW1xqJ3.jpg</thumbnail>
    <fanart>https://image.tmdb.org/t/p/w1280//f8jTjoxYCPi7SSsBc4p4pmadxoT.jpg</fanart>
</item>
<item>
    <title>The Sixth Sense</title>
    <meta>
        <imdb>tt0167404</imdb>
        <content>movie</content>
        <title>The Sixth Sense</title>
        <year>1999</year>
    </meta>
    <link>
        <sublink>search</sublink>
        <sublink>searchsd</sublink>
    </link>
    <thumbnail>https://image.tmdb.org/t/p/w1280//imps263dHNe3SuoaAJORZyNTdDT.jpg</thumbnail>
    <fanart>https://image.tmdb.org/t/p/w1280//y67X8DSDEAVcfo9aqX6yipsTsrX.jpg</fanart>
</item>
<item>
    <title>Sleepaway Camp</title>
    <meta>
        <imdb>tt0086320</imdb>
        <content>movie</content>
        <title>Sleepaway Camp</title>
        <year>1983</year>
    </meta>
    <link>
        <sublink>search</sublink>
        <sublink>searchsd</sublink>
    </link>
    <thumbnail>https://image.tmdb.org/t/p/w1280//gkAgVMS2mShi8bXWUSB8VvDshl2.jpg</thumbnail>
    <fanart>https://image.tmdb.org/t/p/w1280//oLQ5j4XMfRGS97rjm0DM7t5cE3N.jpg</fanart>
</item>
<dir>
    <title>The Stand</title>
    <meta>
        <imdb>tt0108941</imdb>
        <content>tvshow</content>
        <tvshowtitle>The Stand</tvshowtitle>
        <year>1994</year>
    </meta>
    <link>tmdb_tv_show(9045, 1994, The Stand)</link>
    <thumbnail>https://image.tmdb.org/t/p/w1280//43GfSryOACjBeqbIL6VEwoxOU6t.jpg</thumbnail>
    <fanart>https://image.tmdb.org/t/p/w1280//i6fke2nVpK6iV1rt6hs2shR8zzW.jpg</fanart>
</dir>
<item>
    <title>The Stepfather</title>
    <meta>
        <imdb>tt0094035</imdb>
        <content>movie</content>
        <title>The Stepfather</title>
        <year>1987</year>
    </meta>
    <link>
        <sublink>search</sublink>
        <sublink>searchsd</sublink>
    </link>
    <thumbnail>https://image.tmdb.org/t/p/w1280//rCIGVmzqnvUpFlLA03lLeLabzEL.jpg</thumbnail>
    <fanart>https://image.tmdb.org/t/p/w1280//3hqLQaxwG1umqO7mBrCDxblojgK.jpg</fanart>
</item>
<item>
    <title>Suspiria</title>
    <meta>
        <imdb>tt0076786</imdb>
        <content>movie</content>
        <title>Suspiria</title>
        <year>1977</year>
    </meta>
    <link>
        <sublink>search</sublink>
        <sublink>searchsd</sublink>
    </link>
    <thumbnail>https://image.tmdb.org/t/p/w1280//ccMPzxtnr5WcHaiwIN4P7mXoJzo.jpg</thumbnail>
    <fanart>https://image.tmdb.org/t/p/w1280//aCV40BdNn9MNEPapmLHw4nyLKHm.jpg</fanart>
</item>
<item>
    <title>Tales from the Crypt</title>
    <meta>
        <imdb>tt0069341</imdb>
        <content>movie</content>
        <title>Tales from the Crypt</title>
        <year>1972</year>
    </meta>
    <link>
        <sublink>search</sublink>
        <sublink>searchsd</sublink>
    </link>
    <thumbnail>https://image.tmdb.org/t/p/w1280//1aAGMI4DUzOlvKTVi9tnLYAyL58.jpg</thumbnail>
    <fanart>https://image.tmdb.org/t/p/w1280//uHxgETBBjTPHFBfy8IU4jwEatkz.jpg</fanart>
</item>
<item>
    <title>Tenebre</title>
    <meta>
        <imdb>tt0084777</imdb>
        <content>movie</content>
        <title>Tenebre</title>
        <year>1982</year>
    </meta>
    <link>
        <sublink>search</sublink>
        <sublink>searchsd</sublink>
    </link>
    <thumbnail>https://image.tmdb.org/t/p/w1280//bEsajgqQEgJgRukc3mrA9G5BEhk.jpg</thumbnail>
    <fanart>https://image.tmdb.org/t/p/w1280//fMQ0sMBEDtna8mRYVxo1xbC9UFC.jpg</fanart>
</item>
<item>
    <title>The Texas Chain Saw Massacre</title>
    <meta>
        <imdb>tt0072271</imdb>
        <content>movie</content>
        <title>The Texas Chain Saw Massacre</title>
        <year>1974</year>
    </meta>
    <link>
        <sublink>search</sublink>
        <sublink>searchsd</sublink>
    </link>
    <thumbnail>https://image.tmdb.org/t/p/w1280//hXF5nuEvUIlMXv4fOCIhA8KWaN2.jpg</thumbnail>
    <fanart>https://image.tmdb.org/t/p/w1280//bAtnyMa4jXc1bVUco6wCZBFh0f2.jpg</fanart>
</item>
<item>
    <title>They Live</title>
    <meta>
        <imdb>tt0096256</imdb>
        <content>movie</content>
        <title>They Live</title>
        <year>1988</year>
    </meta>
    <link>
        <sublink>search</sublink>
        <sublink>searchsd</sublink>
    </link>
    <thumbnail>https://image.tmdb.org/t/p/w1280//8N8BnBGwgsxXXwZ2q9eVFFIKFL1.jpg</thumbnail>
    <fanart>https://image.tmdb.org/t/p/w1280//rPAmeyzGPRrobTDoyvlaAGOSGAe.jpg</fanart>
</item>
<item>
    <title>The Thing</title>
    <meta>
        <imdb>tt0084787</imdb>
        <content>movie</content>
        <title>The Thing</title>
        <year>1982</year>
    </meta>
    <link>
        <sublink>search</sublink>
        <sublink>searchsd</sublink>
    </link>
    <thumbnail>https://image.tmdb.org/t/p/w1280//s5fH3GqFcHbi2F0NSBSh4KRNTc0.jpg</thumbnail>
    <fanart>https://image.tmdb.org/t/p/w1280//7mdGrxp3ZL2OqNSrQ5LoYySi5MH.jpg</fanart>
</item>
<item>
    <title>Trick 'r Treat</title>
    <meta>
        <imdb>tt0862856</imdb>
        <content>movie</content>
        <title>Trick 'r Treat</title>
        <year>2007</year>
    </meta>
    <link>
        <sublink>search</sublink>
        <sublink>searchsd</sublink>
    </link>
    <thumbnail>https://image.tmdb.org/t/p/w1280//w0nmol4g7n6MFfhfphV7GzHHYjB.jpg</thumbnail>
    <fanart>https://image.tmdb.org/t/p/w1280//oFxeGxRjlwzf0qct3g1HGBujGqH.jpg</fanart>
</item>
<item>
    <title>Trouble Every Day</title>
    <meta>
        <imdb>tt0204700</imdb>
        <content>movie</content>
        <title>Trouble Every Day</title>
        <year>2001</year>
    </meta>
    <link>
        <sublink>search</sublink>
        <sublink>searchsd</sublink>
    </link>
    <thumbnail>https://image.tmdb.org/t/p/w1280//jn4799m6uB5P6ZUarlnxvZEZDFp.jpg</thumbnail>
    <fanart>https://image.tmdb.org/t/p/w1280//qwI01fbXvNwEQcaxsGHVmVXXaHG.jpg</fanart>
</item>
<item>
    <title>Twin Peaks: Fire Walk with Me</title>
    <meta>
        <imdb>tt0105665</imdb>
        <content>movie</content>
        <title>Twin Peaks: Fire Walk with Me</title>
        <year>1992</year>
    </meta>
    <link>
        <sublink>search</sublink>
        <sublink>searchsd</sublink>
    </link>
    <thumbnail>https://image.tmdb.org/t/p/w1280//tOQekTHJmVCgfUYXTb6dLAu6l8W.jpg</thumbnail>
    <fanart>https://image.tmdb.org/t/p/w1280//bGyusx5LtsTLbyAq0ow1DrdE7K6.jpg</fanart>
</item>
<item>
    <title>The Ugly</title>
    <meta>
        <imdb>tt0120401</imdb>
        <content>movie</content>
        <title>The Ugly</title>
        <year>1997</year>
    </meta>
    <link>
        <sublink>search</sublink>
        <sublink>searchsd</sublink>
    </link>
    <thumbnail>https://image.tmdb.org/t/p/w1280//hVIrZps5S664za9PYLLtvGviYH7.jpg</thumbnail>
    <fanart>https://image.tmdb.org/t/p/w1280//pNwWJWAUM4DT6dcENv3dH3C91i1.jpg</fanart>
</item>
<item>
    <title>Vampyr</title>
    <meta>
        <imdb>tt0023649</imdb>
        <content>movie</content>
        <title>Vampyr</title>
        <year>1932</year>
    </meta>
    <link>
        <sublink>search</sublink>
        <sublink>searchsd</sublink>
    </link>
    <thumbnail>https://image.tmdb.org/t/p/w1280//zSNbZz5xKTPBs2umK8OSBUqRfBF.jpg</thumbnail>
    <fanart>https://image.tmdb.org/t/p/w1280//avlKxOh2wvC56ySgxICcBXEG7a7.jpg</fanart>
</item>
<item>
    <title>Videodrome</title>
    <meta>
        <imdb>tt0086541</imdb>
        <content>movie</content>
        <title>Videodrome</title>
        <year>1983</year>
    </meta>
    <link>
        <sublink>search</sublink>
        <sublink>searchsd</sublink>
    </link>
    <thumbnail>https://image.tmdb.org/t/p/w1280//fl09Ai2lKPau49MdLp0pOc5rYlP.jpg</thumbnail>
    <fanart>https://image.tmdb.org/t/p/w1280//z71Ec0T4So8nGnvfR9NQHWraOdh.jpg</fanart>
</item>
<item>
    <title>What Ever Happened to Baby Jane?</title>
    <meta>
        <imdb>tt0056687</imdb>
        <content>movie</content>
        <title>What Ever Happened to Baby Jane?</title>
        <year>1962</year>
    </meta>
    <link>
        <sublink>search</sublink>
        <sublink>searchsd</sublink>
    </link>
    <thumbnail>https://image.tmdb.org/t/p/w1280//t2hPlHc2pFweBqQgrsNfSLNIv1j.jpg</thumbnail>
    <fanart>https://image.tmdb.org/t/p/w1280//yAVNjGQPkrp2wJ0mIbpHbpPTG4k.jpg</fanart>
</item>
<item>
    <title>When a Stranger Calls</title>
    <meta>
        <imdb>tt0080130</imdb>
        <content>movie</content>
        <title>When a Stranger Calls</title>
        <year>1979</year>
    </meta>
    <link>
        <sublink>search</sublink>
        <sublink>searchsd</sublink>
    </link>
    <thumbnail>https://image.tmdb.org/t/p/w1280//mdhpKVuuNZcc9noZzYXruxeIxdJ.jpg</thumbnail>
    <fanart>https://image.tmdb.org/t/p/w1280//fAHaJJCrW8AlQTuTRYD3rAdut5k.jpg</fanart>
</item>
<item>
    <title>The Wicker Man</title>
    <meta>
        <imdb>tt0070917</imdb>
        <content>movie</content>
        <title>The Wicker Man</title>
        <year>1973</year>
    </meta>
    <link>
        <sublink>search</sublink>
        <sublink>searchsd</sublink>
    </link>
    <thumbnail>https://image.tmdb.org/t/p/w1280//ofu911v8zAGSoOBHYz3ZHG0cFiD.jpg</thumbnail>
    <fanart>https://image.tmdb.org/t/p/w1280//1kkDSQNBp74qjhBStGtF1MEHWNi.jpg</fanart>
</item>
<item>
    <title>Wolf Creek</title>
    <meta>
        <imdb>tt0416315</imdb>
        <content>movie</content>
        <title>Wolf Creek</title>
        <year>2005</year>
    </meta>
    <link>
        <sublink>search</sublink>
        <sublink>searchsd</sublink>
    </link>
    <thumbnail>https://image.tmdb.org/t/p/w1280//eiQqXee0LwUvwHWp6QnZDoP1qdI.jpg</thumbnail>
    <fanart>https://image.tmdb.org/t/p/w1280//frkFxkU02YpPDi6bOSCwUBSd6I4.jpg</fanart>
</item>
<item>
    <title>Wrong Turn</title>
    <meta>
        <imdb>tt0295700</imdb>
        <content>movie</content>
        <title>Wrong Turn</title>
        <year>2003</year>
    </meta>
    <link>
        <sublink>search</sublink>
        <sublink>searchsd</sublink>
    </link>
    <thumbnail>https://image.tmdb.org/t/p/w1280//kyn0ZC8tvLWuKN85mhlG1lwB1WQ.jpg</thumbnail>
    <fanart>https://image.tmdb.org/t/p/w1280//qHHlBPTpKyh9iTjx1cNMU8sXBnj.jpg</fanart>
</item>
<item>
    <title>Zodiac</title>
    <meta>
        <imdb>tt0443706</imdb>
        <content>movie</content>
        <title>Zodiac</title>
        <year>2007</year>
    </meta>
    <link>
        <sublink>search</sublink>
        <sublink>searchsd</sublink>
    </link>
    <thumbnail>https://image.tmdb.org/t/p/w1280//bgLyOROfFQI3FqYL7jQbiaV8lkN.jpg</thumbnail>
    <fanart>https://image.tmdb.org/t/p/w1280//evayD0ZvaYepGAtoiuVs9XIR8su.jpg</fanart>
</item>
<item>
    <title>Zombie Flesh Eaters</title>
    <meta>
        <imdb>tt0080057</imdb>
        <content>movie</content>
        <title>Zombie Flesh Eaters</title>
        <year>1979</year>
    </meta>
    <link>
        <sublink>search</sublink>
        <sublink>searchsd</sublink>
    </link>
    <thumbnail>https://image.tmdb.org/t/p/w1280//wP6FyRrK5PNsyEwDFrrG8Pi9G8n.jpg</thumbnail>
    <fanart>https://image.tmdb.org/t/p/w1280//rz6bEvDbkchDu8EKJSXRRUhpxuy.jpg</fanart>
</item>
<item>
    <title>[REC]</title>
    <meta>
        <imdb>tt1038988</imdb>
        <content>movie</content>
        <title>[REC]</title>
        <year>2007</year>
    </meta>
    <link>
        <sublink>search</sublink>
        <sublink>searchsd</sublink>
    </link>
    <thumbnail>https://image.tmdb.org/t/p/w1280//lLSXs26iZe0aIzYrobr3FruUG36.jpg</thumbnail>
    <fanart>https://image.tmdb.org/t/p/w1280//3WxTBxAJzYrS8MP8vdjuCxFTCkr.jpg</fanart>
</item>
<item>
    <title>Shutter</title>
    <meta>
        <imdb>tt0440803</imdb>
        <content>movie</content>
        <title>Shutter</title>
        <year>2004</year>
    </meta>
    <link>
        <sublink>search</sublink>
        <sublink>searchsd</sublink>
    </link>
    <thumbnail>https://image.tmdb.org/t/p/w1280//wGUrNuUSyvzH21OZ5rdxYKatHAU.jpg</thumbnail>
    <fanart>https://image.tmdb.org/t/p/w1280//88SHQ8ezQ6l6gxiCgEAeViVzG0m.jpg</fanart>
</item>
<item>
    <title>Audition</title>
    <meta>
        <imdb>tt0235198</imdb>
        <content>movie</content>
        <title>Audition</title>
        <year>1999</year>
    </meta>
    <link>
        <sublink>search</sublink>
        <sublink>searchsd</sublink>
    </link>
    <thumbnail>https://image.tmdb.org/t/p/w1280//mrK8hwRqaR1lveGoIcBICBqdmTG.jpg</thumbnail>
    <fanart>https://image.tmdb.org/t/p/w1280//erYnALHXFCzDwIDFthyOoGiLfsg.jpg</fanart>
</item>
<item>
    <title>Battle Royale</title>
    <meta>
        <imdb>tt0266308</imdb>
        <content>movie</content>
        <title>Battle Royale</title>
        <year>2000</year>
    </meta>
    <link>
        <sublink>search</sublink>
        <sublink>searchsd</sublink>
    </link>
    <thumbnail>https://image.tmdb.org/t/p/w1280//4J5hW5wwT20hYSEPfxvfxNLjHcg.jpg</thumbnail>
    <fanart>https://image.tmdb.org/t/p/w1280//2RUohbrXVlWG7O1amjNdGNADECI.jpg</fanart>
</item>
<item>
    <title>Ju-on: The Grudge</title>
    <meta>
        <imdb>tt0364385</imdb>
        <content>movie</content>
        <title>Ju-on: The Grudge</title>
        <year>2002</year>
    </meta>
    <link>
        <sublink>search</sublink>
        <sublink>searchsd</sublink>
    </link>
    <thumbnail>https://image.tmdb.org/t/p/w1280//mu7K4R7bcu4cFlaKrmm2r9qeTSI.jpg</thumbnail>
    <fanart>https://image.tmdb.org/t/p/w1280//wVxp3voKuZp7Wts19My5zRNxuOp.jpg</fanart>
</item>
<item>
    <title>Pulse</title>
    <meta>
        <imdb>tt0286751</imdb>
        <content>movie</content>
        <title>Pulse</title>
        <year>2001</year>
    </meta>
    <link>
        <sublink>search</sublink>
        <sublink>searchsd</sublink>
    </link>
    <thumbnail>https://image.tmdb.org/t/p/w1280//2unV6GQtDKszsEGql5Dylxg4sVP.jpg</thumbnail>
    <fanart>https://image.tmdb.org/t/p/w1280//7hOzekjvxiiydVdpOqCzruKVOCn.jpg</fanart>
</item>
<item>
    <title>Kuroneko</title>
    <meta>
        <imdb>tt0122136</imdb>
        <content>movie</content>
        <title>Kuroneko</title>
        <year>1968</year>
    </meta>
    <link>
        <sublink>search</sublink>
        <sublink>searchsd</sublink>
    </link>
    <thumbnail>https://image.tmdb.org/t/p/w1280//4kHPCcBI8d8nb5YP4D39mo2z3Zp.jpg</thumbnail>
    <fanart>https://image.tmdb.org/t/p/w1280//zhBcTlJrGgEpBSctaoxpnxrrQK1.jpg</fanart>
</item>
<item>
    <title>The Eye</title>
    <meta>
        <imdb>tt0325655</imdb>
        <content>movie</content>
        <title>The Eye</title>
        <year>2002</year>
    </meta>
    <link>
        <sublink>search</sublink>
        <sublink>searchsd</sublink>
    </link>
    <thumbnail>https://image.tmdb.org/t/p/w1280//hfNaBtYUbnULXqUWEP3EUzBuk0P.jpg</thumbnail>
    <fanart>https://image.tmdb.org/t/p/w1280//pdDSLpUOYiGcJGKSwcYl2pB5mBP.jpg</fanart>
</item>
<item>
    <title>Onibaba</title>
    <meta>
        <imdb>tt0058430</imdb>
        <content>movie</content>
        <title>Onibaba</title>
        <year>1964</year>
    </meta>
    <link>
        <sublink>search</sublink>
        <sublink>searchsd</sublink>
    </link>
    <thumbnail>https://image.tmdb.org/t/p/w1280//vmYQu00fP8fXQA7DksKs42ZNlta.jpg</thumbnail>
    <fanart>https://image.tmdb.org/t/p/w1280//b5cwLapa6omlCWUEUw0O5qbHVdw.jpg</fanart>
</item>
<item>
    <title>I Saw the Devil</title>
    <meta>
        <imdb>tt1588170</imdb>
        <content>movie</content>
        <title>I Saw the Devil</title>
        <year>2010</year>
    </meta>
    <link>
        <sublink>search</sublink>
        <sublink>searchsd</sublink>
    </link>
    <thumbnail>https://image.tmdb.org/t/p/w1280//xhlXnzQRlDab04sUMVR9bzyDPpr.jpg</thumbnail>
    <fanart>https://image.tmdb.org/t/p/w1280//vz3LZDCJLaeai4iMdPkTOztHXS9.jpg</fanart>
</item>
<item>
    <title>A Tale of Two Sisters</title>
    <meta>
        <imdb>tt0365376</imdb>
        <content>movie</content>
        <title>A Tale of Two Sisters</title>
        <year>2003</year>
    </meta>
    <link>
        <sublink>search</sublink>
        <sublink>searchsd</sublink>
    </link>
    <thumbnail>https://image.tmdb.org/t/p/w1280//8fmnXoIw3e3J7YSr8bzcPica4Dk.jpg</thumbnail>
    <fanart>https://image.tmdb.org/t/p/w1280//dHeWtDSsPOvj01rhKjmSNBJpYFq.jpg</fanart>
</item>
