<item>
    <title>Apt Pupil</title>
    <meta>
        <imdb>tt0118636</imdb>
        <content>movie</content>
        <title>Apt Pupil</title>
        <year>1998</year>
    </meta>
    <link>
        <sublink>search</sublink>
        <sublink>searchsd</sublink>
    </link>
    <thumbnail>https://image.tmdb.org/t/p/w1280//6AAdkNH1JQtpiWQxeHb1GTCKHVS.jpg</thumbnail>
    <fanart>https://image.tmdb.org/t/p/w1280//g2udxcpeUFX3tpFsQRornS2ery7.jpg</fanart>
</item>
<item>
    <title>Blade</title>
    <meta>
        <imdb>tt0120611</imdb>
        <content>movie</content>
        <title>Blade</title>
        <year>1998</year>
    </meta>
    <link>
        <sublink>search</sublink>
        <sublink>searchsd</sublink>
    </link>
    <thumbnail>https://image.tmdb.org/t/p/w1280//r0RQ9ZOEZglLOeYDNJTehVTRoR6.jpg</thumbnail>
    <fanart>https://image.tmdb.org/t/p/w1280//kTvGzXv4lIoQAOU8hAvdZtnEqy0.jpg</fanart>
</item>
<item>
    <title>Bone Daddy</title>
    <meta>
        <imdb>tt0139076</imdb>
        <content>movie</content>
        <title>Bone Daddy</title>
        <year>1998</year>
    </meta>
    <link>
        <sublink>search</sublink>
        <sublink>searchsd</sublink>
    </link>
    <thumbnail>https://image.tmdb.org/t/p/w1280//67auxIW4E15hOo0SuHaeXgjSJx8.jpg</thumbnail>
    <fanart/>
</item>
<item>
    <title>Bride of Chucky</title>
    <meta>
        <imdb>tt0144120</imdb>
        <content>movie</content>
        <title>Bride of Chucky</title>
        <year>1998</year>
    </meta>
    <link>
        <sublink>search</sublink>
        <sublink>searchsd</sublink>
    </link>
    <thumbnail>https://image.tmdb.org/t/p/w1280//u5Lc1Li0Hpc452o57E2KaToezZX.jpg</thumbnail>
    <fanart>https://image.tmdb.org/t/p/w1280//8m5RYjYDcsZyFFP0rsfAGJj2lU5.jpg</fanart>
</item>
<item>
    <title>Carnival of Souls</title>
    <meta>
        <imdb>tt0120627</imdb>
        <content>movie</content>
        <title>Carnival of Souls</title>
        <year>1998</year>
    </meta>
    <link>
        <sublink>search</sublink>
        <sublink>searchsd</sublink>
    </link>
    <thumbnail>https://image.tmdb.org/t/p/w1280//rQkgKW5BNQSwouXRIyUpHjPyOyr.jpg</thumbnail>
    <fanart>https://image.tmdb.org/t/p/w1280//5PYmw2o8h9j0O06o6jtad7qZ78t.jpg</fanart>
</item>
<item>
    <title>Children of the Corn V: Fields of Terror</title>
    <meta>
        <imdb>tt0150111</imdb>
        <content>movie</content>
        <title>Children of the Corn V: Fields of Terror</title>
        <year>1998</year>
    </meta>
    <link>
        <sublink>search</sublink>
        <sublink>searchsd</sublink>
    </link>
    <thumbnail>https://image.tmdb.org/t/p/w1280//w3ZOi0jbHNEQ26MEt1X3XCJzBYe.jpg</thumbnail>
    <fanart>https://image.tmdb.org/t/p/w1280//frk5Gtc0f8M2TRkhDUkUI9L9jRu.jpg</fanart>
</item>
<item>
    <title>Club Vampire</title>
    <meta>
        <imdb>tt0118868</imdb>
        <content>movie</content>
        <title>Club Vampire</title>
        <year>1998</year>
    </meta>
    <link>
        <sublink>search</sublink>
        <sublink>searchsd</sublink>
    </link>
    <thumbnail>https://image.tmdb.org/t/p/w1280//9WdVbMXcjjVubj17cNFQg0YnSSs.jpg</thumbnail>
    <fanart/>
</item>
<item>
    <title>Curse of the Puppet Master</title>
    <meta>
        <imdb>tt0132451</imdb>
        <content>movie</content>
        <title>Curse of the Puppet Master</title>
        <year>1998</year>
    </meta>
    <link>
        <sublink>search</sublink>
        <sublink>searchsd</sublink>
    </link>
    <thumbnail>https://image.tmdb.org/t/p/w1280//xYUPZ6uz2bXeyQt0fs2kibAldSm.jpg</thumbnail>
    <fanart>https://image.tmdb.org/t/p/w1280//yyZu82fL7pBccF6NeZ34qqXLd1h.jpg</fanart>
</item>
<item>
    <title>Deep Rising</title>
    <meta>
        <imdb>tt0118956</imdb>
        <content>movie</content>
        <title>Deep Rising</title>
        <year>1998</year>
    </meta>
    <link>
        <sublink>search</sublink>
        <sublink>searchsd</sublink>
    </link>
    <thumbnail>https://image.tmdb.org/t/p/w1280//hJ1Zhz6MMAHgeSlf7UBCHZKm0QM.jpg</thumbnail>
    <fanart>https://image.tmdb.org/t/p/w1280//rz4Oz3uQwEqjww8W3a3ClMhIIZ8.jpg</fanart>
</item>
<item>
    <title>The Dentist 2: Brace Yourself</title>
    <meta>
        <imdb>tt0161492</imdb>
        <content>movie</content>
        <title>The Dentist 2: Brace Yourself</title>
        <year>1998</year>
    </meta>
    <link>
        <sublink>search</sublink>
        <sublink>searchsd</sublink>
    </link>
    <thumbnail>https://image.tmdb.org/t/p/w1280//eE6Zgya8lDxZzHTvc60aUfNnwLm.jpg</thumbnail>
    <fanart>https://image.tmdb.org/t/p/w1280//93eWa14rVXEDXunLyu6iEPYJZe.jpg</fanart>
</item>
<item>
    <title>Die Hard Dracula</title>
    <meta>
        <imdb>tt0162930</imdb>
        <content>movie</content>
        <title>Die Hard Dracula</title>
        <year>1998</year>
    </meta>
    <link>
        <sublink>search</sublink>
        <sublink>searchsd</sublink>
    </link>
    <thumbnail>https://image.tmdb.org/t/p/w1280//qIrkSlj8pRIHdcFIJOPD747mr47.jpg</thumbnail>
    <fanart/>
</item>
<item>
    <title>Disturbing Behavior</title>
    <meta>
        <imdb>tt0134619</imdb>
        <content>movie</content>
        <title>Disturbing Behavior</title>
        <year>1998</year>
    </meta>
    <link>
        <sublink>search</sublink>
        <sublink>searchsd</sublink>
    </link>
    <thumbnail>https://image.tmdb.org/t/p/w1280//8eRU4c5vsCrUT5AyZi9qeRskMWk.jpg</thumbnail>
    <fanart>https://image.tmdb.org/t/p/w1280//137WNOxFY9R0qgXCeHSwVk6e6Gh.jpg</fanart>
</item>
<item>
    <title>Dream House</title>
    <meta>
        <imdb>tt0149448</imdb>
        <content>movie</content>
        <title>Dream House</title>
        <year>1998</year>
    </meta>
    <link>
        <sublink>search</sublink>
        <sublink>searchsd</sublink>
    </link>
    <thumbnail>https://image.tmdb.org/t/p/w1280//i1wi8RfudO7QHa1rOPDRxwIb5OX.jpg</thumbnail>
    <fanart/>
</item>
<item>
    <title>The Eternal</title>
    <meta>
        <imdb>tt0158011</imdb>
        <content>movie</content>
        <title>The Eternal</title>
        <year>1998</year>
    </meta>
    <link>
        <sublink>search</sublink>
        <sublink>searchsd</sublink>
    </link>
    <thumbnail>https://image.tmdb.org/t/p/w1280//adpIXeqtxEmkNmZKo3WsbE7tAvP.jpg</thumbnail>
    <fanart>https://image.tmdb.org/t/p/w1280//yyUkqecURjOqTsLYkigmYmCbtHu.jpg</fanart>
</item>
<item>
    <title>The Faculty</title>
    <meta>
        <imdb>tt0133751</imdb>
        <content>movie</content>
        <title>The Faculty</title>
        <year>1998</year>
    </meta>
    <link>
        <sublink>search</sublink>
        <sublink>searchsd</sublink>
    </link>
    <thumbnail>https://image.tmdb.org/t/p/w1280//6L1SgKyzDy5x2oEskUyfMcdVed2.jpg</thumbnail>
    <fanart>https://image.tmdb.org/t/p/w1280//xuHuW4XhghQpVJSIna7JBb60bva.jpg</fanart>
</item>
<item>
    <title>Godzilla</title>
    <meta>
        <imdb>tt0120685</imdb>
        <content>movie</content>
        <title>Godzilla</title>
        <year>1998</year>
    </meta>
    <link>
        <sublink>search</sublink>
        <sublink>searchsd</sublink>
    </link>
    <thumbnail>https://image.tmdb.org/t/p/w1280//5axr56XqJH2xqkzI4j5sjzgV1Hu.jpg</thumbnail>
    <fanart>https://image.tmdb.org/t/p/w1280//d8aOyxSMD7oQGFsPORCU8AJ6EQ3.jpg</fanart>
</item>
<item>
    <title>Halloween: H20</title>
    <meta>
        <imdb>tt0120694</imdb>
        <content>movie</content>
        <title>Halloween: H20</title>
        <year>1998</year>
    </meta>
    <link>
        <sublink>search</sublink>
        <sublink>searchsd</sublink>
    </link>
    <thumbnail>https://image.tmdb.org/t/p/w1280//crycJDHRvpQyZeQyRYtIZKIpNzK.jpg</thumbnail>
    <fanart>https://image.tmdb.org/t/p/w1280//xtVaN3xQ8hjS90Jx29pOkIXKht1.jpg</fanart>
</item>
<item>
    <title>I Still Know What You Did Last Summer</title>
    <meta>
        <imdb>tt0130018</imdb>
        <content>movie</content>
        <title>I Still Know What You Did Last Summer</title>
        <year>1998</year>
    </meta>
    <link>
        <sublink>search</sublink>
        <sublink>searchsd</sublink>
    </link>
    <thumbnail>https://image.tmdb.org/t/p/w1280//j4s1TK90tZWZj7lQ84UDJXHI9Kh.jpg</thumbnail>
    <fanart>https://image.tmdb.org/t/p/w1280//iaFSFtxX02lXsT2zQHiykNSj7YP.jpg</fanart>
</item>
<item>
    <title>I've Been Waiting for You</title>
    <meta>
        <imdb>tt0143296</imdb>
        <content>movie</content>
        <title>I've Been Waiting for You</title>
        <year>1998</year>
    </meta>
    <link>
        <sublink>search</sublink>
        <sublink>searchsd</sublink>
    </link>
    <thumbnail>https://image.tmdb.org/t/p/w1280//eRrJ9PCPDCyPfpaY8WPI2vuWSbz.jpg</thumbnail>
    <fanart>https://image.tmdb.org/t/p/w1280//7kCCpRdDo64fHjHvh0eukGa7tdN.jpg</fanart>
</item>
<item>
    <title>I, Zombie: The Chronicles of Pain</title>
    <meta>
        <imdb>tt0210740</imdb>
        <content>movie</content>
        <title>I, Zombie: The Chronicles of Pain</title>
        <year>1998</year>
    </meta>
    <link>
        <sublink>search</sublink>
        <sublink>searchsd</sublink>
    </link>
    <thumbnail>https://image.tmdb.org/t/p/w1280//gFvV5ScZuEBBfsq37t8Z1c4IX5b.jpg</thumbnail>
    <fanart>https://image.tmdb.org/t/p/w1280//4x0a8JLky0Ay7DOI8YEDq3SSr6j.jpg</fanart>
</item>
<item>
    <title>The Phantom of the Opera</title>
    <meta>
        <imdb>tt0119889</imdb>
        <content>movie</content>
        <title>The Phantom of the Opera</title>
        <year>1998</year>
    </meta>
    <link>
        <sublink>search</sublink>
        <sublink>searchsd</sublink>
    </link>
    <thumbnail>https://image.tmdb.org/t/p/w1280//lSIqMTYtTsbtsXO79CwFpNai4wm.jpg</thumbnail>
    <fanart>https://image.tmdb.org/t/p/w1280//ttrXtfCIDXU74ypN25xokleGNF9.jpg</fanart>
</item>
<item>
    <title>The Landlady</title>
    <meta>
        <imdb>tt0137904</imdb>
        <content>movie</content>
        <title>The Landlady</title>
        <year>1998</year>
    </meta>
    <link>
        <sublink>search</sublink>
        <sublink>searchsd</sublink>
    </link>
    <thumbnail>https://image.tmdb.org/t/p/w1280//qZNV6Q2EdswVBEooi85zT0Eoxff.jpg</thumbnail>
    <fanart/>
</item>
<item>
    <title>The Last Broadcast</title>
    <meta>
        <imdb>tt0122143</imdb>
        <content>movie</content>
        <title>The Last Broadcast</title>
        <year>1998</year>
    </meta>
    <link>
        <sublink>search</sublink>
        <sublink>searchsd</sublink>
    </link>
    <thumbnail>https://image.tmdb.org/t/p/w1280//5M60q4wFSVklIBHcuquuivA9UEA.jpg</thumbnail>
    <fanart>https://image.tmdb.org/t/p/w1280//youVdOzB1JC74gSu5glheI6mo01.jpg</fanart>
</item>
<item>
    <title>The Minion</title>
    <meta>
        <imdb>tt0139465</imdb>
        <content>movie</content>
        <title>The Minion</title>
        <year>1998</year>
    </meta>
    <link>
        <sublink>search</sublink>
        <sublink>searchsd</sublink>
    </link>
    <thumbnail>https://image.tmdb.org/t/p/w1280//2ZSG9a78ULbaRePHCGUfdyZrsZq.jpg</thumbnail>
    <fanart>https://image.tmdb.org/t/p/w1280//jTWw8ibQXbJBUb3OzTrb2UeTN3a.jpg</fanart>
</item>
<item>
    <title>Modern Vampires</title>
    <meta>
        <imdb>tt0120805</imdb>
        <content>movie</content>
        <title>Modern Vampires</title>
        <year>1998</year>
    </meta>
    <link>
        <sublink>search</sublink>
        <sublink>searchsd</sublink>
    </link>
    <thumbnail>https://image.tmdb.org/t/p/w1280//fXqIlTNkODfkJzVK4Ws26pxaUP3.jpg</thumbnail>
    <fanart>https://image.tmdb.org/t/p/w1280//9JT5rIGWDaAv2XiNtmYVmz7OoJe.jpg</fanart>
</item>
<item>
    <title>The Mutilation Man</title>
    <meta>
        <imdb>tt0360813</imdb>
        <content>movie</content>
        <title>The Mutilation Man</title>
        <year>1998</year>
    </meta>
    <link>
        <sublink>search</sublink>
        <sublink>searchsd</sublink>
    </link>
    <thumbnail>https://image.tmdb.org/t/p/w1280//bOIj8q7sTUkRunwUwPBOUYLFx7F.jpg</thumbnail>
    <fanart/>
</item>
<item>
    <title>Nightworld: Lost Souls</title>
    <meta>
        <imdb>tt0162104</imdb>
        <content>movie</content>
        <title>Nightworld: Lost Souls</title>
        <year>1998</year>
    </meta>
    <link>
        <sublink>search</sublink>
        <sublink>searchsd</sublink>
    </link>
    <thumbnail>https://image.tmdb.org/t/p/w1280//2uUwgNEgpTtkNAIUBqMsyHD6FjD.jpg</thumbnail>
    <fanart/>
</item>
<item>
    <title>Phantasm IV: Oblivion</title>
    <meta>
        <imdb>tt0138703</imdb>
        <content>movie</content>
        <title>Phantasm IV: Oblivion</title>
        <year>1998</year>
    </meta>
    <link>
        <sublink>search</sublink>
        <sublink>searchsd</sublink>
    </link>
    <thumbnail>https://image.tmdb.org/t/p/w1280//1mBU0bPgOKt0RarqGNyRUbLQbrn.jpg</thumbnail>
    <fanart>https://image.tmdb.org/t/p/w1280//nGtAnq1uWZyVL1U4AexxrasnXPY.jpg</fanart>
</item>
<item>
    <title>Phantoms</title>
    <meta>
        <imdb>tt0119891</imdb>
        <content>movie</content>
        <title>Phantoms</title>
        <year>1998</year>
    </meta>
    <link>
        <sublink>search</sublink>
        <sublink>searchsd</sublink>
    </link>
    <thumbnail>https://image.tmdb.org/t/p/w1280//1V9Yw4hz0PHyY1T4ry8ARuivYxw.jpg</thumbnail>
    <fanart>https://image.tmdb.org/t/p/w1280//iUZ8fJQKQAME6LjkMFjtYBFyTaY.jpg</fanart>
</item>
<item>
    <title>The Prophecy II</title>
    <meta>
        <imdb>tt0118643</imdb>
        <content>movie</content>
        <title>The Prophecy II</title>
        <year>1998</year>
    </meta>
    <link>
        <sublink>search</sublink>
        <sublink>searchsd</sublink>
    </link>
    <thumbnail>https://image.tmdb.org/t/p/w1280//76hvqjjfhOBgp7A99YVH50uID8d.jpg</thumbnail>
    <fanart>https://image.tmdb.org/t/p/w1280//eIpy4nFQYRmLA9z2JcChflVyVU1.jpg</fanart>
</item>
<item>
    <title>Psycho</title>
    <meta>
        <imdb>tt0155975</imdb>
        <content>movie</content>
        <title>Psycho</title>
        <year>1998</year>
    </meta>
    <link>
        <sublink>search</sublink>
        <sublink>searchsd</sublink>
    </link>
    <thumbnail>https://image.tmdb.org/t/p/w1280//5emaTTGS8rnLgZrBS98zqv1XWqE.jpg</thumbnail>
    <fanart>https://image.tmdb.org/t/p/w1280//7Aw6Yy5vPvB1LR6mOdeTi1WNN8m.jpg</fanart>
</item>
<item>
    <title>Razor Blade Smile</title>
    <meta>
        <imdb>tt0159693</imdb>
        <content>movie</content>
        <title>Razor Blade Smile</title>
        <year>1998</year>
    </meta>
    <link>
        <sublink>search</sublink>
        <sublink>searchsd</sublink>
    </link>
    <thumbnail>https://image.tmdb.org/t/p/w1280//r6VsevuCvwV4M54dtHLId1XVgXT.jpg</thumbnail>
    <fanart>https://image.tmdb.org/t/p/w1280//aquWMXb4O6ifXxhnpA3SOB71zXX.jpg</fanart>
</item>
<item>
    <title>Shadow Builder</title>
    <meta>
        <imdb>tt0117611</imdb>
        <content>movie</content>
        <title>Shadow Builder</title>
        <year>1998</year>
    </meta>
    <link>
        <sublink>search</sublink>
        <sublink>searchsd</sublink>
    </link>
    <thumbnail>https://image.tmdb.org/t/p/w1280//fo6tzvyrzC7RAsuU7lwicuae6Bg.jpg</thumbnail>
    <fanart>https://image.tmdb.org/t/p/w1280//i1Bd88MtQNuJxBw8yhXmw103QlA.jpg</fanart>
</item>
<item>
    <title>Shrieker</title>
    <meta>
        <imdb>tt0127282</imdb>
        <content>movie</content>
        <title>Shrieker</title>
        <year>1998</year>
    </meta>
    <link>
        <sublink>search</sublink>
        <sublink>searchsd</sublink>
    </link>
    <thumbnail>https://image.tmdb.org/t/p/w1280//8oyP1I21G9OoRLutxBB7ITUfBrl.jpg</thumbnail>
    <fanart>https://image.tmdb.org/t/p/w1280//rUb7dBLnjfMxFc9TGywTEs5ddme.jpg</fanart>
</item>
<item>
    <title>Sometimes They Come Back... for More</title>
    <meta>
        <imdb>tt0171768</imdb>
        <content>movie</content>
        <title>Sometimes They Come Back... for More</title>
        <year>1998</year>
    </meta>
    <link>
        <sublink>search</sublink>
        <sublink>searchsd</sublink>
    </link>
    <thumbnail>https://image.tmdb.org/t/p/w1280//cXIZPs9CBUQnl8dyhQaH3QhCYZr.jpg</thumbnail>
    <fanart>https://image.tmdb.org/t/p/w1280//3rU62GkCvNOkNmBZRo7dvy0O4nm.jpg</fanart>
</item>
<item>
    <title>Species II</title>
    <meta>
        <imdb>tt0120841</imdb>
        <content>movie</content>
        <title>Species II</title>
        <year>1998</year>
    </meta>
    <link>
        <sublink>search</sublink>
        <sublink>searchsd</sublink>
    </link>
    <thumbnail>https://image.tmdb.org/t/p/w1280//3GwIEvxwMcU9tZO6RqkKHVPDn5z.jpg</thumbnail>
    <fanart>https://image.tmdb.org/t/p/w1280//gu5vJjupYwA4VTgtVrJKOoLYAbD.jpg</fanart>
</item>
<item>
    <title>Sphere</title>
    <meta>
        <imdb>tt0120184</imdb>
        <content>movie</content>
        <title>Sphere</title>
        <year>1998</year>
    </meta>
    <link>
        <sublink>search</sublink>
        <sublink>searchsd</sublink>
    </link>
    <thumbnail>https://image.tmdb.org/t/p/w1280//jrjzPjKnpJq99GPePKf64k7Fzqh.jpg</thumbnail>
    <fanart>https://image.tmdb.org/t/p/w1280//41c9Posihpr1acKmY1zfVle8yET.jpg</fanart>
</item>
<item>
    <title>Strangeland</title>
    <meta>
        <imdb>tt0124102</imdb>
        <content>movie</content>
        <title>Strangeland</title>
        <year>1998</year>
    </meta>
    <link>
        <sublink>search</sublink>
        <sublink>searchsd</sublink>
    </link>
    <thumbnail>https://image.tmdb.org/t/p/w1280//4N5c0y9ab4rbz9un65waaBKWIhq.jpg</thumbnail>
    <fanart>https://image.tmdb.org/t/p/w1280//v9EWoP65WJlEWolNDhIAGMCKCIY.jpg</fanart>
</item>
<item>
    <title>Subspecies 4: Bloodstorm</title>
    <meta>
        <imdb>tt0181315</imdb>
        <content>movie</content>
        <title>Subspecies 4: Bloodstorm</title>
        <year>1998</year>
    </meta>
    <link>
        <sublink>search</sublink>
        <sublink>searchsd</sublink>
    </link>
    <thumbnail>https://image.tmdb.org/t/p/w1280//snm6JIPQo3l7Q6zbEpmUYCtNdid.jpg</thumbnail>
    <fanart>https://image.tmdb.org/t/p/w1280//25rq0579bZgT2NDEpdfe0EoSJmF.jpg</fanart>
</item>
<item>
    <title>Tale of the Mummy</title>
    <meta>
        <imdb>tt0127919</imdb>
        <content>movie</content>
        <title>Tale of the Mummy</title>
        <year>1998</year>
    </meta>
    <link>
        <sublink>search</sublink>
        <sublink>searchsd</sublink>
    </link>
    <thumbnail>https://image.tmdb.org/t/p/w1280//qTsplptvgS68s20BfsrO5TRBdCv.jpg</thumbnail>
    <fanart>https://image.tmdb.org/t/p/w1280//em4nfgXczAUXuuyT6kJc4llwONw.jpg</fanart>
</item>
<item>
    <title>Urban Ghost Story</title>
    <meta>
        <imdb>tt0120423</imdb>
        <content>movie</content>
        <title>Urban Ghost Story</title>
        <year>1998</year>
    </meta>
    <link>
        <sublink>search</sublink>
        <sublink>searchsd</sublink>
    </link>
    <thumbnail>https://image.tmdb.org/t/p/w1280//rv5q7QnYyC1xcMAtwrvKEaFRjKz.jpg</thumbnail>
    <fanart/>
</item>
<item>
    <title>Urban Legend</title>
    <meta>
        <imdb>tt0146336</imdb>
        <content>movie</content>
        <title>Urban Legend</title>
        <year>1998</year>
    </meta>
    <link>
        <sublink>search</sublink>
        <sublink>searchsd</sublink>
    </link>
    <thumbnail>https://image.tmdb.org/t/p/w1280//2oIf0ibr0zlhuhgbOwFSHimh7P6.jpg</thumbnail>
    <fanart>https://image.tmdb.org/t/p/w1280//rH6NsvJg5hYyRigUZhOWDiahUPV.jpg</fanart>
</item>
<item>
    <title>Vampires</title>
    <meta>
        <imdb>tt0120877</imdb>
        <content>movie</content>
        <title>Vampires</title>
        <year>1998</year>
    </meta>
    <link>
        <sublink>search</sublink>
        <sublink>searchsd</sublink>
    </link>
    <thumbnail>https://image.tmdb.org/t/p/w1280//qHGawU64MeGvtU86s6V0MA7MqFV.jpg</thumbnail>
    <fanart>https://image.tmdb.org/t/p/w1280//xhig88hH9sWG9iwEMCmvxyfE5YR.jpg</fanart>
</item>
<item>
    <title>Rasen</title>
    <meta>
        <imdb>tt0134928</imdb>
        <content>movie</content>
        <title>Rasen</title>
        <year>1998</year>
    </meta>
    <link>
        <sublink>search</sublink>
        <sublink>searchsd</sublink>
    </link>
    <thumbnail>https://image.tmdb.org/t/p/w1280//i4a671IfPniEVZOZAYOTV3ZeMDo.jpg</thumbnail>
    <fanart>https://image.tmdb.org/t/p/w1280//rhzUFfAstrDB54XWGsTtVP9xTru.jpg</fanart>
</item>
<item>
    <title>Ringu</title>
    <meta>
        <imdb>tt0178868</imdb>
        <content>movie</content>
        <title>Ringu</title>
        <year>1998</year>
    </meta>
    <link>
        <sublink>search</sublink>
        <sublink>searchsd</sublink>
    </link>
    <thumbnail>https://image.tmdb.org/t/p/w1280//3joRI3S4jK4ZOuxnhauOdc0uvjb.jpg</thumbnail>
    <fanart>https://image.tmdb.org/t/p/w1280//zoBEPyPnJ9dsyoKTz3BfH80Icef.jpg</fanart>
</item>
<item>
    <title>The Untold Story 2</title>
    <meta>
        <imdb>tt0186658</imdb>
        <content>movie</content>
        <title>The Untold Story 2</title>
        <year>1998</year>
    </meta>
    <link>
        <sublink>search</sublink>
        <sublink>searchsd</sublink>
    </link>
    <thumbnail>https://image.tmdb.org/t/p/w1280//o1H1v8RtLLmL36LdBOvshiz3XAB.jpg</thumbnail>
    <fanart/>
</item>
<item>
    <title>Bio Zombie</title>
    <meta>
        <imdb>tt0277605</imdb>
        <content>movie</content>
        <title>Bio Zombie</title>
        <year>1998</year>
    </meta>
    <link>
        <sublink>search</sublink>
        <sublink>searchsd</sublink>
    </link>
    <thumbnail>https://image.tmdb.org/t/p/w1280//oBjYa5N4VyDIkhKIxmKcnokMX2C.jpg</thumbnail>
    <fanart>https://image.tmdb.org/t/p/w1280//s9csCyvsOeObFyZFABwqB4U9nnE.jpg</fanart>
</item>
<item>
    <title>Troublesome Night 4</title>
    <meta>
        <imdb>tt0289586</imdb>
        <content>movie</content>
        <title>Troublesome Night 4</title>
        <year>1998</year>
    </meta>
    <link>
        <sublink>search</sublink>
        <sublink>searchsd</sublink>
    </link>
    <thumbnail>https://image.tmdb.org/t/p/w1280//w4zTzvEKKw1TmamPm911AwmnjIM.jpg</thumbnail>
    <fanart/>
</item>
<item>
    <title>Troublesome Night 3</title>
    <meta>
        <imdb>tt0207839</imdb>
        <content>movie</content>
        <title>Troublesome Night 3</title>
        <year>1998</year>
    </meta>
    <link>
        <sublink>search</sublink>
        <sublink>searchsd</sublink>
    </link>
    <thumbnail>https://image.tmdb.org/t/p/w1280//kJq3XjTyuzBfI3useXm1uRyxeHf.jpg</thumbnail>
    <fanart/>
</item>
<item>
    <title>Whispering Corridors</title>
    <meta>
        <imdb>tt0241073</imdb>
        <content>movie</content>
        <title>Whispering Corridors</title>
        <year>1998</year>
    </meta>
    <link>
        <sublink>search</sublink>
        <sublink>searchsd</sublink>
    </link>
    <thumbnail>https://image.tmdb.org/t/p/w1280//hWTcz8olkZrhL943Bn4xljOxVom.jpg</thumbnail>
    <fanart>https://image.tmdb.org/t/p/w1280//d7JsKCa5G4xIDQrvKDXp3vN6oZV.jpg</fanart>
</item>
