<item>
    <title>All Through the House (2015)</title>
    <meta>
        <content>movie</content>
        <imdb>tt4278962</imdb>
        <title>All Through the House</title>
        <year>2015</year>
    </meta>
    <link>
        <sublink>search</sublink>
        <sublink>searchsd</sublink>
    </link>
    <thumbnail>https://image.tmdb.org/t/p/w1280/4K0gT1DQPvaGzCOtYAR7Y9tHyeJ.jpg</thumbnail>
    <fanart>https://image.tmdb.org/t/p/w1280/yNmKajGxOy9llE9PsJ5fwfC9odG.jpg</fanart>
</item>
<item>
    <title>Krampus (I) (2015)</title>
    <meta>
        <content>movie</content>
        <imdb>tt3850590</imdb>
        <title>Krampus</title>
        <year>I 2015</year>
    </meta>
    <link>
        <sublink>search</sublink>
        <sublink>searchsd</sublink>
    </link>
    <thumbnail>https://image.tmdb.org/t/p/w1280/27SiV4EBHcTBMz4IKANjhX5iIoX.jpg</thumbnail>
    <fanart>https://image.tmdb.org/t/p/w1280/5GsJuYZuG1bkuSI8FeWol5nvR9S.jpg</fanart>
</item>
<item>
    <title>The Nightmare Before Christmas (1993)</title>
    <meta>
        <content>movie</content>
        <imdb>tt0107688</imdb>
        <title>The Nightmare Before Christmas</title>
        <year>1993</year>
    </meta>
    <link>
        <sublink>search</sublink>
        <sublink>searchsd</sublink>
    </link>
    <thumbnail>https://image.tmdb.org/t/p/w1280/6oxkO1VgKCq74fNILKAg6t2dVEt.jpg</thumbnail>
    <fanart>https://image.tmdb.org/t/p/w1280/8MzrNA4WMwgKnGzOzqFZpa9gEhm.jpg</fanart>
</item>
<item>
    <title>A Christmas Horror Story (2015)</title>
    <meta>
        <content>movie</content>
        <imdb>tt3688406</imdb>
        <title>A Christmas Horror Story</title>
        <year>2015</year>
    </meta>
    <link>
        <sublink>search</sublink>
        <sublink>searchsd</sublink>
    </link>
    <thumbnail>https://image.tmdb.org/t/p/w1280/2j7TfOmZiIpKWjHvXcqfKgOOtpw.jpg</thumbnail>
    <fanart>https://image.tmdb.org/t/p/w1280/rIZ5Qd8wHWhz7unRI1YUgpkTjpJ.jpg</fanart>
</item>
<item>
    <title>The Melancholy Fantastic (2011)</title>
    <meta>
        <content>movie</content>
        <imdb>tt1486846</imdb>
        <title>The Melancholy Fantastic</title>
        <year>2011</year>
    </meta>
    <link>
        <sublink>search</sublink>
        <sublink>searchsd</sublink>
    </link>
    <thumbnail>https://image.tmdb.org/t/p/w1280/n2pxAFOkCrk3h2BS4YvbxfHuMuq.jpg</thumbnail>
    <fanart>https://image.tmdb.org/t/p/w1280none</fanart>
</item>
<item>
    <title>Sint (2010)</title>
    <meta>
        <content>movie</content>
        <imdb>tt1167675</imdb>
        <title>Sint</title>
        <year>2010</year>
    </meta>
    <link>
        <sublink>search</sublink>
        <sublink>searchsd</sublink>
    </link>
    <thumbnail>https://image.tmdb.org/t/p/w1280/eMDgTtYeLxG7TBJaX3dR52oeZ4K.jpg</thumbnail>
    <fanart>https://image.tmdb.org/t/p/w1280/iJz43pkfZGvvC8UR1d3VwyhcxbH.jpg</fanart>
</item>
<item>
    <title>Home for the Holidays (1972 TV Movie)</title>
    <meta>
        <content>movie</content>
        <imdb>tt0068708</imdb>
        <title>Home for the Holidays</title>
        <year>1972 TV Movie</year>
    </meta>
    <link>
        <sublink>search</sublink>
        <sublink>searchsd</sublink>
    </link>
    <thumbnail>https://image.tmdb.org/t/p/w1280/iX8hyPXbkcUCnwqdiPeG3o1ECht.jpg</thumbnail>
    <fanart>https://image.tmdb.org/t/p/w1280/rkigUPpxJeMEvsqyybGzzD5NkdW.jpg</fanart>
</item>
<item>
    <title>The Children (2008)</title>
    <meta>
        <content>movie</content>
        <imdb>tt1172571</imdb>
        <title>The Children</title>
        <year>2008</year>
    </meta>
    <link>
        <sublink>search</sublink>
        <sublink>searchsd</sublink>
    </link>
    <thumbnail>https://image.tmdb.org/t/p/w1280/xWfWWbVOFJjOZpZTiK9tTwr67oI.jpg</thumbnail>
    <fanart>https://image.tmdb.org/t/p/w1280/s9T78pgw9cimdSqtqZM3YZQ9kGI.jpg</fanart>
</item>
<item>
    <title>Silent Night (I) (2012)</title>
    <meta>
        <content>movie</content>
        <imdb>tt2347497</imdb>
        <title>Silent Night</title>
        <year>I 2012</year>
    </meta>
    <link>
        <sublink>search</sublink>
        <sublink>searchsd</sublink>
    </link>
    <thumbnail>https://image.tmdb.org/t/p/w1280/f5UMEIJEIbWz9wnBSxACxu5crz.jpg</thumbnail>
    <fanart>https://image.tmdb.org/t/p/w1280/fLP19oyg6LKsmp4gLdDGle8gDBC.jpg</fanart>
</item>
<item>
    <title>Silent Night, Bloody Night (1972)</title>
    <meta>
        <content>movie</content>
        <imdb>tt0070694</imdb>
        <title>Silent Night, Bloody Night</title>
        <year>1972</year>
    </meta>
    <link>
        <sublink>search</sublink>
        <sublink>searchsd</sublink>
    </link>
    <thumbnail>https://image.tmdb.org/t/p/w1280/jbJNagTN312TF6gOAOIdSeycI4J.jpg</thumbnail>
    <fanart>https://image.tmdb.org/t/p/w1280/ylJIWzFi1U0164E5jjsojx2EvUG.jpg</fanart>
</item>
<item>
    <title>Good Tidings (2016)</title>
    <meta>
        <content>movie</content>
        <imdb>tt4823524</imdb>
        <title>Good Tidings</title>
        <year>2016</year>
    </meta>
    <link>
        <sublink>search</sublink>
        <sublink>searchsd</sublink>
    </link>
    <thumbnail>https://image.tmdb.org/t/p/w1280/v2Zq0VnBtP2az5riGUZFKt204FG.jpg</thumbnail>
    <fanart>https://image.tmdb.org/t/p/w1280none</fanart>
</item>
<item>
    <title>Gremlins (1984)</title>
    <meta>
        <content>movie</content>
        <imdb>tt0087363</imdb>
        <title>Gremlins</title>
        <year>1984</year>
    </meta>
    <link>
        <sublink>search</sublink>
        <sublink>searchsd</sublink>
    </link>
    <thumbnail>https://image.tmdb.org/t/p/w1280/gXDHxQ92qyF6LUYwn6xuK2L8TYW.jpg</thumbnail>
    <fanart>https://image.tmdb.org/t/p/w1280/xZ5SUO6YtIcSwRuKZhNLBfCJzpv.jpg</fanart>
</item>
<item>
    <title>Santa's Slay (2005)</title>
    <meta>
        <content>movie</content>
        <imdb>tt0393685</imdb>
        <title>Santa's Slay</title>
        <year>2005</year>
    </meta>
    <link>
        <sublink>search</sublink>
        <sublink>searchsd</sublink>
    </link>
    <thumbnail>https://image.tmdb.org/t/p/w1280/5l53ODRlAUx0gAIIY3QsgCqfNfp.jpg</thumbnail>
    <fanart>https://image.tmdb.org/t/p/w1280/4rFNFAOXQHcCYm91rOXk7Edg3uC.jpg</fanart>
</item>
<item>
    <title>Rare Exports (2010)</title>
    <meta>
        <content>movie</content>
        <imdb>tt1401143</imdb>
        <title>Rare Exports</title>
        <year>2010</year>
    </meta>
    <link>
        <sublink>search</sublink>
        <sublink>searchsd</sublink>
    </link>
    <thumbnail>https://image.tmdb.org/t/p/w1280/5i8HjOfLxmklmVETvypRJH001pP.jpg</thumbnail>
    <fanart>https://image.tmdb.org/t/p/w1280/fDYF8Mt5JeZPzIhlZedA6LWuJFc.jpg</fanart>
</item>
<item>
    <title>Jack Frost (1997 Video)</title>
    <meta>
        <content>movie</content>
        <imdb>tt0116671</imdb>
        <title>Jack Frost</title>
        <year>1997 Video</year>
    </meta>
    <link>
        <sublink>search</sublink>
        <sublink>searchsd</sublink>
    </link>
    <thumbnail>https://image.tmdb.org/t/p/w1280/3H3cvVzlTddpnywZ4ytreMc98Pz.jpg</thumbnail>
    <fanart>https://image.tmdb.org/t/p/w1280/i9ETP34tzNfNsLD0rJ51y8YPbkj.jpg</fanart>
</item>
<item>
    <title>Red Christmas (I) (2016)</title>
    <meta>
        <content>movie</content>
        <imdb>tt5120400</imdb>
        <title>Red Christmas</title>
        <year>I 2016</year>
    </meta>
    <link>
        <sublink>search</sublink>
        <sublink>searchsd</sublink>
    </link>
    <thumbnail>https://image.tmdb.org/t/p/w1280/xxzTYIpAIfumdwIXrcNOvvjkcYa.jpg</thumbnail>
    <fanart>https://image.tmdb.org/t/p/w1280/xTdtYaXaFAWgJneTGH0xAcGTTsb.jpg</fanart>
</item>
<item>
    <title>Deathly Presents (2015)</title>
    <meta>
        <content>movie</content>
        <imdb>tt5214694</imdb>
        <title>Deathly Presents</title>
        <year>2015</year>
    </meta>
    <link>
        <sublink>search</sublink>
        <sublink>searchsd</sublink>
    </link>
    <thumbnail>https://image.tmdb.org/t/p/w1280/17tvnqZRCv1c4VW8PX7NcspkX1F.jpg</thumbnail>
    <fanart>https://image.tmdb.org/t/p/w1280/zx3qwxDyDObbkzdElMrZwuEr4xQ.jpg</fanart>
</item>
<item>
    <title>Black Christmas (1974)</title>
    <meta>
        <content>movie</content>
        <imdb>tt0071222</imdb>
        <title>Black Christmas</title>
        <year>1974</year>
    </meta>
    <link>
        <sublink>search</sublink>
        <sublink>searchsd</sublink>
    </link>
    <thumbnail>https://image.tmdb.org/t/p/w1280/qqO98sdPgptFgCua3Z4uZDuPcmP.jpg</thumbnail>
    <fanart>https://image.tmdb.org/t/p/w1280/zfs9QuKkZL6ZCluGvjo5Pk49aMv.jpg</fanart>
</item>
<item>
    <title>Silent Night, Deadly Night (1984)</title>
    <meta>
        <content>movie</content>
        <imdb>tt0088117</imdb>
        <title>Silent Night, Deadly Night</title>
        <year>1984</year>
    </meta>
    <link>
        <sublink>search</sublink>
        <sublink>searchsd</sublink>
    </link>
    <thumbnail>https://image.tmdb.org/t/p/w1280/2Lu1ry6sM1aQzZijIQrdBF70rX8.jpg</thumbnail>
    <fanart>https://image.tmdb.org/t/p/w1280/ylrwx7Smk0Ybs40dkBY0IRlsh3x.jpg</fanart>
</item>
<item>
    <title>Don't Open Till Christmas (1984)</title>
    <meta>
        <content>movie</content>
        <imdb>tt0089038</imdb>
        <title>Don't Open Till Christmas</title>
        <year>1984</year>
    </meta>
    <link>
        <sublink>search</sublink>
        <sublink>searchsd</sublink>
    </link>
    <thumbnail>https://image.tmdb.org/t/p/w1280/aq1gQXAUq8zma4dPxgbgtC2PEt5.jpg</thumbnail>
    <fanart>https://image.tmdb.org/t/p/w1280/5xgKxqmcPrUL0FdRdxLC5oZd2w.jpg</fanart>
</item>
<item>
    <title>To All a Goodnight (1980)</title>
    <meta>
        <content>movie</content>
        <imdb>tt0086449</imdb>
        <title>To All a Goodnight</title>
        <year>1980</year>
    </meta>
    <link>
        <sublink>search</sublink>
        <sublink>searchsd</sublink>
    </link>
    <thumbnail>https://image.tmdb.org/t/p/w1280/5btIBXtjkNXgoRHBl2VnKc0GPRR.jpg</thumbnail>
    <fanart>https://image.tmdb.org/t/p/w1280/AoEN7orDG7Jcl2FmzUzjpnkLrfS.jpg</fanart>
</item>
<item>
    <title>Silent Night, Deadly Night 5: The Toy Maker (1991 Video)</title>
    <meta>
        <content>movie</content>
        <imdb>tt0105410</imdb>
        <title>Silent Night, Deadly Night 5: The Toy Maker</title>
        <year>1991 Video</year>
    </meta>
    <link>
        <sublink>search</sublink>
        <sublink>searchsd</sublink>
    </link>
    <thumbnail>https://image.tmdb.org/t/p/w1280/pM7fzaIiC6Cu2dPS6i5Ii2uMNkU.jpg</thumbnail>
    <fanart>https://image.tmdb.org/t/p/w1280/9N9AwRjoiOmqSgVN5bJL5VxUp4P.jpg</fanart>
</item>
<item>
    <title>Black Christmas: The Night Billy Came Home (2016)</title>
    <meta>
        <content>movie</content>
        <imdb>tt4942404</imdb>
        <title>Black Christmas: The Night Billy Came Home</title>
        <year>2016</year>
    </meta>
    <link>
        <sublink>search</sublink>
        <sublink>searchsd</sublink>
    </link>
    <thumbnail>https://image.tmdb.org/t/p/w1280none</thumbnail>
    <fanart>https://image.tmdb.org/t/p/w1280none</fanart>
</item>
<item>
    <title>Treevenge (2008)</title>
    <meta>
        <content>movie</content>
        <imdb>tt1343750</imdb>
        <title>Treevenge</title>
        <year>2008</year>
    </meta>
    <link>
        <sublink>search</sublink>
        <sublink>searchsd</sublink>
    </link>
    <thumbnail>https://image.tmdb.org/t/p/w1280/1BgmiuYRxhY9Yqs6cE6ZtxLNTMI.jpg</thumbnail>
    <fanart>https://image.tmdb.org/t/p/w1280/qfWQ7VmQ8nPwEMxNKcCF9WrcmEV.jpg</fanart>
</item>
<item>
    <title>Krampus Unleashed (2016)</title>
    <meta>
        <content>movie</content>
        <imdb>tt5714322</imdb>
        <title>Krampus Unleashed</title>
        <year>2016</year>
    </meta>
    <link>
        <sublink>search</sublink>
        <sublink>searchsd</sublink>
    </link>
    <thumbnail>https://image.tmdb.org/t/p/w1280/oBSbSva8ittIDZ7TFAZCgcx0qCh.jpg</thumbnail>
    <fanart>https://image.tmdb.org/t/p/w1280/akytSvJaGcpIzSmLUSmXf5VO1vA.jpg</fanart>
</item>
<item>
    <title>Do You See What I See? (2016)</title>
    <meta>
        <content>movie</content>
        <imdb>tt5291770</imdb>
        <title>Do You See What I See?</title>
        <year>2016</year>
    </meta>
    <link>
        <sublink>search</sublink>
        <sublink>searchsd</sublink>
    </link>
    <thumbnail>https://image.tmdb.org/t/p/w1280/8AS3kxH5aG6TXM3MWhcajTp1NeJ.jpg</thumbnail>
    <fanart>https://image.tmdb.org/t/p/w1280none</fanart>
</item>
<item>
    <title>Elves (1989)</title>
    <meta>
        <content>movie</content>
        <imdb>tt0099496</imdb>
        <title>Elves</title>
        <year>1989</year>
    </meta>
    <link>
        <sublink>search</sublink>
        <sublink>searchsd</sublink>
    </link>
    <thumbnail>https://image.tmdb.org/t/p/w1280/w1cGcdvhcpgm9Rd7KiO7NnmXeFC.jpg</thumbnail>
    <fanart>https://image.tmdb.org/t/p/w1280/idXLdoJea91G7axEjxBlJwl5Pbd.jpg</fanart>
</item>
<item>
    <title>Silent Night, Deadly Night 3: Better Watch Out! (1989 Video)</title>
    <meta>
        <content>movie</content>
        <imdb>tt0098331</imdb>
        <title>Silent Night, Deadly Night 3: Better Watch Out!</title>
        <year>1989 Video</year>
    </meta>
    <link>
        <sublink>search</sublink>
        <sublink>searchsd</sublink>
    </link>
    <thumbnail>https://image.tmdb.org/t/p/w1280/wDTF7CDDZrOY7GsOq6RAUVWnalj.jpg</thumbnail>
    <fanart>https://image.tmdb.org/t/p/w1280/uiiaJhOqLKpasS8u6NIz5SfgJDZ.jpg</fanart>
</item>
