<item>
    <title>Wind Chill (2007)</title>
    <meta>
        <content>movie</content>
        <imdb>tt0486051</imdb>
        <title>Wind Chill</title>
        <year>2007</year>
    </meta>
    <link>
        <sublink>search</sublink>
        <sublink>searchsd</sublink>
    </link>
    <thumbnail>https://image.tmdb.org/t/p/w1280/pEVChTdLzgXO1fBvlSYFsukWlP4.jpg</thumbnail>
    <fanart>https://image.tmdb.org/t/p/w1280/22GnNdZgrWlsSWobEu9vm2c6Hyl.jpg</fanart>
</item>
<item>
    <title>30 Days of Night (2007)</title>
    <meta>
        <content>movie</content>
        <imdb>tt0389722</imdb>
        <title>30 Days of Night</title>
        <year>2007</year>
    </meta>
    <link>
        <sublink>search</sublink>
        <sublink>searchsd</sublink>
    </link>
    <thumbnail>https://image.tmdb.org/t/p/w1280/utaOrixJukf5HrlMjmHrRhA7DKk.jpg</thumbnail>
    <fanart>https://image.tmdb.org/t/p/w1280/o3DpXmKBjLUNrd7P1R1cyO5sQsn.jpg</fanart>
</item>
<item>
    <title>Fritt vilt (2006)</title>
    <meta>
        <content>movie</content>
        <imdb>tt0808276</imdb>
        <title>Fritt vilt</title>
        <year>2006</year>
    </meta>
    <link>
        <sublink>search</sublink>
        <sublink>searchsd</sublink>
    </link>
    <thumbnail>https://image.tmdb.org/t/p/w1280/nR9Gqb50QB226nX7Npe2F9Am2tL.jpg</thumbnail>
    <fanart>https://image.tmdb.org/t/p/w1280/r6jVsX6j3xVEoSjHdAEDvIYIA1k.jpg</fanart>
</item>
<item>
    <title>Frozen (I) (2010)</title>
    <meta>
        <content>movie</content>
        <imdb>tt1323045</imdb>
        <title>Frozen</title>
        <year>I 2010</year>
    </meta>
    <link>
        <sublink>search</sublink>
        <sublink>searchsd</sublink>
    </link>
    <thumbnail>https://image.tmdb.org/t/p/w1280/lfZNJlAZoheNVHPBhTTlpkBQj4B.jpg</thumbnail>
    <fanart>https://image.tmdb.org/t/p/w1280/kiZpArvuH2va7c4QV0bgX2KFKgB.jpg</fanart>
</item>
<item>
    <title>Let the Right One In (2008)</title>
    <meta>
        <content>movie</content>
        <imdb>tt1139797</imdb>
        <title>Let the Right One In</title>
        <year>2008</year>
    </meta>
    <link>
        <sublink>search</sublink>
        <sublink>searchsd</sublink>
    </link>
    <thumbnail>https://image.tmdb.org/t/p/w1280/9FGpMfbpKjN7i2jF2gQpvQvK9VB.jpg</thumbnail>
    <fanart>https://image.tmdb.org/t/p/w1280/wMRVKIIIn5035KIY0J793aHWVOj.jpg</fanart>
</item>
<item>
    <title>Let Me In (I) (2010)</title>
    <meta>
        <content>movie</content>
        <imdb>tt1228987</imdb>
        <title>Let Me In</title>
        <year>I 2010</year>
    </meta>
    <link>
        <sublink>search</sublink>
        <sublink>searchsd</sublink>
    </link>
    <thumbnail>https://image.tmdb.org/t/p/w1280/90Y8RVSlOnWsG8PO6evI4ycXItg.jpg</thumbnail>
    <fanart>https://image.tmdb.org/t/p/w1280/uLhpV983X2BLSpnfzwASZWmgEUL.jpg</fanart>
</item>
<item>
    <title>Whiteout (2009)</title>
    <meta>
        <content>movie</content>
        <imdb>tt0365929</imdb>
        <title>Whiteout</title>
        <year>2009</year>
    </meta>
    <link>
        <sublink>search</sublink>
        <sublink>searchsd</sublink>
    </link>
    <thumbnail>https://image.tmdb.org/t/p/w1280/oC28DSfylqtkf8AWkr0cVj7TcjS.jpg</thumbnail>
    <fanart>https://image.tmdb.org/t/p/w1280/s8bzKMJmmQfrrNdgo8KyuJQI05d.jpg</fanart>
</item>
<item>
    <title>Dreamcatcher (2003)</title>
    <meta>
        <content>movie</content>
        <imdb>tt0285531</imdb>
        <title>Dreamcatcher</title>
        <year>2003</year>
    </meta>
    <link>
        <sublink>search</sublink>
        <sublink>searchsd</sublink>
    </link>
    <thumbnail>https://image.tmdb.org/t/p/w1280/A85mIkXdJvOwHxIQIEaN147GSLD.jpg</thumbnail>
    <fanart>https://image.tmdb.org/t/p/w1280/4fZGIqAW79EOhuUAmQ4STL7lDne.jpg</fanart>
</item>
<item>
    <title>The Last Winter (2006)</title>
    <meta>
        <content>movie</content>
        <imdb>tt0454864</imdb>
        <title>The Last Winter</title>
        <year>2006</year>
    </meta>
    <link>
        <sublink>search</sublink>
        <sublink>searchsd</sublink>
    </link>
    <thumbnail>https://image.tmdb.org/t/p/w1280/7heZp0irXazXV9uipgJm5FjZrbC.jpg</thumbnail>
    <fanart>https://image.tmdb.org/t/p/w1280/aG6dn4xSeYcPN3L7wCp6fNm91Ju.jpg</fanart>
</item>
<item>
    <title>Frostbitten (2006)</title>
    <meta>
        <content>movie</content>
        <imdb>tt0454457</imdb>
        <title>Frostbitten</title>
        <year>2006</year>
    </meta>
    <link>
        <sublink>search</sublink>
        <sublink>searchsd</sublink>
    </link>
    <thumbnail>https://image.tmdb.org/t/p/w1280/v2cD7WkKPLauV9ffXH6C1TZaVIS.jpg</thumbnail>
    <fanart>https://image.tmdb.org/t/p/w1280/B9twIQ1P1a11XIDUytib5vcQy9.jpg</fanart>
</item>
<item>
    <title>The Children (2008)</title>
    <meta>
        <content>movie</content>
        <imdb>tt1172571</imdb>
        <title>The Children</title>
        <year>2008</year>
    </meta>
    <link>
        <sublink>search</sublink>
        <sublink>searchsd</sublink>
    </link>
    <thumbnail>https://image.tmdb.org/t/p/w1280/xWfWWbVOFJjOZpZTiK9tTwr67oI.jpg</thumbnail>
    <fanart>https://image.tmdb.org/t/p/w1280/s9T78pgw9cimdSqtqZM3YZQ9kGI.jpg</fanart>
</item>
<item>
    <title>Whisper (I) (2007)</title>
    <meta>
        <content>movie</content>
        <imdb>tt0435528</imdb>
        <title>Whisper</title>
        <year>I 2007</year>
    </meta>
    <link>
        <sublink>search</sublink>
        <sublink>searchsd</sublink>
    </link>
    <thumbnail>https://image.tmdb.org/t/p/w1280/8Rv4qeECuuFiz9JpqXHonovxZrq.jpg</thumbnail>
    <fanart>https://image.tmdb.org/t/p/w1280/s9C0cagB2y7OgIeRVdGp5gW1Cr0.jpg</fanart>
</item>
<item>
    <title>The Grey (2011)</title>
    <meta>
        <content>movie</content>
        <imdb>tt1601913</imdb>
        <title>The Grey</title>
        <year>2011</year>
    </meta>
    <link>
        <sublink>search</sublink>
        <sublink>searchsd</sublink>
    </link>
    <thumbnail>https://image.tmdb.org/t/p/w1280/bwN4x9RTLtDUDvaOWg4yvOBU38I.jpg</thumbnail>
    <fanart>https://image.tmdb.org/t/p/w1280/888jtZz0mWfANiml4Pfe9567o3X.jpg</fanart>
</item>
<item>
    <title>The Thing (1982)</title>
    <meta>
        <content>movie</content>
        <imdb>tt0084787</imdb>
        <title>The Thing</title>
        <year>1982</year>
    </meta>
    <link>
        <sublink>search</sublink>
        <sublink>searchsd</sublink>
    </link>
    <thumbnail>https://image.tmdb.org/t/p/w1280/s5fH3GqFcHbi2F0NSBSh4KRNTc0.jpg</thumbnail>
    <fanart>https://image.tmdb.org/t/p/w1280/7mdGrxp3ZL2OqNSrQ5LoYySi5MH.jpg</fanart>
</item>
<item>
    <title>The Thing (I) (2011)</title>
    <meta>
        <content>movie</content>
        <imdb>tt0905372</imdb>
        <title>The Thing</title>
        <year>I 2011</year>
    </meta>
    <link>
        <sublink>search</sublink>
        <sublink>searchsd</sublink>
    </link>
    <thumbnail>https://image.tmdb.org/t/p/w1280/a2Cme25fHcSdIQ2wW6aWmE4owUI.jpg</thumbnail>
    <fanart>https://image.tmdb.org/t/p/w1280/mspjoQKJ8NSvJZ6BzaM1XKNzofD.jpg</fanart>
</item>
<item>
    <title>The Colony (I) (2013)</title>
    <meta>
        <content>movie</content>
        <imdb>tt1160996</imdb>
        <title>The Colony</title>
        <year>I 2013</year>
    </meta>
    <link>
        <sublink>search</sublink>
        <sublink>searchsd</sublink>
    </link>
    <thumbnail>https://image.tmdb.org/t/p/w1280/oYeCfvBSdIfxGSlSXMwtAUzKiJC.jpg</thumbnail>
    <fanart>https://image.tmdb.org/t/p/w1280/kCF76wyci4fe4DYsOIRLq1KI92t.jpg</fanart>
</item>
<item>
    <title>Devil's Pass (2013)</title>
    <meta>
        <content>movie</content>
        <imdb>tt1905040</imdb>
        <title>Devil's Pass</title>
        <year>2013</year>
    </meta>
    <link>
        <sublink>search</sublink>
        <sublink>searchsd</sublink>
    </link>
    <thumbnail>https://image.tmdb.org/t/p/w1280/3JQbPneTS10fxhgiRXfe4FXtT8S.jpg</thumbnail>
    <fanart>https://image.tmdb.org/t/p/w1280/xRxI1oeXtG2Kxh5YQ2PjjQVizfY.jpg</fanart>
</item>
<item>
    <title>Barricade (2012)</title>
    <meta>
        <content>movie</content>
        <imdb>tt1861279</imdb>
        <title>Barricade</title>
        <year>2012</year>
    </meta>
    <link>
        <sublink>search</sublink>
        <sublink>searchsd</sublink>
    </link>
    <thumbnail>https://image.tmdb.org/t/p/w1280/sjJWtDYyUdJ5jyZTmV5CYSSsPDH.jpg</thumbnail>
    <fanart>https://image.tmdb.org/t/p/w1280/zFmwc5YN03nU6W4bXwYrZyP1UBV.jpg</fanart>
</item>
<item>
    <title>The Shining (1980)</title>
    <meta>
        <content>movie</content>
        <imdb>tt0081505</imdb>
        <title>The Shining</title>
        <year>1980</year>
    </meta>
    <link>
        <sublink>search</sublink>
        <sublink>searchsd</sublink>
    </link>
    <thumbnail>https://image.tmdb.org/t/p/w1280/9fgh3Ns1iRzlQNYuJyK0ARQZU7w.jpg</thumbnail>
    <fanart>https://image.tmdb.org/t/p/w1280/h4DcDCOkQBENWBJZjNlPv3adQfM.jpg</fanart>
</item>
<item>
    <title>Misery (1990)</title>
    <meta>
        <content>movie</content>
        <imdb>tt0100157</imdb>
        <title>Misery</title>
        <year>1990</year>
    </meta>
    <link>
        <sublink>search</sublink>
        <sublink>searchsd</sublink>
    </link>
    <thumbnail>https://image.tmdb.org/t/p/w1280/s0Ot5zUmVF1jSN9WpBHRafvUPld.jpg</thumbnail>
    <fanart>https://image.tmdb.org/t/p/w1280/43HsIo5PPMIs42tmtNmqiuJVSNR.jpg</fanart>
</item>
<item>
    <title>The X Files: I Want to Believe (2008)</title>
    <meta>
        <content>movie</content>
        <imdb>tt0443701</imdb>
        <title>The X Files: I Want to Believe</title>
        <year>2008</year>
    </meta>
    <link>
        <sublink>search</sublink>
        <sublink>searchsd</sublink>
    </link>
    <thumbnail>https://image.tmdb.org/t/p/w1280/6IHiWSCS1tAqfxrwEXTJ9A1LD7R.jpg</thumbnail>
    <fanart>https://image.tmdb.org/t/p/w1280/uW9QJ5uboxWUC0yeoiICKdhDrln.jpg</fanart>
</item>
<item>
    <title>Wrong Turn 4: Bloody Beginnings (2011)</title>
    <meta>
        <content>movie</content>
        <imdb>tt1865567</imdb>
        <title>Wrong Turn 4: Bloody Beginnings</title>
        <year>2011</year>
    </meta>
    <link>
        <sublink>search</sublink>
        <sublink>searchsd</sublink>
    </link>
    <thumbnail>https://image.tmdb.org/t/p/w1280/ogAYr3SdD5j2bFRX5briSOhe0Rw.jpg</thumbnail>
    <fanart>https://image.tmdb.org/t/p/w1280/lWU9q6992huj0TPi53kemgYGPo8.jpg</fanart>
</item>
<item>
    <title>Black Christmas (1974)</title>
    <meta>
        <content>movie</content>
        <imdb>tt0071222</imdb>
        <title>Black Christmas</title>
        <year>1974</year>
    </meta>
    <link>
        <sublink>search</sublink>
        <sublink>searchsd</sublink>
    </link>
    <thumbnail>https://image.tmdb.org/t/p/w1280/qqO98sdPgptFgCua3Z4uZDuPcmP.jpg</thumbnail>
    <fanart>https://image.tmdb.org/t/p/w1280/zfs9QuKkZL6ZCluGvjo5Pk49aMv.jpg</fanart>
</item>
<item>
    <title>My Little Eye (2002)</title>
    <meta>
        <content>movie</content>
        <imdb>tt0280969</imdb>
        <title>My Little Eye</title>
        <year>2002</year>
    </meta>
    <link>
        <sublink>search</sublink>
        <sublink>searchsd</sublink>
    </link>
    <thumbnail>https://image.tmdb.org/t/p/w1280/3NYZyaXq9Z8uomEfatmsY6NjMFt.jpg</thumbnail>
    <fanart>https://image.tmdb.org/t/p/w1280/bBwt8NN6vkzDGXCt4shc8h8JmH9.jpg</fanart>
</item>
<item>
    <title>Silent Night, Deadly Night (1984)</title>
    <meta>
        <content>movie</content>
        <imdb>tt0088117</imdb>
        <title>Silent Night, Deadly Night</title>
        <year>1984</year>
    </meta>
    <link>
        <sublink>search</sublink>
        <sublink>searchsd</sublink>
    </link>
    <thumbnail>https://image.tmdb.org/t/p/w1280/2Lu1ry6sM1aQzZijIQrdBF70rX8.jpg</thumbnail>
    <fanart>https://image.tmdb.org/t/p/w1280/ylrwx7Smk0Ybs40dkBY0IRlsh3x.jpg</fanart>
</item>
<item>
    <title>Black Christmas (2006)</title>
    <meta>
        <content>movie</content>
        <imdb>tt0454082</imdb>
        <title>Black Christmas</title>
        <year>2006</year>
    </meta>
    <link>
        <sublink>search</sublink>
        <sublink>searchsd</sublink>
    </link>
    <thumbnail>https://image.tmdb.org/t/p/w1280/awKDTSKyQnskzB0DZfORBPzhCE5.jpg</thumbnail>
    <fanart>https://image.tmdb.org/t/p/w1280/iZCwgzx0hAwooZulFIhEuYqLd8W.jpg</fanart>
</item>
<item>
    <title>Ravenous (1999)</title>
    <meta>
        <content>movie</content>
        <imdb>tt0129332</imdb>
        <title>Ravenous</title>
        <year>1999</year>
    </meta>
    <link>
        <sublink>search</sublink>
        <sublink>searchsd</sublink>
    </link>
    <thumbnail>https://image.tmdb.org/t/p/w1280/spwvStEA4CraTXPOcONrDzncXOZ.jpg</thumbnail>
    <fanart>https://image.tmdb.org/t/p/w1280/tG7ydFmDr2Y1kecUCM6foFxmJjP.jpg</fanart>
</item>
<item>
    <title>Dead of Winter (1987)</title>
    <meta>
        <content>movie</content>
        <imdb>tt0092842</imdb>
        <title>Dead of Winter</title>
        <year>1987</year>
    </meta>
    <link>
        <sublink>search</sublink>
        <sublink>searchsd</sublink>
    </link>
    <thumbnail>https://image.tmdb.org/t/p/w1280/97dLwI2CPbOkcdGKRiXsfTWbXS0.jpg</thumbnail>
    <fanart>https://image.tmdb.org/t/p/w1280/7cWXPTXb3y6tSNKZcheZ4tdCWnK.jpg</fanart>
</item>
<item>
    <title>Orphan (2009)</title>
    <meta>
        <content>movie</content>
        <imdb>tt1148204</imdb>
        <title>Orphan</title>
        <year>2009</year>
    </meta>
    <link>
        <sublink>search</sublink>
        <sublink>searchsd</sublink>
    </link>
    <thumbnail>https://image.tmdb.org/t/p/w1280/52izb01N4y8JehddYlsxAKK18M9.jpg</thumbnail>
    <fanart>https://image.tmdb.org/t/p/w1280/4lgsLqm3H1G0pueeDwqzPJwqpQr.jpg</fanart>
</item>
<item>
    <title>The Shining (1997)</title>
    <meta>
        <content>movie</content>
        <imdb>tt0118460</imdb>
        <title>The Shining</title>
        <year>1997</year>
    </meta>
    <link>
        <sublink>search</sublink>
        <sublink>searchsd</sublink>
    </link>
    <thumbnail>https://image.tmdb.org/t/p/w1280none</thumbnail>
    <fanart>https://image.tmdb.org/t/p/w1280none</fanart>
</item>
<item>
    <title>The Corridor (I) (2010)</title>
    <meta>
        <content>movie</content>
        <imdb>tt1602617</imdb>
        <title>The Corridor</title>
        <year>I 2010</year>
    </meta>
    <link>
        <sublink>search</sublink>
        <sublink>searchsd</sublink>
    </link>
    <thumbnail>https://image.tmdb.org/t/p/w1280/grhEHqhGYG7Ri3O756EBCPwHZOp.jpg</thumbnail>
    <fanart>https://image.tmdb.org/t/p/w1280/8iDTAFBuuMQx6odvxMZuQKzcCzG.jpg</fanart>
</item>
<item>
    <title>Black Mountain Side (2014)</title>
    <meta>
        <content>movie</content>
        <imdb>tt3139756</imdb>
        <title>Black Mountain Side</title>
        <year>2014</year>
    </meta>
    <link>
        <sublink>search</sublink>
        <sublink>searchsd</sublink>
    </link>
    <thumbnail>https://image.tmdb.org/t/p/w1280/tEvH7xwTKGK7TJIBA3JniL5jm37.jpg</thumbnail>
    <fanart>https://image.tmdb.org/t/p/w1280/wsNetBzFcFegJG5dUc3jnPRTIAZ.jpg</fanart>
</item>
