<?xml version="1.0" encoding="UTF-8"?>
<addon id="skin.tantrumlightreda" version="1.4.4" name="Tantrum.TV Light Red (Adult)" provider-name="MuadDib, Jezz_X, Team Kodi">
    <requires>
        <import addon="xbmc.gui" version="5.12.0"/>
        <import addon="resource.images.weatherfanart.tantrum" version="1.0.0"/>
        <import addon="resource.images.tantrumicons" version="1.0.3"/>
    </requires>
    <extension point="xbmc.gui.skin" debugging="false" effectslowdown="1.0">
        <res width="1280" height="720" aspect="16:9" default="true" folder="720p" />
    </extension>
    <extension point="xbmc.addon.metadata">
        <summary lang="en">Tantrum.TV Skin, ported from Confluence</summary>
        <description lang="en">Tantrum.TV Red Skin, ported from Confluence. This is designed specifically for our Adult Build</description>
        <disclaimer lang="en">For help and support ... Please visit our group on Facebook!</disclaimer>
        <platform>all</platform>
        <license>GNU General Public License version 2</license>
        <forum>https://www.facebook.com/groups/1709673909327662/</forum>
        <website>http://www.tantrumtv.com</website>
        <email/>
        <assets>
            <icon>resources/icon.png</icon>
            <fanart>resources/fanart.jpg</fanart>
            <screenshot>resources/screenshot-01.jpg</screenshot>
            <screenshot>resources/screenshot-02.jpg</screenshot>
            <screenshot>resources/screenshot-03.jpg</screenshot>
            <screenshot>resources/screenshot-04.jpg</screenshot>
        </assets>
        <news></news>
    </extension>
</addon>
