<trepidation>
	<1980s>
		<item>
			<title>A Nightmare on Elm Street</title>
			<meta>
				<imdb>tt0087800</imdb>
				<content>movie</content>
				<title>A Nightmare on Elm Street</title>
				<year>1984</year>
			</meta>
			<link>
				<sublink>search</sublink>
				<sublink>searchsd</sublink>
			</link>
			<thumbnail>https://image.tmdb.org/t/p/w1280//sXFlyjfWv544uKOJmPd2vVsaFm9.jpg</thumbnail>
			<fanart>https://image.tmdb.org/t/p/w1280//3G7Xf2drr2u1jhOPxGR18pl39PX.jpg</fanart>
		</item>
		<item>
			<title>A Nightmare on Elm Street 3: Dream Warriors</title>
			<meta>
				<imdb>tt0093629</imdb>
				<content>movie</content>
				<title>A Nightmare on Elm Street 3: Dream Warriors</title>
				<year>1987</year>
			</meta>
			<link>
				<sublink>search</sublink>
				<sublink>searchsd</sublink>
			</link>
			<thumbnail>https://image.tmdb.org/t/p/w1280//4aMSIhvShIkDrhOsa0WL6KFwnpD.jpg</thumbnail>
			<fanart>https://image.tmdb.org/t/p/w1280//lNrbMhjhAQK9Hf4Nww7GoBezCMA.jpg</fanart>
		</item>
		<item>
			<title>A Nightmare on Elm Street 4: The Dream Master</title>
			<meta>
				<imdb>tt0095742</imdb>
				<content>movie</content>
				<title>A Nightmare on Elm Street 4: The Dream Master</title>
				<year>1988</year>
			</meta>
			<link>
				<sublink>search</sublink>
				<sublink>searchsd</sublink>
			</link>
			<thumbnail>https://image.tmdb.org/t/p/w1280//qmng7zSdklgLv7WECZVK1JPMnIn.jpg</thumbnail>
			<fanart>https://image.tmdb.org/t/p/w1280//4180IbpeK3uYWEbKrk1PqNRtDIV.jpg</fanart>
		</item>
		<item>
			<title>A Nightmare on Elm Street Part 2: Freddy's Revenge</title>
			<meta>
				<imdb>tt0089686</imdb>
				<content>movie</content>
				<title>A Nightmare on Elm Street Part 2: Freddy's Revenge</title>
				<year>1985</year>
			</meta>
			<link>
				<sublink>search</sublink>
				<sublink>searchsd</sublink>
			</link>
			<thumbnail>https://image.tmdb.org/t/p/w1280//seEMZxo6bhHWbWPNcBQfsMAk39F.jpg</thumbnail>
			<fanart>https://image.tmdb.org/t/p/w1280//tJTrNDt1242xe4zlatlZfDMvWjg.jpg</fanart>
		</item>
		<item>
			<title>Aliens</title>
			<meta>
				<imdb>tt0090605</imdb>
				<content>movie</content>
				<title>Aliens</title>
				<year>1986</year>
			</meta>
			<link>
				<sublink>search</sublink>
				<sublink>searchsd</sublink>
			</link>
			<thumbnail>https://image.tmdb.org/t/p/w1280//nORMXEkYEbzkU5WkMWMgRDJwjSZ.jpg</thumbnail>
			<fanart>https://image.tmdb.org/t/p/w1280//r2zB2vGLDQVxlRZISH7KzQ6reiC.jpg</fanart>
		</item>
		<item>
			<title>Alligator</title>
			<meta>
				<imdb>tt0080354</imdb>
				<content>movie</content>
				<title>Alligator</title>
				<year>1980</year>
			</meta>
			<link>
				<sublink>search</sublink>
				<sublink>searchsd</sublink>
			</link>
			<thumbnail>https://image.tmdb.org/t/p/w1280//xGdzbwVDnTu3WwOtrFjI8qDfoLU.jpg</thumbnail>
			<fanart>https://image.tmdb.org/t/p/w1280//qMVM1NZvj70UPLGKYh22uSjY2OH.jpg</fanart>
		</item>
		<item>
			<title>Altered States</title>
			<meta>
				<imdb>tt0080360</imdb>
				<content>movie</content>
				<title>Altered States</title>
				<year>1980</year>
			</meta>
			<link>
				<sublink>search</sublink>
				<sublink>searchsd</sublink>
			</link>
			<thumbnail>https://image.tmdb.org/t/p/w1280//wJuBAkVbd2xaauodX3Ronqvw06O.jpg</thumbnail>
			<fanart>https://image.tmdb.org/t/p/w1280//wQyOsZxJAng5KVtbOnr2RGOD5Wv.jpg</fanart>
		</item>
		<item>
			<title>An American Werewolf in London</title>
			<meta>
				<imdb>tt0082010</imdb>
				<content>movie</content>
				<title>An American Werewolf in London</title>
				<year>1981</year>
			</meta>
			<link>
				<sublink>search</sublink>
				<sublink>searchsd</sublink>
			</link>
			<thumbnail>https://image.tmdb.org/t/p/w1280//jFoOiPVPuJrjqyQlaPIogHBPfFn.jpg</thumbnail>
			<fanart>https://image.tmdb.org/t/p/w1280//lFiEdW3zVjR2Wujxu3yZLpL2N8n.jpg</fanart>
		</item>
		<item>
			<title>Bad Taste</title>
			<meta>
				<imdb>tt0092610</imdb>
				<content>movie</content>
				<title>Bad Taste</title>
				<year>1987</year>
			</meta>
			<link>
				<sublink>search</sublink>
				<sublink>searchsd</sublink>
			</link>
			<thumbnail>https://image.tmdb.org/t/p/w1280//wopLobnRKqvxA4yycQIvquMx1yn.jpg</thumbnail>
			<fanart>https://image.tmdb.org/t/p/w1280//sg3Enbal9aQJa8T6j5qLO0A7eqC.jpg</fanart>
		</item>
		<item>
			<title>Basket Case</title>
			<meta>
				<imdb>tt0083624</imdb>
				<content>movie</content>
				<title>Basket Case</title>
				<year>1982</year>
			</meta>
			<link>
				<sublink>search</sublink>
				<sublink>searchsd</sublink>
			</link>
			<thumbnail>https://image.tmdb.org/t/p/w1280//6jvbpnSZieNXZct6C86vVfHJftB.jpg</thumbnail>
			<fanart>https://image.tmdb.org/t/p/w1280//nrRY2LqMdxK1oWwRHRNAQzDndzU.jpg</fanart>
		</item>
		<item>
			<title>The Blob</title>
			<meta>
				<imdb>tt0094761</imdb>
				<content>movie</content>
				<title>The Blob</title>
				<year>1988</year>
			</meta>
			<link>
				<sublink>search</sublink>
				<sublink>searchsd</sublink>
			</link>
			<thumbnail>https://image.tmdb.org/t/p/w1280//hUZXLtqL0In7F6IXEQHapkqXa0G.jpg</thumbnail>
			<fanart>https://image.tmdb.org/t/p/w1280//7NpwpHqRPsPhP4Mio9lbVRhLVLx.jpg</fanart>
		</item>
		<item>
			<title>Blood Diner</title>
			<meta>
				<imdb>tt0092669</imdb>
				<content>movie</content>
				<title>Blood Diner</title>
				<year>1987</year>
			</meta>
			<link>
				<sublink>search</sublink>
				<sublink>searchsd</sublink>
			</link>
			<thumbnail>https://image.tmdb.org/t/p/w1280//ybH7jrj4KYybJihRQQDH7iiGWox.jpg</thumbnail>
			<fanart>https://image.tmdb.org/t/p/w1280//cXh936iSSI9kueor1jRG10ftcbC.jpg</fanart>
		</item>
		<item>
			<title>Brain Damage</title>
			<meta>
				<imdb>tt0094793</imdb>
				<content>movie</content>
				<title>Brain Damage</title>
				<year>1988</year>
			</meta>
			<link>
				<sublink>search</sublink>
				<sublink>searchsd</sublink>
			</link>
			<thumbnail>https://image.tmdb.org/t/p/w1280//eB0cTAa0ishWLEfjvlpJAeagUMD.jpg</thumbnail>
			<fanart>https://image.tmdb.org/t/p/w1280//75MfI7JslB6p76YRBAXku5IVJb1.jpg</fanart>
		</item>
		<item>
			<title>The Burning</title>
			<meta>
				<imdb>tt0082118</imdb>
				<content>movie</content>
				<title>The Burning</title>
				<year>1981</year>
			</meta>
			<link>
				<sublink>search</sublink>
				<sublink>searchsd</sublink>
			</link>
			<thumbnail>https://image.tmdb.org/t/p/w1280//eHqxGUZ9jOsCPSxhG6Ngr1uSBYJ.jpg</thumbnail>
			<fanart>https://image.tmdb.org/t/p/w1280//mVqJofGWozzmOf9gg0zQj4f1DmT.jpg</fanart>
		</item>
		<item>
			<title>Cannibal Holocaust</title>
			<meta>
				<imdb>tt0078935</imdb>
				<content>movie</content>
				<title>Cannibal Holocaust</title>
				<year>1980</year>
			</meta>
			<link>
				<sublink>search</sublink>
				<sublink>searchsd</sublink>
			</link>
			<thumbnail>https://image.tmdb.org/t/p/w1280//r0VmAFHWAqlaraVg0krIEhDCPWH.jpg</thumbnail>
			<fanart>https://image.tmdb.org/t/p/w1280//nmZrtjeP3j7lTDKlNv4ayhq6AYR.jpg</fanart>
		</item>
		<item>
			<title>The Changeling</title>
			<meta>
				<imdb>tt0080516</imdb>
				<content>movie</content>
				<title>The Changeling</title>
				<year>1980</year>
			</meta>
			<link>
				<sublink>search</sublink>
				<sublink>searchsd</sublink>
			</link>
			<thumbnail>https://image.tmdb.org/t/p/w1280//3CCvhdKXLAvDcAdyyfdY4jtrWgx.jpg</thumbnail>
			<fanart>https://image.tmdb.org/t/p/w1280//ywwh2fs13mF9NQ1o19O4ENaxSSQ.jpg</fanart>
		</item>
		<item>
			<title>Child's Play</title>
			<meta>
				<imdb>tt0094862</imdb>
				<content>movie</content>
				<title>Child's Play</title>
				<year>1988</year>
			</meta>
			<link>
				<sublink>search</sublink>
				<sublink>searchsd</sublink>
			</link>
			<thumbnail>https://image.tmdb.org/t/p/w1280//dSX9i2buibfyKFRpK2kOe6rtl5R.jpg</thumbnail>
			<fanart>https://image.tmdb.org/t/p/w1280//2O7BSytXfkEcTyP9I4IiFBhn3w3.jpg</fanart>
		</item>
		<item>
			<title>Chopping Mall</title>
			<meta>
				<imdb>tt0090837</imdb>
				<content>movie</content>
				<title>Chopping Mall</title>
				<year>1986</year>
			</meta>
			<link>
				<sublink>search</sublink>
				<sublink>searchsd</sublink>
			</link>
			<thumbnail>https://image.tmdb.org/t/p/w1280//rADezC13nMaCa26Qvz4XElsxxR2.jpg</thumbnail>
			<fanart>https://image.tmdb.org/t/p/w1280//736aWFGVxc4n8pcWjMGWdpfHOHv.jpg</fanart>
		</item>
		<item>
			<title>Christine</title>
			<meta>
				<imdb>tt0085333</imdb>
				<content>movie</content>
				<title>Christine</title>
				<year>1983</year>
			</meta>
			<link>
				<sublink>search</sublink>
				<sublink>searchsd</sublink>
			</link>
			<thumbnail>https://image.tmdb.org/t/p/w1280//eIFakrk7xLwiNNoiottTBN5EIwy.jpg</thumbnail>
			<fanart>https://image.tmdb.org/t/p/w1280//zvR7GPQSoJTZlwuU5jjZHRiMu2o.jpg</fanart>
		</item>
		<item>
			<title>Class of Nuke 'Em High</title>
			<meta>
				<imdb>tt0090849</imdb>
				<content>movie</content>
				<title>Class of Nuke 'Em High</title>
				<year>1986</year>
			</meta>
			<link>
				<sublink>search</sublink>
				<sublink>searchsd</sublink>
			</link>
			<thumbnail>https://image.tmdb.org/t/p/w1280//mSwophQFXDaCjxRWhyZaP79Si4M.jpg</thumbnail>
			<fanart>https://image.tmdb.org/t/p/w1280//1T6JHNcGyjeOBejmQdWYRXKTAHL.jpg</fanart>
		</item>
		<item>
			<title>Clownhouse</title>
			<meta>
				<imdb>tt0094886</imdb>
				<content>movie</content>
				<title>Clownhouse</title>
				<year>1989</year>
			</meta>
			<link>
				<sublink>search</sublink>
				<sublink>searchsd</sublink>
			</link>
			<thumbnail>https://image.tmdb.org/t/p/w1280//3MbbIwu5yo15GbHFKpRO3ZolKCl.jpg</thumbnail>
			<fanart>https://image.tmdb.org/t/p/w1280//2kvY6kFpj8cQ4oCmfU3N6zXR5Zr.jpg</fanart>
		</item>
		<item>
			<title>The Company of Wolves</title>
			<meta>
				<imdb>tt0087075</imdb>
				<content>movie</content>
				<title>The Company of Wolves</title>
				<year>1984</year>
			</meta>
			<link>
				<sublink>search</sublink>
				<sublink>searchsd</sublink>
			</link>
			<thumbnail>https://image.tmdb.org/t/p/w1280//eWZSDqED1KEg92W9auAdoK75SL6.jpg</thumbnail>
			<fanart>https://image.tmdb.org/t/p/w1280//e1ucTKyaogdN3x4HnWsi5iS28GK.jpg</fanart>
		</item>
		<item>
			<title>Creepshow</title>
			<meta>
				<imdb>tt0083767</imdb>
				<content>movie</content>
				<title>Creepshow</title>
				<year>1982</year>
			</meta>
			<link>
				<sublink>search</sublink>
				<sublink>searchsd</sublink>
			</link>
			<thumbnail>https://image.tmdb.org/t/p/w1280//hgKeTL416BPzLZntcsD1k7mNFRN.jpg</thumbnail>
			<fanart>https://image.tmdb.org/t/p/w1280//eHaGbnX2kukzcYGOpNF3YLPmOG5.jpg</fanart>
		</item>
		<item>
			<title>Creepshow 2</title>
			<meta>
				<imdb>tt0092796</imdb>
				<content>movie</content>
				<title>Creepshow 2</title>
				<year>1987</year>
			</meta>
			<link>
				<sublink>search</sublink>
				<sublink>searchsd</sublink>
			</link>
			<thumbnail>https://image.tmdb.org/t/p/w1280//qxJWtBb89RaSRgLuz1d6ZuFTfVG.jpg</thumbnail>
			<fanart>https://image.tmdb.org/t/p/w1280//cEOva5ciTQxJCQgcXb6vpAx1BcP.jpg</fanart>
		</item>
		<item>
			<title>Critters</title>
			<meta>
				<imdb>tt0090887</imdb>
				<content>movie</content>
				<title>Critters</title>
				<year>1986</year>
			</meta>
			<link>
				<sublink>search</sublink>
				<sublink>searchsd</sublink>
			</link>
			<thumbnail>https://image.tmdb.org/t/p/w1280//7tFJqfcmu7sAxwcRwQ0j9qnGrok.jpg</thumbnail>
			<fanart>https://image.tmdb.org/t/p/w1280//dqUw5SO18T8qFs8A0NVq85M5Of3.jpg</fanart>
		</item>
		<item>
			<title>Cujo</title>
			<meta>
				<imdb>tt0085382</imdb>
				<content>movie</content>
				<title>Cujo</title>
				<year>1983</year>
			</meta>
			<link>
				<sublink>search</sublink>
				<sublink>searchsd</sublink>
			</link>
			<thumbnail>https://image.tmdb.org/t/p/w1280//ufczAHvnoGIXJo7sDo0OZK4LcwZ.jpg</thumbnail>
			<fanart>https://image.tmdb.org/t/p/w1280//qY2MsxeeZXbwBM6dXwJYanjRqUG.jpg</fanart>
		</item>
		<item>
			<title>Day of the Dead</title>
			<meta>
				<imdb>tt0088993</imdb>
				<content>movie</content>
				<title>Day of the Dead</title>
				<year>1985</year>
			</meta>
			<link>
				<sublink>search</sublink>
				<sublink>searchsd</sublink>
			</link>
			<thumbnail>https://image.tmdb.org/t/p/w1280//yJ2emwXWwQc6VHW3fO4GZr0hXBt.jpg</thumbnail>
			<fanart>https://image.tmdb.org/t/p/w1280//pWaXoU1aqD2KpMVLt4E9ZmKQXIk.jpg</fanart>
		</item>
		<item>
			<title>Dead Heat</title>
			<meta>
				<imdb>tt0094961</imdb>
				<content>movie</content>
				<title>Dead Heat</title>
				<year>1988</year>
			</meta>
			<link>
				<sublink>search</sublink>
				<sublink>searchsd</sublink>
			</link>
			<thumbnail>https://image.tmdb.org/t/p/w1280//3yZwcTd8OttnJbPjsf3X6TTI1oI.jpg</thumbnail>
			<fanart>https://image.tmdb.org/t/p/w1280//pI3RC1p7uKnKt3jGW6hrFtkY4tr.jpg</fanart>
		</item>
		<item>
			<title>The Dead Zone</title>
			<meta>
				<imdb>tt0085407</imdb>
				<content>movie</content>
				<title>The Dead Zone</title>
				<year>1983</year>
			</meta>
			<link>
				<sublink>search</sublink>
				<sublink>searchsd</sublink>
			</link>
			<thumbnail>https://image.tmdb.org/t/p/w1280//bKpc5xO3o3DHDqaUJWMoVxgpJRM.jpg</thumbnail>
			<fanart>https://image.tmdb.org/t/p/w1280//7LRuImFC4NKxutT3yvdqxinEXjo.jpg</fanart>
		</item>
		<item>
			<title>The Deadly Spawn</title>
			<meta>
				<imdb>tt0087998</imdb>
				<content>movie</content>
				<title>The Deadly Spawn</title>
				<year>1983</year>
			</meta>
			<link>
				<sublink>search</sublink>
				<sublink>searchsd</sublink>
			</link>
			<thumbnail>https://image.tmdb.org/t/p/w1280//ckyI0k56jQKwsUC11a1MlL2HQOI.jpg</thumbnail>
			<fanart>https://image.tmdb.org/t/p/w1280//5bFg6SxT5lHS5pJSS6WVFOoqMrT.jpg</fanart>
		</item>
		<item>
			<title>Demons</title>
			<meta>
				<imdb>tt0089013</imdb>
				<content>movie</content>
				<title>Demons</title>
				<year>1985</year>
			</meta>
			<link>
				<sublink>search</sublink>
				<sublink>searchsd</sublink>
			</link>
			<thumbnail>https://image.tmdb.org/t/p/w1280//pWgxGFAb76rZHNEaMUs6tiAGYqw.jpg</thumbnail>
			<fanart>https://image.tmdb.org/t/p/w1280//gxMdSYJ8kbKSLLQvslDWOw86fmL.jpg</fanart>
		</item>
		<item>
			<title>Demons 2</title>
			<meta>
				<imdb>tt0090930</imdb>
				<content>movie</content>
				<title>Demons 2</title>
				<year>1986</year>
			</meta>
			<link>
				<sublink>search</sublink>
				<sublink>searchsd</sublink>
			</link>
			<thumbnail>https://image.tmdb.org/t/p/w1280//9PXrkJUzCWLSCj0qiCIUk4QXvO8.jpg</thumbnail>
			<fanart>https://image.tmdb.org/t/p/w1280//pkhw744t1EFfIZ1b1IYVNCqSMdS.jpg</fanart>
		</item>
		<item>
			<title>The Evil Dead</title>
			<meta>
				<imdb>tt0083907</imdb>
				<content>movie</content>
				<title>The Evil Dead</title>
				<year>1981</year>
			</meta>
			<link>
				<sublink>search</sublink>
				<sublink>searchsd</sublink>
			</link>
			<thumbnail>https://image.tmdb.org/t/p/w1280//fA7uqS8ZBzCVPKgB7rFaR0wTFpy.jpg</thumbnail>
			<fanart>https://image.tmdb.org/t/p/w1280//3a1IOTatyhQi5eP9vZvBU5NQDmM.jpg</fanart>
		</item>
		<item>
			<title>Evil Dead II</title>
			<meta>
				<imdb>tt0092991</imdb>
				<content>movie</content>
				<title>Evil Dead II</title>
				<year>1987</year>
			</meta>
			<link>
				<sublink>search</sublink>
				<sublink>searchsd</sublink>
			</link>
			<thumbnail>https://image.tmdb.org/t/p/w1280//n49mpgUsPgBfRg2qIEj31HX0chu.jpg</thumbnail>
			<fanart>https://image.tmdb.org/t/p/w1280//9meXjIwJZk9aMMoMZk3AMzt8o44.jpg</fanart>
		</item>
		<item>
			<title>The Fly</title>
			<meta>
				<imdb>tt0091064</imdb>
				<content>movie</content>
				<title>The Fly</title>
				<year>1986</year>
			</meta>
			<link>
				<sublink>search</sublink>
				<sublink>searchsd</sublink>
			</link>
			<thumbnail>https://image.tmdb.org/t/p/w1280//q49tjSe3O152t9QVwaradePGu7W.jpg</thumbnail>
			<fanart>https://image.tmdb.org/t/p/w1280//fAbDSD1wMTLbM5ANAUBFKeCJkxO.jpg</fanart>
		</item>
		<item>
			<title>The Fog</title>
			<meta>
				<imdb>tt0080749</imdb>
				<content>movie</content>
				<title>The Fog</title>
				<year>1980</year>
			</meta>
			<link>
				<sublink>search</sublink>
				<sublink>searchsd</sublink>
			</link>
			<thumbnail>https://image.tmdb.org/t/p/w1280//u9wAIHya0BHJvGJh3mBPr010U7C.jpg</thumbnail>
			<fanart>https://image.tmdb.org/t/p/w1280//1GK25Nz0pMpgBPuPpSOkqpe6RkV.jpg</fanart>
		</item>
		<item>
			<title>Forbidden World</title>
			<meta>
				<imdb>tt0083959</imdb>
				<content>movie</content>
				<title>Forbidden World</title>
				<year>1982</year>
			</meta>
			<link>
				<sublink>search</sublink>
				<sublink>searchsd</sublink>
			</link>
			<thumbnail>https://image.tmdb.org/t/p/w1280//zQreqfRIp6tB88bl8Xe13HFV5ZF.jpg</thumbnail>
			<fanart>https://image.tmdb.org/t/p/w1280//f7JFeewYMGCwolC9BjfWorv59Jl.jpg</fanart>
		</item>
		<dir>
			<title>Friday the 13th</title>
			<meta>
				<imdb>tt0092357</imdb>
				<content>tvshow</content>
				<tvshowtitle>Friday the 13th</tvshowtitle>
				<year>1987</year>
			</meta>
			<link>tmdb_tv_show(2263, 1987, Friday the 13th)</link>
			<thumbnail>https://image.tmdb.org/t/p/w1280//j9fscQBeRdNPS78AmfRoDZ5cU8M.jpg</thumbnail>
			<fanart>https://image.tmdb.org/t/p/w1280//pTGpeGsbqeKLbEMn13X1KyZ2nqY.jpg</fanart>
		</dir>
		<item>
			<title>Friday the 13th Part VI: Jason Lives</title>
			<meta>
				<imdb>tt0091080</imdb>
				<content>movie</content>
				<title>Friday the 13th Part VI: Jason Lives</title>
				<year>1986</year>
			</meta>
			<link>
				<sublink>search</sublink>
				<sublink>searchsd</sublink>
			</link>
			<thumbnail>https://image.tmdb.org/t/p/w1280//6vdUpHvkspQonXBdWcLWW5ciEPJ.jpg</thumbnail>
			<fanart>https://image.tmdb.org/t/p/w1280//lxZxbLpg4JhGptq0CejbElATU98.jpg</fanart>
		</item>
		<item>
			<title>Friday the 13th: The Final Chapter</title>
			<meta>
				<imdb>tt0087298</imdb>
				<content>movie</content>
				<title>Friday the 13th: The Final Chapter</title>
				<year>1984</year>
			</meta>
			<link>
				<sublink>search</sublink>
				<sublink>searchsd</sublink>
			</link>
			<thumbnail>https://image.tmdb.org/t/p/w1280//p5wiO9KgZH78Kvo1L6dPz8uECJ9.jpg</thumbnail>
			<fanart>https://image.tmdb.org/t/p/w1280//vI1XbNXhPdqgvFK9wJ1eAll9VPx.jpg</fanart>
		</item>
		<item>
			<title>Fright Night</title>
			<meta>
				<imdb>tt0089175</imdb>
				<content>movie</content>
				<title>Fright Night</title>
				<year>1985</year>
			</meta>
			<link>
				<sublink>search</sublink>
				<sublink>searchsd</sublink>
			</link>
			<thumbnail>https://image.tmdb.org/t/p/w1280//jE0YbuFlmaZUWeVTyYNpzYXjIbn.jpg</thumbnail>
			<fanart>https://image.tmdb.org/t/p/w1280//v4wzMG8phQyPVlKTMUNt1i33GM5.jpg</fanart>
		</item>
		<item>
			<title>From Beyond</title>
			<meta>
				<imdb>tt0091083</imdb>
				<content>movie</content>
				<title>From Beyond</title>
				<year>1986</year>
			</meta>
			<link>
				<sublink>search</sublink>
				<sublink>searchsd</sublink>
			</link>
			<thumbnail>https://image.tmdb.org/t/p/w1280//y8ZkUtrWyMpCVBsmsamwCYm8HjK.jpg</thumbnail>
			<fanart>https://image.tmdb.org/t/p/w1280//kgici5fakunP1icF0M2VPFgXAZR.jpg</fanart>
		</item>
		<item>
			<title>The Funhouse</title>
			<meta>
				<imdb>tt0082427</imdb>
				<content>movie</content>
				<title>The Funhouse</title>
				<year>1981</year>
			</meta>
			<link>
				<sublink>search</sublink>
				<sublink>searchsd</sublink>
			</link>
			<thumbnail>https://image.tmdb.org/t/p/w1280//gW7v4mdFbAbjWlnO0SmZaJ1d6zT.jpg</thumbnail>
			<fanart>https://image.tmdb.org/t/p/w1280//bmblIu9Mz8DNIHG3vF8SFnsy5Q8.jpg</fanart>
		</item>
		<item>
			<title>The Gate</title>
			<meta>
				<imdb>tt0093075</imdb>
				<content>movie</content>
				<title>The Gate</title>
				<year>1987</year>
			</meta>
			<link>
				<sublink>search</sublink>
				<sublink>searchsd</sublink>
			</link>
			<thumbnail>https://image.tmdb.org/t/p/w1280//eIMM4Ia7pjtQIjbIpv6WzYpGpSX.jpg</thumbnail>
			<fanart>https://image.tmdb.org/t/p/w1280//eefr8inDwWpUcLfyXaXETaA6seN.jpg</fanart>
		</item>
		<item>
			<title>Gremlins</title>
			<meta>
				<imdb>tt0087363</imdb>
				<content>movie</content>
				<title>Gremlins</title>
				<year>1984</year>
			</meta>
			<link>
				<sublink>search</sublink>
				<sublink>searchsd</sublink>
			</link>
			<thumbnail>https://image.tmdb.org/t/p/w1280//gXDHxQ92qyF6LUYwn6xuK2L8TYW.jpg</thumbnail>
			<fanart>https://image.tmdb.org/t/p/w1280//xZ5SUO6YtIcSwRuKZhNLBfCJzpv.jpg</fanart>
		</item>
		<item>
			<title>Halloween II</title>
			<meta>
				<imdb>tt0082495</imdb>
				<content>movie</content>
				<title>Halloween II</title>
				<year>1981</year>
			</meta>
			<link>
				<sublink>search</sublink>
				<sublink>searchsd</sublink>
			</link>
			<thumbnail>https://image.tmdb.org/t/p/w1280//9oXa66gARefZBuca4xpD8EFbcVg.jpg</thumbnail>
			<fanart>https://image.tmdb.org/t/p/w1280//mTJ1whjTYradf6jXfF12fAIIcyx.jpg</fanart>
		</item>
		<item>
			<title>Halloween III: Season of the Witch</title>
			<meta>
				<imdb>tt0085636</imdb>
				<content>movie</content>
				<title>Halloween III: Season of the Witch</title>
				<year>1982</year>
			</meta>
			<link>
				<sublink>search</sublink>
				<sublink>searchsd</sublink>
			</link>
			<thumbnail>https://image.tmdb.org/t/p/w1280//hI2fwhZPnPGb0QkKS29y3vGebMT.jpg</thumbnail>
			<fanart>https://image.tmdb.org/t/p/w1280//ePkwopLmKbYy0Ul9WvRrHIPs3YE.jpg</fanart>
		</item>
		<item>
			<title>Hellbound: Hellraiser II</title>
			<meta>
				<imdb>tt0095294</imdb>
				<content>movie</content>
				<title>Hellbound: Hellraiser II</title>
				<year>1988</year>
			</meta>
			<link>
				<sublink>search</sublink>
				<sublink>searchsd</sublink>
			</link>
			<thumbnail>https://image.tmdb.org/t/p/w1280//ryuo4unQkzcEKhfAfzhbQo8oxVm.jpg</thumbnail>
			<fanart>https://image.tmdb.org/t/p/w1280//s3YnyO4lwQ5tgdWw664zdKsKkpk.jpg</fanart>
		</item>
		<item>
			<title>Hellraiser</title>
			<meta>
				<imdb>tt0093177</imdb>
				<content>movie</content>
				<title>Hellraiser</title>
				<year>1987</year>
			</meta>
			<link>
				<sublink>search</sublink>
				<sublink>searchsd</sublink>
			</link>
			<thumbnail>https://image.tmdb.org/t/p/w1280//4nfAhOTlfZUHNorHJXEib7GYFpp.jpg</thumbnail>
			<fanart>https://image.tmdb.org/t/p/w1280//jd7pIx2XnO8wRdPT5ncAjhFxNwL.jpg</fanart>
		</item>
		<item>
			<title>Henry: Portrait of a Serial Killer</title>
			<meta>
				<imdb>tt0099763</imdb>
				<content>movie</content>
				<title>Henry: Portrait of a Serial Killer</title>
				<year>1986</year>
			</meta>
			<link>
				<sublink>search</sublink>
				<sublink>searchsd</sublink>
			</link>
			<thumbnail>https://image.tmdb.org/t/p/w1280//jE9bDB7v7lMED5PWpPMsmc3SzlI.jpg</thumbnail>
			<fanart>https://image.tmdb.org/t/p/w1280//9ZYJvlx2nzoi2Q4O11wuDHvTZQe.jpg</fanart>
		</item>
		<item>
			<title>The Hitcher</title>
			<meta>
				<imdb>tt0091209</imdb>
				<content>movie</content>
				<title>The Hitcher</title>
				<year>1986</year>
			</meta>
			<link>
				<sublink>search</sublink>
				<sublink>searchsd</sublink>
			</link>
			<thumbnail>https://image.tmdb.org/t/p/w1280//pdPKlwAOX66Zqktp1amFooovAjT.jpg</thumbnail>
			<fanart>https://image.tmdb.org/t/p/w1280//pDerEEqnPo1YZEhen0PwJ9tqcHb.jpg</fanart>
		</item>
		<item>
			<title>The Howling</title>
			<meta>
				<imdb>tt0082533</imdb>
				<content>movie</content>
				<title>The Howling</title>
				<year>1981</year>
			</meta>
			<link>
				<sublink>search</sublink>
				<sublink>searchsd</sublink>
			</link>
			<thumbnail>https://image.tmdb.org/t/p/w1280//zXiQCqtw5lZwrLDqRPbAJhT80Ri.jpg</thumbnail>
			<fanart>https://image.tmdb.org/t/p/w1280//jkYLLMhDhnJIp5Sp1ujdWh44wOz.jpg</fanart>
		</item>
		<item>
			<title>The Hunger</title>
			<meta>
				<imdb>tt0085701</imdb>
				<content>movie</content>
				<title>The Hunger</title>
				<year>1983</year>
			</meta>
			<link>
				<sublink>search</sublink>
				<sublink>searchsd</sublink>
			</link>
			<thumbnail>https://image.tmdb.org/t/p/w1280//ua5BKMRDqchLWQiJi7HfXlxELec.jpg</thumbnail>
			<fanart>https://image.tmdb.org/t/p/w1280//nSeLgxW7GDJ1iWLlgghBJD0vtej.jpg</fanart>
		</item>
		<item>
			<title>Inferno</title>
			<meta>
				<imdb>tt0080923</imdb>
				<content>movie</content>
				<title>Inferno</title>
				<year>1980</year>
			</meta>
			<link>
				<sublink>search</sublink>
				<sublink>searchsd</sublink>
			</link>
			<thumbnail>https://image.tmdb.org/t/p/w1280//oTTIGtDkRRwTklBnPtjyyxXe46H.jpg</thumbnail>
			<fanart>https://image.tmdb.org/t/p/w1280//kMfloaQTMsSDXQROdKLMawSGAz0.jpg</fanart>
		</item>
		<item>
			<title>Killer Klowns from Outer Space</title>
			<meta>
				<imdb>tt0095444</imdb>
				<content>movie</content>
				<title>Killer Klowns from Outer Space</title>
				<year>1988</year>
			</meta>
			<link>
				<sublink>search</sublink>
				<sublink>searchsd</sublink>
			</link>
			<thumbnail>https://image.tmdb.org/t/p/w1280//AtMEp5pLpJr4wOMCxVezTKi2okL.jpg</thumbnail>
			<fanart>https://image.tmdb.org/t/p/w1280//hUJHc2wxcpVqvuBp96cOK4IhvCm.jpg</fanart>
		</item>
		<item>
			<title>Rabid Grannies</title>
			<meta>
				<imdb>tt0098157</imdb>
				<content>movie</content>
				<title>Rabid Grannies</title>
				<year>1988</year>
			</meta>
			<link>
				<sublink>search</sublink>
				<sublink>searchsd</sublink>
			</link>
			<thumbnail>https://image.tmdb.org/t/p/w1280//eWNhyY6AECUvA0mROwZI7C5IkcM.jpg</thumbnail>
			<fanart>https://image.tmdb.org/t/p/w1280//cLlASOew8tQozOjbVUSCsj8kXF9.jpg</fanart>
		</item>
		<item>
			<title>The New York Ripper</title>
			<meta>
				<imdb>tt0084719</imdb>
				<content>movie</content>
				<title>The New York Ripper</title>
				<year>1982</year>
			</meta>
			<link>
				<sublink>search</sublink>
				<sublink>searchsd</sublink>
			</link>
			<thumbnail>https://image.tmdb.org/t/p/w1280//yoR0uX8YXjtyRHv48byKYK8nsjg.jpg</thumbnail>
			<fanart>https://image.tmdb.org/t/p/w1280//jYG3ZeO9c7BUa60PwebhnKxRu0K.jpg</fanart>
		</item>
		<item>
			<title>The Lost Boys</title>
			<meta>
				<imdb>tt0093437</imdb>
				<content>movie</content>
				<title>The Lost Boys</title>
				<year>1987</year>
			</meta>
			<link>
				<sublink>search</sublink>
				<sublink>searchsd</sublink>
			</link>
			<thumbnail>https://image.tmdb.org/t/p/w1280//evo7oiay9qDUzY510VhrB3YzyJs.jpg</thumbnail>
			<fanart>https://image.tmdb.org/t/p/w1280//3wMkHCnwG2PdNeFkfou8vTY2g5b.jpg</fanart>
		</item>
		<item>
			<title>Maniac</title>
			<meta>
				<imdb>tt0081114</imdb>
				<content>movie</content>
				<title>Maniac</title>
				<year>1980</year>
			</meta>
			<link>
				<sublink>search</sublink>
				<sublink>searchsd</sublink>
			</link>
			<thumbnail>https://image.tmdb.org/t/p/w1280//xkzIt15OIA3YxQB0MygZu4TVhkF.jpg</thumbnail>
			<fanart>https://image.tmdb.org/t/p/w1280//qFMEklZgw9hsXYu67EOL4uXDAq3.jpg</fanart>
		</item>
		<item>
			<title>Maniac Cop</title>
			<meta>
				<imdb>tt0095583</imdb>
				<content>movie</content>
				<title>Maniac Cop</title>
				<year>1988</year>
			</meta>
			<link>
				<sublink>search</sublink>
				<sublink>searchsd</sublink>
			</link>
			<thumbnail>https://image.tmdb.org/t/p/w1280//g9dY1Sl8bAen91dcCBEvRav60ky.jpg</thumbnail>
			<fanart>https://image.tmdb.org/t/p/w1280//kY5ZvY6qmg2LVpihcddnQza0q1v.jpg</fanart>
		</item>
		<item>
			<title>The Devil Fetus</title>
			<meta>
				<imdb>tt0085953</imdb>
				<content>movie</content>
				<title>The Devil Fetus</title>
				<year>1983</year>
			</meta>
			<link>
				<sublink>search</sublink>
				<sublink>searchsd</sublink>
			</link>
			<thumbnail>https://image.tmdb.org/t/p/w1280//g8UbHSzshx3etPsBQ4zXBlqySTB.jpg</thumbnail>
			<fanart/>
		</item>
		<item>
			<title>The Monster Squad</title>
			<meta>
				<imdb>tt0093560</imdb>
				<content>movie</content>
				<title>The Monster Squad</title>
				<year>1987</year>
			</meta>
			<link>
				<sublink>search</sublink>
				<sublink>searchsd</sublink>
			</link>
			<thumbnail>https://image.tmdb.org/t/p/w1280//ise6Cvp4nWqfQ8hOyEK0MmctLV8.jpg</thumbnail>
			<fanart>https://image.tmdb.org/t/p/w1280//xNUuNEXpibVbUBxlCFWNWNBWcRJ.jpg</fanart>
		</item>
		<item>
			<title>Motel Hell</title>
			<meta>
				<imdb>tt0081184</imdb>
				<content>movie</content>
				<title>Motel Hell</title>
				<year>1980</year>
			</meta>
			<link>
				<sublink>search</sublink>
				<sublink>searchsd</sublink>
			</link>
			<thumbnail>https://image.tmdb.org/t/p/w1280//n8BnzWEgPQa9AelvzU0N8LS2Sh7.jpg</thumbnail>
			<fanart>https://image.tmdb.org/t/p/w1280//lVYP9Wj47vZ4hdWr8xDJiZIDkl5.jpg</fanart>
		</item>
		<item>
			<title>My Bloody Valentine</title>
			<meta>
				<imdb>tt0082782</imdb>
				<content>movie</content>
				<title>My Bloody Valentine</title>
				<year>1981</year>
			</meta>
			<link>
				<sublink>search</sublink>
				<sublink>searchsd</sublink>
			</link>
			<thumbnail>https://image.tmdb.org/t/p/w1280//iTKtJbZkYjM82QP5mM3bZuQGYP2.jpg</thumbnail>
			<fanart>https://image.tmdb.org/t/p/w1280//4HYOcK5UN7E1COoI7bYrHq3ydjm.jpg</fanart>
		</item>
		<item>
			<title>Near Dark</title>
			<meta>
				<imdb>tt0093605</imdb>
				<content>movie</content>
				<title>Near Dark</title>
				<year>1987</year>
			</meta>
			<link>
				<sublink>search</sublink>
				<sublink>searchsd</sublink>
			</link>
			<thumbnail>https://image.tmdb.org/t/p/w1280//saRst8v7T8uJTjmd64VOCx1JoQ4.jpg</thumbnail>
			<fanart>https://image.tmdb.org/t/p/w1280//zdERdnOPBWBdkozRhVEaemueQXw.jpg</fanart>
		</item>
		<item>
			<title>Nekromantik</title>
			<meta>
				<imdb>tt0093608</imdb>
				<content>movie</content>
				<title>Nekromantik</title>
				<year>1987</year>
			</meta>
			<link>
				<sublink>search</sublink>
				<sublink>searchsd</sublink>
			</link>
			<thumbnail>https://image.tmdb.org/t/p/w1280//xNKYPkV5965pKkiObDzp9pGKMj7.jpg</thumbnail>
			<fanart>https://image.tmdb.org/t/p/w1280//hRhzlvtJ1rZclNaLLhmaNsJXbWx.jpg</fanart>
		</item>
		<item>
			<title>Neon Maniacs</title>
			<meta>
				<imdb>tt0127045</imdb>
				<content>movie</content>
				<title>Neon Maniacs</title>
				<year>1986</year>
			</meta>
			<link>
				<sublink>search</sublink>
				<sublink>searchsd</sublink>
			</link>
			<thumbnail>https://image.tmdb.org/t/p/w1280//aON3EDjAf9x0Qn7YEOXb1xAN8Dp.jpg</thumbnail>
			<fanart>https://image.tmdb.org/t/p/w1280//r6eJPX3fYFHDEuU9RBV76gyFyXG.jpg</fanart>
		</item>
		<item>
			<title>Night of the Comet</title>
			<meta>
				<imdb>tt0087799</imdb>
				<content>movie</content>
				<title>Night of the Comet</title>
				<year>1984</year>
			</meta>
			<link>
				<sublink>search</sublink>
				<sublink>searchsd</sublink>
			</link>
			<thumbnail>https://image.tmdb.org/t/p/w1280//zYGwNFXeGr5pqD1hvBYJjYLsBxL.jpg</thumbnail>
			<fanart>https://image.tmdb.org/t/p/w1280//qQWXSiMXgGgcuGHmrcUgrWNQIqp.jpg</fanart>
		</item>
		<item>
			<title>Night of the Creeps</title>
			<meta>
				<imdb>tt0091630</imdb>
				<content>movie</content>
				<title>Night of the Creeps</title>
				<year>1986</year>
			</meta>
			<link>
				<sublink>search</sublink>
				<sublink>searchsd</sublink>
			</link>
			<thumbnail>https://image.tmdb.org/t/p/w1280//uLNwrWd4QcwkNEMnt7R0ZGLVpHy.jpg</thumbnail>
			<fanart>https://image.tmdb.org/t/p/w1280//u5XhTKMVhkC4I5UdHfuzPqc2BJ3.jpg</fanart>
		</item>
		<item>
			<title>Night of the Demons</title>
			<meta>
				<imdb>tt0093624</imdb>
				<content>movie</content>
				<title>Night of the Demons</title>
				<year>1988</year>
			</meta>
			<link>
				<sublink>search</sublink>
				<sublink>searchsd</sublink>
			</link>
			<thumbnail>https://image.tmdb.org/t/p/w1280//qWUVkyCZUSAMDLycjFoSMMhkDRu.jpg</thumbnail>
			<fanart>https://image.tmdb.org/t/p/w1280//Aug4ZZebfPOQCxEqgKIRGLcYcGL.jpg</fanart>
		</item>
		<item>
			<title>Opera</title>
			<meta>
				<imdb>tt0093677</imdb>
				<content>movie</content>
				<title>Opera</title>
				<year>1987</year>
			</meta>
			<link>
				<sublink>search</sublink>
				<sublink>searchsd</sublink>
			</link>
			<thumbnail>https://image.tmdb.org/t/p/w1280//jpAtjToZF7564rxyoPjxtk4ckjJ.jpg</thumbnail>
			<fanart>https://image.tmdb.org/t/p/w1280//xWrQW9R3PwrPOEAhFl8f8cEFY05.jpg</fanart>
		</item>
		<item>
			<title>Parents</title>
			<meta>
				<imdb>tt0098068</imdb>
				<content>movie</content>
				<title>Parents</title>
				<year>1989</year>
			</meta>
			<link>
				<sublink>search</sublink>
				<sublink>searchsd</sublink>
			</link>
			<thumbnail>https://image.tmdb.org/t/p/w1280//iGVG2vKvG5fDDq8IcF3pfLfSxgt.jpg</thumbnail>
			<fanart>https://image.tmdb.org/t/p/w1280//V669Tp4BunanMEqDQPuVjui389.jpg</fanart>
		</item>
		<item>
			<title>City of the Living Dead</title>
			<meta>
				<imdb>tt0081318</imdb>
				<content>movie</content>
				<title>City of the Living Dead</title>
				<year>1980</year>
			</meta>
			<link>
				<sublink>search</sublink>
				<sublink>searchsd</sublink>
			</link>
			<thumbnail>https://image.tmdb.org/t/p/w1280//4dn3dYYyOPKx8SPkTr0Z3UWQTts.jpg</thumbnail>
			<fanart>https://image.tmdb.org/t/p/w1280//5V2qdjLatF9yQ5RQUUmNbjGYChd.jpg</fanart>
		</item>
		<item>
			<title>Pet Sematary</title>
			<meta>
				<imdb>tt0098084</imdb>
				<content>movie</content>
				<title>Pet Sematary</title>
				<year>1989</year>
			</meta>
			<link>
				<sublink>search</sublink>
				<sublink>searchsd</sublink>
			</link>
			<thumbnail>https://image.tmdb.org/t/p/w1280//9zUax4pjRgoPIJla9CQejqNJofB.jpg</thumbnail>
			<fanart>https://image.tmdb.org/t/p/w1280//cmzp7nnHQzj5etaTmpKXvowQdOZ.jpg</fanart>
		</item>
		<item>
			<title>Phantasm II</title>
			<meta>
				<imdb>tt0095863</imdb>
				<content>movie</content>
				<title>Phantasm II</title>
				<year>1988</year>
			</meta>
			<link>
				<sublink>search</sublink>
				<sublink>searchsd</sublink>
			</link>
			<thumbnail>https://image.tmdb.org/t/p/w1280//fv1yEUmt0LgNcOjqcBPPmezEZdo.jpg</thumbnail>
			<fanart>https://image.tmdb.org/t/p/w1280//cd2jHPY1F5CBLl2RR6hXDP8ydOD.jpg</fanart>
		</item>
		<item>
			<title>Phenomena</title>
			<meta>
				<imdb>tt0087909</imdb>
				<content>movie</content>
				<title>Phenomena</title>
				<year>1985</year>
			</meta>
			<link>
				<sublink>search</sublink>
				<sublink>searchsd</sublink>
			</link>
			<thumbnail>https://image.tmdb.org/t/p/w1280//qUwGQT1EtkIm8vtN3VtnBDOoV7q.jpg</thumbnail>
			<fanart>https://image.tmdb.org/t/p/w1280//9FqpWX4jAE3O0rADT8Z83itK8Po.jpg</fanart>
		</item>
		<item>
			<title>Poltergeist</title>
			<meta>
				<imdb>tt0084516</imdb>
				<content>movie</content>
				<title>Poltergeist</title>
				<year>1982</year>
			</meta>
			<link>
				<sublink>search</sublink>
				<sublink>searchsd</sublink>
			</link>
			<thumbnail>https://image.tmdb.org/t/p/w1280//hKs6umpuLSgZhOiZI1pxpO0iVTQ.jpg</thumbnail>
			<fanart>https://image.tmdb.org/t/p/w1280//i998vFSbMKlLL5EfMVY1kvDDUuO.jpg</fanart>
		</item>
		<item>
			<title>Possession</title>
			<meta>
				<imdb>tt0082933</imdb>
				<content>movie</content>
				<title>Possession</title>
				<year>1981</year>
			</meta>
			<link>
				<sublink>search</sublink>
				<sublink>searchsd</sublink>
			</link>
			<thumbnail>https://image.tmdb.org/t/p/w1280//36dqEcj90gwnYIif9BqfuHXafyZ.jpg</thumbnail>
			<fanart>https://image.tmdb.org/t/p/w1280//8hrk035AWgJPJZXLbOxuIgfBOWg.jpg</fanart>
		</item>
		<item>
			<title>Prince of Darkness</title>
			<meta>
				<imdb>tt0093777</imdb>
				<content>movie</content>
				<title>Prince of Darkness</title>
				<year>1987</year>
			</meta>
			<link>
				<sublink>search</sublink>
				<sublink>searchsd</sublink>
			</link>
			<thumbnail>https://image.tmdb.org/t/p/w1280//pg6fgy9fHn7ZSKzdef2OhVW45iA.jpg</thumbnail>
			<fanart>https://image.tmdb.org/t/p/w1280//aX46k3Rd1t68L0KUwO1WaHlplP5.jpg</fanart>
		</item>
		<item>
			<title>Prom Night</title>
			<meta>
				<imdb>tt0081383</imdb>
				<content>movie</content>
				<title>Prom Night</title>
				<year>1980</year>
			</meta>
			<link>
				<sublink>search</sublink>
				<sublink>searchsd</sublink>
			</link>
			<thumbnail>https://image.tmdb.org/t/p/w1280//3KIy1qFmdLMwUrSlRAiovX5anhR.jpg</thumbnail>
			<fanart>https://image.tmdb.org/t/p/w1280//7MJNhkXpbsoE8BuxwJLuTPcjYvH.jpg</fanart>
		</item>
		<item>
			<title>Psycho II</title>
			<meta>
				<imdb>tt0086154</imdb>
				<content>movie</content>
				<title>Psycho II</title>
				<year>1983</year>
			</meta>
			<link>
				<sublink>search</sublink>
				<sublink>searchsd</sublink>
			</link>
			<thumbnail>https://image.tmdb.org/t/p/w1280//tYNx7yIU9Q3O2xxjy3ie5YCkIak.jpg</thumbnail>
			<fanart>https://image.tmdb.org/t/p/w1280//nagC0a0F9TsosA6wRjtV2NNNHD1.jpg</fanart>
		</item>
		<item>
			<title>Psycho III</title>
			<meta>
				<imdb>tt0091799</imdb>
				<content>movie</content>
				<title>Psycho III</title>
				<year>1986</year>
			</meta>
			<link>
				<sublink>search</sublink>
				<sublink>searchsd</sublink>
			</link>
			<thumbnail>https://image.tmdb.org/t/p/w1280//gLmUIPVQtEsxtIrvaj5WRKkbvX9.jpg</thumbnail>
			<fanart>https://image.tmdb.org/t/p/w1280//z3s3TdRvEWC1TFrwtk0qhB7OdHh.jpg</fanart>
		</item>
		<item>
			<title>Pumpkinhead</title>
			<meta>
				<imdb>tt0095925</imdb>
				<content>movie</content>
				<title>Pumpkinhead</title>
				<year>1988</year>
			</meta>
			<link>
				<sublink>search</sublink>
				<sublink>searchsd</sublink>
			</link>
			<thumbnail>https://image.tmdb.org/t/p/w1280//hr2iS7hLHI0NBA9FG3sQKgxLjao.jpg</thumbnail>
			<fanart>https://image.tmdb.org/t/p/w1280//39fIoSmgncmXOU2DXmoAerrF0sF.jpg</fanart>
		</item>
		<item>
			<title>Puppet Master</title>
			<meta>
				<imdb>tt0098143</imdb>
				<content>movie</content>
				<title>Puppet Master</title>
				<year>1989</year>
			</meta>
			<link>
				<sublink>search</sublink>
				<sublink>searchsd</sublink>
			</link>
			<thumbnail>https://image.tmdb.org/t/p/w1280//3gMXTOSlpNDfiZ659w19HW8roZ7.jpg</thumbnail>
			<fanart>https://image.tmdb.org/t/p/w1280//j1ShcGvA4Sex6DkqpAUbWCsMjzN.jpg</fanart>
		</item>
		<item>
			<title>The House by the Cemetery</title>
			<meta>
				<imdb>tt0082966</imdb>
				<content>movie</content>
				<title>The House by the Cemetery</title>
				<year>1981</year>
			</meta>
			<link>
				<sublink>search</sublink>
				<sublink>searchsd</sublink>
			</link>
			<thumbnail>https://image.tmdb.org/t/p/w1280//2Pd2tTrktrB2pND61SvIIJxog9B.jpg</thumbnail>
			<fanart>https://image.tmdb.org/t/p/w1280//vmWeNabBHAstLdPBuF6AJEGhn0U.jpg</fanart>
		</item>
		<item>
			<title>Rawhead Rex</title>
			<meta>
				<imdb>tt0091829</imdb>
				<content>movie</content>
				<title>Rawhead Rex</title>
				<year>1986</year>
			</meta>
			<link>
				<sublink>search</sublink>
				<sublink>searchsd</sublink>
			</link>
			<thumbnail>https://image.tmdb.org/t/p/w1280//iaUdeKLtKBuZJavToGiRHySXAPA.jpg</thumbnail>
			<fanart>https://image.tmdb.org/t/p/w1280//jc6p4j8GkXvG9QuJ6YW80wpcMNP.jpg</fanart>
		</item>
		<item>
			<title>Razorback</title>
			<meta>
				<imdb>tt0087981</imdb>
				<content>movie</content>
				<title>Razorback</title>
				<year>1984</year>
			</meta>
			<link>
				<sublink>search</sublink>
				<sublink>searchsd</sublink>
			</link>
			<thumbnail>https://image.tmdb.org/t/p/w1280//u5dVvyZeYFCQwljsPY7DsSwjDG7.jpg</thumbnail>
			<fanart>https://image.tmdb.org/t/p/w1280//fum4Br1shg57PFYPfujMyxu3jbH.jpg</fanart>
		</item>
		<item>
			<title>Re-Animator</title>
			<meta>
				<imdb>tt0089885</imdb>
				<content>movie</content>
				<title>Re-Animator</title>
				<year>1985</year>
			</meta>
			<link>
				<sublink>search</sublink>
				<sublink>searchsd</sublink>
			</link>
			<thumbnail>https://image.tmdb.org/t/p/w1280//hJnP2O0uTuh8HsR094WLTi3sQwc.jpg</thumbnail>
			<fanart>https://image.tmdb.org/t/p/w1280//aGLdPN9aF8o2b4P8tuKUwLCHFFG.jpg</fanart>
		</item>
		<item>
			<title>The Return of the Living Dead</title>
			<meta>
				<imdb>tt0089907</imdb>
				<content>movie</content>
				<title>The Return of the Living Dead</title>
				<year>1985</year>
			</meta>
			<link>
				<sublink>search</sublink>
				<sublink>searchsd</sublink>
			</link>
			<thumbnail>https://image.tmdb.org/t/p/w1280//1vydUitzC8W8W5oNevEArCltydJ.jpg</thumbnail>
			<fanart>https://image.tmdb.org/t/p/w1280//jA34vdJCxOZUoi4khkfhq1pX3WG.jpg</fanart>
		</item>
		<item>
			<title>Return of the Living Dead Part II</title>
			<meta>
				<imdb>tt0095990</imdb>
				<content>movie</content>
				<title>Return of the Living Dead Part II</title>
				<year>1988</year>
			</meta>
			<link>
				<sublink>search</sublink>
				<sublink>searchsd</sublink>
			</link>
			<thumbnail>https://image.tmdb.org/t/p/w1280//xam4CgorXj7dWOIcyQy4XBCkxli.jpg</thumbnail>
			<fanart>https://image.tmdb.org/t/p/w1280//ntdSBFsaN7uvLmx2wXEM44bTd94.jpg</fanart>
		</item>
		<item>
			<title>Scanners</title>
			<meta>
				<imdb>tt0081455</imdb>
				<content>movie</content>
				<title>Scanners</title>
				<year>1981</year>
			</meta>
			<link>
				<sublink>search</sublink>
				<sublink>searchsd</sublink>
			</link>
			<thumbnail>https://image.tmdb.org/t/p/w1280//zTfR7eZR7johzHzRpkr7cWCkLrm.jpg</thumbnail>
			<fanart>https://image.tmdb.org/t/p/w1280//fOjllOSWeTibW5zKeJlqq3aLXpB.jpg</fanart>
		</item>
		<item>
			<title>The Serpent and the Rainbow</title>
			<meta>
				<imdb>tt0096071</imdb>
				<content>movie</content>
				<title>The Serpent and the Rainbow</title>
				<year>1988</year>
			</meta>
			<link>
				<sublink>search</sublink>
				<sublink>searchsd</sublink>
			</link>
			<thumbnail>https://image.tmdb.org/t/p/w1280//6FcK8I3IBBndBo8gfTx1apC8DYj.jpg</thumbnail>
			<fanart>https://image.tmdb.org/t/p/w1280//f4ixXGrhChuGK1XE1K8vfCsQYZ6.jpg</fanart>
		</item>
		<item>
			<title>The Shining</title>
			<meta>
				<imdb>tt0081505</imdb>
				<content>movie</content>
				<title>The Shining</title>
				<year>1980</year>
			</meta>
			<link>
				<sublink>search</sublink>
				<sublink>searchsd</sublink>
			</link>
			<thumbnail>https://image.tmdb.org/t/p/w1280//9fgh3Ns1iRzlQNYuJyK0ARQZU7w.jpg</thumbnail>
			<fanart>https://image.tmdb.org/t/p/w1280//h4DcDCOkQBENWBJZjNlPv3adQfM.jpg</fanart>
		</item>
		<item>
			<title>Silver Bullet</title>
			<meta>
				<imdb>tt0090021</imdb>
				<content>movie</content>
				<title>Silver Bullet</title>
				<year>1985</year>
			</meta>
			<link>
				<sublink>search</sublink>
				<sublink>searchsd</sublink>
			</link>
			<thumbnail>https://image.tmdb.org/t/p/w1280//w5B4xDqtkFy8nhuIlpM0vUmR7vD.jpg</thumbnail>
			<fanart>https://image.tmdb.org/t/p/w1280//jUalqaXkexC6qLdZ1iL25EZrO7O.jpg</fanart>
		</item>
		<item>
			<title>Sleepaway Camp</title>
			<meta>
				<imdb>tt0086320</imdb>
				<content>movie</content>
				<title>Sleepaway Camp</title>
				<year>1983</year>
			</meta>
			<link>
				<sublink>search</sublink>
				<sublink>searchsd</sublink>
			</link>
			<thumbnail>https://image.tmdb.org/t/p/w1280//gkAgVMS2mShi8bXWUSB8VvDshl2.jpg</thumbnail>
			<fanart>https://image.tmdb.org/t/p/w1280//oLQ5j4XMfRGS97rjm0DM7t5cE3N.jpg</fanart>
		</item>
		<item>
			<title>Society</title>
			<meta>
				<imdb>tt0098354</imdb>
				<content>movie</content>
				<title>Society</title>
				<year>1989</year>
			</meta>
			<link>
				<sublink>search</sublink>
				<sublink>searchsd</sublink>
			</link>
			<thumbnail>https://image.tmdb.org/t/p/w1280//lj8Kw6YQHfw23hrX6hUz5PdHJXc.jpg</thumbnail>
			<fanart>https://image.tmdb.org/t/p/w1280//yhSrVW0lYFusibaaowUu52gcze6.jpg</fanart>
		</item>
		<item>
			<title>Street Trash</title>
			<meta>
				<imdb>tt0094057</imdb>
				<content>movie</content>
				<title>Street Trash</title>
				<year>1987</year>
			</meta>
			<link>
				<sublink>search</sublink>
				<sublink>searchsd</sublink>
			</link>
			<thumbnail>https://image.tmdb.org/t/p/w1280//yGWFe3vRPNfUnlnTxZhSJ2LVRvZ.jpg</thumbnail>
			<fanart>https://image.tmdb.org/t/p/w1280//yfexKj0LSfsKTxVZkdZoa7oDUPs.jpg</fanart>
		</item>
		<item>
			<title>The Stuff</title>
			<meta>
				<imdb>tt0090094</imdb>
				<content>movie</content>
				<title>The Stuff</title>
				<year>1985</year>
			</meta>
			<link>
				<sublink>search</sublink>
				<sublink>searchsd</sublink>
			</link>
			<thumbnail>https://image.tmdb.org/t/p/w1280//n18VCF6QdiQHOxD0ABOq0Vg80Pc.jpg</thumbnail>
			<fanart>https://image.tmdb.org/t/p/w1280//nLfxSTbLIlVeNATk9Ykn9SMcNjY.jpg</fanart>
		</item>
		<item>
			<title>Tenebre</title>
			<meta>
				<imdb>tt0084777</imdb>
				<content>movie</content>
				<title>Tenebre</title>
				<year>1982</year>
			</meta>
			<link>
				<sublink>search</sublink>
				<sublink>searchsd</sublink>
			</link>
			<thumbnail>https://image.tmdb.org/t/p/w1280//bEsajgqQEgJgRukc3mrA9G5BEhk.jpg</thumbnail>
			<fanart>https://image.tmdb.org/t/p/w1280//fMQ0sMBEDtna8mRYVxo1xbC9UFC.jpg</fanart>
		</item>
		<item>
			<title>TerrorVision</title>
			<meta>
				<imdb>tt0092074</imdb>
				<content>movie</content>
				<title>TerrorVision</title>
				<year>1986</year>
			</meta>
			<link>
				<sublink>search</sublink>
				<sublink>searchsd</sublink>
			</link>
			<thumbnail>https://image.tmdb.org/t/p/w1280//auGLg4gSnYGnIcEjweEjh6CsEZy.jpg</thumbnail>
			<fanart>https://image.tmdb.org/t/p/w1280//h43dv6s2AmwbvecphIeaSGUYEP8.jpg</fanart>
		</item>
		<item>
			<title>The Texas Chainsaw Massacre 2</title>
			<meta>
				<imdb>tt0092076</imdb>
				<content>movie</content>
				<title>The Texas Chainsaw Massacre 2</title>
				<year>1986</year>
			</meta>
			<link>
				<sublink>search</sublink>
				<sublink>searchsd</sublink>
			</link>
			<thumbnail>https://image.tmdb.org/t/p/w1280//1EI0Qs6AhtxdamRBsFC4zm2I6sj.jpg</thumbnail>
			<fanart>https://image.tmdb.org/t/p/w1280//ajdhwlImMWSWTu1sEMv72yu7IqK.jpg</fanart>
		</item>
		<item>
			<title>The Texas Chainsaw Massacre: A Family Portrait</title>
			<meta>
				<imdb>tt0248537</imdb>
				<content>movie</content>
				<title>The Texas Chainsaw Massacre: A Family Portrait</title>
				<year>1988</year>
			</meta>
			<link>
				<sublink>search</sublink>
				<sublink>searchsd</sublink>
			</link>
			<thumbnail>https://image.tmdb.org/t/p/w1280//hgykze6N2vbI6isnEI85mSuUrst.jpg</thumbnail>
			<fanart>https://image.tmdb.org/t/p/w1280//9iUnJ0995mgrAeWaQvf7coBCHXz.jpg</fanart>
		</item>
		<item>
			<title>They Live</title>
			<meta>
				<imdb>tt0096256</imdb>
				<content>movie</content>
				<title>They Live</title>
				<year>1988</year>
			</meta>
			<link>
				<sublink>search</sublink>
				<sublink>searchsd</sublink>
			</link>
			<thumbnail>https://image.tmdb.org/t/p/w1280//8N8BnBGwgsxXXwZ2q9eVFFIKFL1.jpg</thumbnail>
			<fanart>https://image.tmdb.org/t/p/w1280//rPAmeyzGPRrobTDoyvlaAGOSGAe.jpg</fanart>
		</item>
		<item>
			<title>The Thing</title>
			<meta>
				<imdb>tt0084787</imdb>
				<content>movie</content>
				<title>The Thing</title>
				<year>1982</year>
			</meta>
			<link>
				<sublink>search</sublink>
				<sublink>searchsd</sublink>
			</link>
			<thumbnail>https://image.tmdb.org/t/p/w1280//s5fH3GqFcHbi2F0NSBSh4KRNTc0.jpg</thumbnail>
			<fanart>https://image.tmdb.org/t/p/w1280//7mdGrxp3ZL2OqNSrQ5LoYySi5MH.jpg</fanart>
		</item>
		<item>
			<title>The Toxic Avenger</title>
			<meta>
				<imdb>tt0090190</imdb>
				<content>movie</content>
				<title>The Toxic Avenger</title>
				<year>1984</year>
			</meta>
			<link>
				<sublink>search</sublink>
				<sublink>searchsd</sublink>
			</link>
			<thumbnail>https://image.tmdb.org/t/p/w1280//z9RHyAvshVHgJE5Qe7Iu3EmxFgU.jpg</thumbnail>
			<fanart>https://image.tmdb.org/t/p/w1280//7qAk9JKiAfFKVVvHdEzBSICKxFD.jpg</fanart>
		</item>
		<item>
			<title>Videodrome</title>
			<meta>
				<imdb>tt0086541</imdb>
				<content>movie</content>
				<title>Videodrome</title>
				<year>1983</year>
			</meta>
			<link>
				<sublink>search</sublink>
				<sublink>searchsd</sublink>
			</link>
			<thumbnail>https://image.tmdb.org/t/p/w1280//fl09Ai2lKPau49MdLp0pOc5rYlP.jpg</thumbnail>
			<fanart>https://image.tmdb.org/t/p/w1280//z71Ec0T4So8nGnvfR9NQHWraOdh.jpg</fanart>
		</item>
		<item>
			<title>Waxwork</title>
			<meta>
				<imdb>tt0096426</imdb>
				<content>movie</content>
				<title>Waxwork</title>
				<year>1988</year>
			</meta>
			<link>
				<sublink>search</sublink>
				<sublink>searchsd</sublink>
			</link>
			<thumbnail>https://image.tmdb.org/t/p/w1280//7FZoShrHzTcYW55779Iw4tlQ9MI.jpg</thumbnail>
			<fanart>https://image.tmdb.org/t/p/w1280//7ZhgS24cdMRNGI3Dp85CJaR0dMe.jpg</fanart>
		</item>
		<item>
			<title>Tetsuo: The Iron Man</title>
			<meta>
				<imdb>tt0096251</imdb>
				<content>movie</content>
				<title>Tetsuo: The Iron Man</title>
				<year>1989</year>
			</meta>
			<link>
				<sublink>search</sublink>
				<sublink>searchsd</sublink>
			</link>
			<thumbnail>https://image.tmdb.org/t/p/w1280//sIygsUfPDD7pfdvmZR9PKArZ2Jp.jpg</thumbnail>
			<fanart>https://image.tmdb.org/t/p/w1280//6dPHC0BOIqneXxh14EnXHKj3tmv.jpg</fanart>
		</item>
		<item>
			<title>Encounters of the Spooky Kind</title>
			<meta>
				<imdb>tt0080827</imdb>
				<content>movie</content>
				<title>Encounters of the Spooky Kind</title>
				<year>1980</year>
			</meta>
			<link>
				<sublink>search</sublink>
				<sublink>searchsd</sublink>
			</link>
			<thumbnail>https://image.tmdb.org/t/p/w1280//c23ZHghKOfcqvfhgQOoLmu2fC9X.jpg</thumbnail>
			<fanart>https://image.tmdb.org/t/p/w1280//2xPyUrNDaSxH8D8dFGjf7Jtq4HP.jpg</fanart>
		</item>
	</1980s>
</trepidation>