<item>
    <title>Alien Blood</title>
    <meta>
        <imdb>tt0191774</imdb>
        <content>movie</content>
        <title>Alien Blood</title>
        <year>1999</year>
    </meta>
    <link>
        <sublink>search</sublink>
        <sublink>searchsd</sublink>
    </link>
    <thumbnail>https://image.tmdb.org/t/p/w1280//rhdOABnIXvbKvG7BZrfmZaTldIa.jpg</thumbnail>
    <fanart>https://image.tmdb.org/t/p/w1280//de5pbETfwU5cCMCs4fpwDLpbL0T.jpg</fanart>
</item>
<item>
    <title>The Astronaut's Wife</title>
    <meta>
        <imdb>tt0138304</imdb>
        <content>movie</content>
        <title>The Astronaut's Wife</title>
        <year>1999</year>
    </meta>
    <link>
        <sublink>search</sublink>
        <sublink>searchsd</sublink>
    </link>
    <thumbnail>https://image.tmdb.org/t/p/w1280//2zm3a3453aWN078Qd6nIQngbEkM.jpg</thumbnail>
    <fanart>https://image.tmdb.org/t/p/w1280//sCwkfBjLUstJtNoJ796pVGwtlF3.jpg</fanart>
</item>
<item>
    <title>Bats</title>
    <meta>
        <imdb>tt0200469</imdb>
        <content>movie</content>
        <title>Bats</title>
        <year>1999</year>
    </meta>
    <link>
        <sublink>search</sublink>
        <sublink>searchsd</sublink>
    </link>
    <thumbnail>https://image.tmdb.org/t/p/w1280//5sR3GMWGnNrH1PLkxF7w2qRhJJa.jpg</thumbnail>
    <fanart>https://image.tmdb.org/t/p/w1280//hchZiGTq5fUBYzqhsIGvarLsVCf.jpg</fanart>
</item>
<item>
    <title>The Blair Witch Project</title>
    <meta>
        <imdb>tt0185937</imdb>
        <content>movie</content>
        <title>The Blair Witch Project</title>
        <year>1999</year>
    </meta>
    <link>
        <sublink>search</sublink>
        <sublink>searchsd</sublink>
    </link>
    <thumbnail>https://image.tmdb.org/t/p/w1280//hyaOKmxuF8YJKHqWlwpiZU5QsAr.jpg</thumbnail>
    <fanart>https://image.tmdb.org/t/p/w1280//rEUhIQZCk9ZAhyEyRFG0wPLYdXn.jpg</fanart>
</item>
<item>
    <title>Candyman: Day of the Dead</title>
    <meta>
        <imdb>tt0165662</imdb>
        <content>movie</content>
        <title>Candyman: Day of the Dead</title>
        <year>1999</year>
    </meta>
    <link>
        <sublink>search</sublink>
        <sublink>searchsd</sublink>
    </link>
    <thumbnail>https://image.tmdb.org/t/p/w1280//zfg67q3cBf6YGdflNixAVWrAx83.jpg</thumbnail>
    <fanart>https://image.tmdb.org/t/p/w1280//4tZPgS9vGEtzXYpZugG1eeAuUpU.jpg</fanart>
</item>
<item>
    <title>Children of the Corn 666: Isaac's Return</title>
    <meta>
        <imdb>tt0177625</imdb>
        <content>movie</content>
        <title>Children of the Corn 666: Isaac's Return</title>
        <year>1999</year>
    </meta>
    <link>
        <sublink>search</sublink>
        <sublink>searchsd</sublink>
    </link>
    <thumbnail>https://image.tmdb.org/t/p/w1280//cAoLi0dxRZwA20LUzTTGN3Xn39Y.jpg</thumbnail>
    <fanart>https://image.tmdb.org/t/p/w1280//d5kWreen18CsXW0yhwqevzEQStc.jpg</fanart>
</item>
<item>
    <title>Deep Blue Sea</title>
    <meta>
        <imdb>tt0149261</imdb>
        <content>movie</content>
        <title>Deep Blue Sea</title>
        <year>1999</year>
    </meta>
    <link>
        <sublink>search</sublink>
        <sublink>searchsd</sublink>
    </link>
    <thumbnail>https://image.tmdb.org/t/p/w1280//r386y8YpePXoS7P4jHWZRTF36Zb.jpg</thumbnail>
    <fanart>https://image.tmdb.org/t/p/w1280//adGAeyRgc7jQyXaBFyQGWGCrdJo.jpg</fanart>
</item>
<item>
    <title>Desecration</title>
    <meta>
        <imdb>tt0273169</imdb>
        <content>movie</content>
        <title>Desecration</title>
        <year>1999</year>
    </meta>
    <link>
        <sublink>search</sublink>
        <sublink>searchsd</sublink>
    </link>
    <thumbnail>https://image.tmdb.org/t/p/w1280//qlak93S0Sot5ppApr858doPn85h.jpg</thumbnail>
    <fanart/>
</item>
<item>
    <title>End of Days</title>
    <meta>
        <imdb>tt0146675</imdb>
        <content>movie</content>
        <title>End of Days</title>
        <year>1999</year>
    </meta>
    <link>
        <sublink>search</sublink>
        <sublink>searchsd</sublink>
    </link>
    <thumbnail>https://image.tmdb.org/t/p/w1280//bEIjH6GroeWaBkn6o7MVpMNbuyw.jpg</thumbnail>
    <fanart>https://image.tmdb.org/t/p/w1280//96WQCkMENnmC4dm0X1VxN3kGa9S.jpg</fanart>
</item>
<item>
    <title>From Dusk Till Dawn 2: Texas Blood Money</title>
    <meta>
        <imdb>tt0120860</imdb>
        <content>movie</content>
        <title>From Dusk Till Dawn 2: Texas Blood Money</title>
        <year>1999</year>
    </meta>
    <link>
        <sublink>search</sublink>
        <sublink>searchsd</sublink>
    </link>
    <thumbnail>https://image.tmdb.org/t/p/w1280//d7bo08grzk9ZYV5W6hatIEszbfZ.jpg</thumbnail>
    <fanart>https://image.tmdb.org/t/p/w1280//3G9ZhnNPF3JdGwFOT3Ylqi4tQOK.jpg</fanart>
</item>
<item>
    <title>From Dusk Till Dawn 3: The Hangman's Daughter</title>
    <meta>
        <imdb>tt0120695</imdb>
        <content>movie</content>
        <title>From Dusk Till Dawn 3: The Hangman's Daughter</title>
        <year>1999</year>
    </meta>
    <link>
        <sublink>search</sublink>
        <sublink>searchsd</sublink>
    </link>
    <thumbnail>https://image.tmdb.org/t/p/w1280//oQ27jYistGziEJbIQCXgAYlVpvn.jpg</thumbnail>
    <fanart>https://image.tmdb.org/t/p/w1280//kqoveKOYJ8ZNvUuf88FWjtm01cC.jpg</fanart>
</item>
<item>
    <title>The Haunting</title>
    <meta>
        <imdb>tt0171363</imdb>
        <content>movie</content>
        <title>The Haunting</title>
        <year>1999</year>
    </meta>
    <link>
        <sublink>search</sublink>
        <sublink>searchsd</sublink>
    </link>
    <thumbnail>https://image.tmdb.org/t/p/w1280//6cZp6bho46sCGKJ3by3hnhCs5TD.jpg</thumbnail>
    <fanart>https://image.tmdb.org/t/p/w1280//xUWFkVZOEQ06ZstIG6xSS4RcjdJ.jpg</fanart>
</item>
<item>
    <title>The Haunting of Hell House</title>
    <meta>
        <imdb>tt0193971</imdb>
        <content>movie</content>
        <title>The Haunting of Hell House</title>
        <year>1999</year>
    </meta>
    <link>
        <sublink>search</sublink>
        <sublink>searchsd</sublink>
    </link>
    <thumbnail>https://image.tmdb.org/t/p/w1280//r4UdahzFp6LxTBCEpoNoqfs6mzE.jpg</thumbnail>
    <fanart/>
</item>
<item>
    <title>Hellblock 13</title>
    <meta>
        <imdb>tt0119277</imdb>
        <content>movie</content>
        <title>Hellblock 13</title>
        <year>1999</year>
    </meta>
    <link>
        <sublink>search</sublink>
        <sublink>searchsd</sublink>
    </link>
    <thumbnail>https://image.tmdb.org/t/p/w1280//bR8c21jRGSGpQiu2wfxI7MnSdJz.jpg</thumbnail>
    <fanart>https://image.tmdb.org/t/p/w1280//8PRLYl5PRD5sAqTsPXuerKWfVZB.jpg</fanart>
</item>
<item>
    <title>House on Haunted Hill</title>
    <meta>
        <imdb>tt0185371</imdb>
        <content>movie</content>
        <title>House on Haunted Hill</title>
        <year>1999</year>
    </meta>
    <link>
        <sublink>search</sublink>
        <sublink>searchsd</sublink>
    </link>
    <thumbnail>https://image.tmdb.org/t/p/w1280//yedchBbI23FgDjWP1tvahOZgiks.jpg</thumbnail>
    <fanart>https://image.tmdb.org/t/p/w1280//zCg0zdIKKfBGiEA1xsQYaO7KS7S.jpg</fanart>
</item>
<item>
    <title>Ice From the Sun</title>
    <meta>
        <imdb>tt0151022</imdb>
        <content>movie</content>
        <title>Ice From the Sun</title>
        <year>1999</year>
    </meta>
    <link>
        <sublink>search</sublink>
        <sublink>searchsd</sublink>
    </link>
    <thumbnail>https://image.tmdb.org/t/p/w1280//j1gMDBSWKV6H8oIPJVED1W1qElE.jpg</thumbnail>
    <fanart/>
</item>
<item>
    <title>Idle Hands</title>
    <meta>
        <imdb>tt0138510</imdb>
        <content>movie</content>
        <title>Idle Hands</title>
        <year>1999</year>
    </meta>
    <link>
        <sublink>search</sublink>
        <sublink>searchsd</sublink>
    </link>
    <thumbnail>https://image.tmdb.org/t/p/w1280//sRpgxBdFFDwZz9sgl5QiAJV44Sj.jpg</thumbnail>
    <fanart>https://image.tmdb.org/t/p/w1280//yUq8fOyG1Z39LeLcfUqDRWVimkH.jpg</fanart>
</item>
<item>
    <title>Kolobos</title>
    <meta>
        <imdb>tt0151239</imdb>
        <content>movie</content>
        <title>Kolobos</title>
        <year>1999</year>
    </meta>
    <link>
        <sublink>search</sublink>
        <sublink>searchsd</sublink>
    </link>
    <thumbnail>https://image.tmdb.org/t/p/w1280//4pfdchILqHSTTvtb7XEFoM2iZ4i.jpg</thumbnail>
    <fanart/>
</item>
<item>
    <title>Komodo</title>
    <meta>
        <imdb>tt0172669</imdb>
        <content>movie</content>
        <title>Komodo</title>
        <year>1999</year>
    </meta>
    <link>
        <sublink>search</sublink>
        <sublink>searchsd</sublink>
    </link>
    <thumbnail>https://image.tmdb.org/t/p/w1280//qHFTcto9FbbOqw4awWBviQKwS1P.jpg</thumbnail>
    <fanart>https://image.tmdb.org/t/p/w1280//o3cZmBwHiVFJzJ2WvYAbUI2ndkd.jpg</fanart>
</item>
<item>
    <title>Lake Placid</title>
    <meta>
        <imdb>tt0139414</imdb>
        <content>movie</content>
        <title>Lake Placid</title>
        <year>1999</year>
    </meta>
    <link>
        <sublink>search</sublink>
        <sublink>searchsd</sublink>
    </link>
    <thumbnail>https://image.tmdb.org/t/p/w1280//6lE0EahK7xDOYWRH6On5uKPnwQZ.jpg</thumbnail>
    <fanart>https://image.tmdb.org/t/p/w1280//dbQ9IvMr2HLNpNBEgUqy8baAc21.jpg</fanart>
</item>
<item>
    <title>The Nameless</title>
    <meta>
        <imdb>tt0222368</imdb>
        <content>movie</content>
        <title>The Nameless</title>
        <year>1999</year>
    </meta>
    <link>
        <sublink>search</sublink>
        <sublink>searchsd</sublink>
    </link>
    <thumbnail>https://image.tmdb.org/t/p/w1280//t8E2dyt46ngeVrkgJvo3RpaZq2b.jpg</thumbnail>
    <fanart>https://image.tmdb.org/t/p/w1280//12bXOwmK39OOMd81OnIowGzwVaL.jpg</fanart>
</item>
<item>
    <title>Lovers Lane</title>
    <meta>
        <imdb>tt0187251</imdb>
        <content>movie</content>
        <title>Lovers Lane</title>
        <year>2000</year>
    </meta>
    <link>
        <sublink>search</sublink>
        <sublink>searchsd</sublink>
    </link>
    <thumbnail>https://image.tmdb.org/t/p/w1280//oCn6rNo955jKr6dS3d3FC4WjjpK.jpg</thumbnail>
    <fanart>https://image.tmdb.org/t/p/w1280//67v3YoUnfnHOBG0UhSa2waes2ay.jpg</fanart>
</item>
<item>
    <title>Lycanthrope</title>
    <meta>
        <imdb>tt0171497</imdb>
        <content>movie</content>
        <title>Lycanthrope</title>
        <year>1999</year>
    </meta>
    <link>
        <sublink>search</sublink>
        <sublink>searchsd</sublink>
    </link>
    <thumbnail>https://image.tmdb.org/t/p/w1280//kTnWdsGfFUNsQdvjiza8ugeluM5.jpg</thumbnail>
    <fanart/>
</item>
<item>
    <title>The Mummy</title>
    <meta>
        <imdb>tt0120616</imdb>
        <content>movie</content>
        <title>The Mummy</title>
        <year>1999</year>
    </meta>
    <link>
        <sublink>search</sublink>
        <sublink>searchsd</sublink>
    </link>
    <thumbnail>https://image.tmdb.org/t/p/w1280//yhIsVvcUm7QxzLfT6HW2wLf5ajY.jpg</thumbnail>
    <fanart>https://image.tmdb.org/t/p/w1280//3qthpSSyBY6Efeu1sqkO8L1Eyyb.jpg</fanart>
</item>
<item>
    <title>The Ninth Gate</title>
    <meta>
        <imdb>tt0142688</imdb>
        <content>movie</content>
        <title>The Ninth Gate</title>
        <year>1999</year>
    </meta>
    <link>
        <sublink>search</sublink>
        <sublink>searchsd</sublink>
    </link>
    <thumbnail>https://image.tmdb.org/t/p/w1280//uamhDQBebdW3UQqOaVmma3yW8pm.jpg</thumbnail>
    <fanart>https://image.tmdb.org/t/p/w1280//7ikpBrx2YZyVZxFS5YTZUZoyIJu.jpg</fanart>
</item>
<item>
    <title>The Rage: Carrie 2</title>
    <meta>
        <imdb>tt0144814</imdb>
        <content>movie</content>
        <title>The Rage: Carrie 2</title>
        <year>1999</year>
    </meta>
    <link>
        <sublink>search</sublink>
        <sublink>searchsd</sublink>
    </link>
    <thumbnail>https://image.tmdb.org/t/p/w1280//hW82RCgBkup7nWjd4foZNevLSmu.jpg</thumbnail>
    <fanart>https://image.tmdb.org/t/p/w1280//y5FJGeHuwWH5PTW7ZN0dHfcr7UJ.jpg</fanart>
</item>
<item>
    <title>Ravenous</title>
    <meta>
        <imdb>tt0129332</imdb>
        <content>movie</content>
        <title>Ravenous</title>
        <year>1999</year>
    </meta>
    <link>
        <sublink>search</sublink>
        <sublink>searchsd</sublink>
    </link>
    <thumbnail>https://image.tmdb.org/t/p/w1280//spwvStEA4CraTXPOcONrDzncXOZ.jpg</thumbnail>
    <fanart>https://image.tmdb.org/t/p/w1280//tG7ydFmDr2Y1kecUCM6foFxmJjP.jpg</fanart>
</item>
<item>
    <title>Retro Puppet Master</title>
    <meta>
        <imdb>tt0189047</imdb>
        <content>movie</content>
        <title>Retro Puppet Master</title>
        <year>1999</year>
    </meta>
    <link>
        <sublink>search</sublink>
        <sublink>searchsd</sublink>
    </link>
    <thumbnail>https://image.tmdb.org/t/p/w1280//kz8FpCrNwoIwwKy1H3H4asLG5jW.jpg</thumbnail>
    <fanart>https://image.tmdb.org/t/p/w1280//ltpURho7XaQRqu8Hqvo2nDfDngs.jpg</fanart>
</item>
<item>
    <title>The Ring Virus</title>
    <meta>
        <imdb>tt0289424</imdb>
        <content>movie</content>
        <title>The Ring Virus</title>
        <year>1999</year>
    </meta>
    <link>
        <sublink>search</sublink>
        <sublink>searchsd</sublink>
    </link>
    <thumbnail>https://image.tmdb.org/t/p/w1280//o2wupV3zpyq8AqUhWMWKEXmSKAs.jpg</thumbnail>
    <fanart>https://image.tmdb.org/t/p/w1280//4lRjecAobZhGkzB9SZpBXhD4lgA.jpg</fanart>
</item>
<item>
    <title>Hypnosis</title>
    <meta>
        <imdb>tt0228807</imdb>
        <content>movie</content>
        <title>Hypnosis</title>
        <year>1999</year>
    </meta>
    <link>
        <sublink>search</sublink>
        <sublink>searchsd</sublink>
    </link>
    <thumbnail>https://image.tmdb.org/t/p/w1280//gac5Ctq5guaiPr49qlC9nK6Q2FN.jpg</thumbnail>
    <fanart>https://image.tmdb.org/t/p/w1280//ll4RM3raPDg8hFAYnqgYePDx3XD.jpg</fanart>
</item>
<item>
    <title>Shark Attack</title>
    <meta>
        <imdb>tt0161970</imdb>
        <content>movie</content>
        <title>Shark Attack</title>
        <year>1999</year>
    </meta>
    <link>
        <sublink>search</sublink>
        <sublink>searchsd</sublink>
    </link>
    <thumbnail>https://image.tmdb.org/t/p/w1280//uaDPkePKUFHDx0U3NJVtIEHW0cS.jpg</thumbnail>
    <fanart>https://image.tmdb.org/t/p/w1280//k0isE3nwkZRMXAIUWOxNzPOBtcU.jpg</fanart>
</item>
<item>
    <title>The Sixth Sense</title>
    <meta>
        <imdb>tt0167404</imdb>
        <content>movie</content>
        <title>The Sixth Sense</title>
        <year>1999</year>
    </meta>
    <link>
        <sublink>search</sublink>
        <sublink>searchsd</sublink>
    </link>
    <thumbnail>https://image.tmdb.org/t/p/w1280//imps263dHNe3SuoaAJORZyNTdDT.jpg</thumbnail>
    <fanart>https://image.tmdb.org/t/p/w1280//y67X8DSDEAVcfo9aqX6yipsTsrX.jpg</fanart>
</item>
<item>
    <title>Sleepy Hollow</title>
    <meta>
        <imdb>tt0162661</imdb>
        <content>movie</content>
        <title>Sleepy Hollow</title>
        <year>1999</year>
    </meta>
    <link>
        <sublink>search</sublink>
        <sublink>searchsd</sublink>
    </link>
    <thumbnail>https://image.tmdb.org/t/p/w1280//2UDsmTvWSxVvuGoRQyV3zVaIRyu.jpg</thumbnail>
    <fanart>https://image.tmdb.org/t/p/w1280//d7yZz1SmFNLSbZGilW2wAd9gcBd.jpg</fanart>
</item>
<item>
    <title>Stigmata</title>
    <meta>
        <imdb>tt0145531</imdb>
        <content>movie</content>
        <title>Stigmata</title>
        <year>1999</year>
    </meta>
    <link>
        <sublink>search</sublink>
        <sublink>searchsd</sublink>
    </link>
    <thumbnail>https://image.tmdb.org/t/p/w1280//23ld0uMga2AnnOP3iSHv40gDwsK.jpg</thumbnail>
    <fanart>https://image.tmdb.org/t/p/w1280//gZMYKJuoD6sgZN7uZcLfUD4V24q.jpg</fanart>
</item>
<item>
    <title>Stir of Echoes</title>
    <meta>
        <imdb>tt0164181</imdb>
        <content>movie</content>
        <title>Stir of Echoes</title>
        <year>1999</year>
    </meta>
    <link>
        <sublink>search</sublink>
        <sublink>searchsd</sublink>
    </link>
    <thumbnail>https://image.tmdb.org/t/p/w1280//pjdmvS3I5HElkJHzCNkqn5o8Kjf.jpg</thumbnail>
    <fanart>https://image.tmdb.org/t/p/w1280//kwdmLQgWOmx9oXDpC6KwA2YJOFC.jpg</fanart>
</item>
<item>
    <title>Terror Firmer</title>
    <meta>
        <imdb>tt0169299</imdb>
        <content>movie</content>
        <title>Terror Firmer</title>
        <year>1999</year>
    </meta>
    <link>
        <sublink>search</sublink>
        <sublink>searchsd</sublink>
    </link>
    <thumbnail>https://image.tmdb.org/t/p/w1280//64K8emWVgf6XqYdn75lJwLiEXJn.jpg</thumbnail>
    <fanart>https://image.tmdb.org/t/p/w1280//qwDhUEExY0uuakKVY4U5IBJHDfK.jpg</fanart>
</item>
<item>
    <title>Violent Shit 3 - Infantry of Doom</title>
    <meta>
        <imdb>tt0203185</imdb>
        <content>movie</content>
        <title>Violent Shit 3 - Infantry of Doom</title>
        <year>1999</year>
    </meta>
    <link>
        <sublink>search</sublink>
        <sublink>searchsd</sublink>
    </link>
    <thumbnail>https://image.tmdb.org/t/p/w1280//knbAt6Eqobmj3wDWUCE0hjkQaje.jpg</thumbnail>
    <fanart/>
</item>
<item>
    <title>Warlock III: The End of Innocence</title>
    <meta>
        <imdb>tt0157171</imdb>
        <content>movie</content>
        <title>Warlock III: The End of Innocence</title>
        <year>1999</year>
    </meta>
    <link>
        <sublink>search</sublink>
        <sublink>searchsd</sublink>
    </link>
    <thumbnail>https://image.tmdb.org/t/p/w1280//jb9Qvoogn51oOQMLlY9lCuvSn62.jpg</thumbnail>
    <fanart>https://image.tmdb.org/t/p/w1280//4ZTQXhViR1LWwLHB9Sa393CzjiB.jpg</fanart>
</item>
<item>
    <title>Wild Zero</title>
    <meta>
        <imdb>tt0267116</imdb>
        <content>movie</content>
        <title>Wild Zero</title>
        <year>1999</year>
    </meta>
    <link>
        <sublink>search</sublink>
        <sublink>searchsd</sublink>
    </link>
    <thumbnail>https://image.tmdb.org/t/p/w1280//tEWL5oVaoHb9CnditO5yXW4lHnk.jpg</thumbnail>
    <fanart>https://image.tmdb.org/t/p/w1280//ojrVPeTonELLNjCuyi3kNvlZxZo.jpg</fanart>
</item>
<item>
    <title>Wishmaster 2: Evil Never Dies</title>
    <meta>
        <imdb>tt0156182</imdb>
        <content>movie</content>
        <title>Wishmaster 2: Evil Never Dies</title>
        <year>1999</year>
    </meta>
    <link>
        <sublink>search</sublink>
        <sublink>searchsd</sublink>
    </link>
    <thumbnail>https://image.tmdb.org/t/p/w1280//8ZeIHk9sNuGd2mbjBEvUyvINHOC.jpg</thumbnail>
    <fanart>https://image.tmdb.org/t/p/w1280//kJJxRr7OHo6UPNXZI89DoIu6Eov.jpg</fanart>
</item>
<item>
    <title>Witchouse</title>
    <meta>
        <imdb>tt0217893</imdb>
        <content>movie</content>
        <title>Witchouse</title>
        <year>1999</year>
    </meta>
    <link>
        <sublink>search</sublink>
        <sublink>searchsd</sublink>
    </link>
    <thumbnail>https://image.tmdb.org/t/p/w1280//mvolPqN9cUACGoDNi2rZpM4zgPo.jpg</thumbnail>
    <fanart>https://image.tmdb.org/t/p/w1280//e0xCxfuJeGIgLybv7Mxd0FoEjP0.jpg</fanart>
</item>
<item>
    <title>eXistenZ</title>
    <meta>
        <imdb>tt0120907</imdb>
        <content>movie</content>
        <title>eXistenZ</title>
        <year>1999</year>
    </meta>
    <link>
        <sublink>search</sublink>
        <sublink>searchsd</sublink>
    </link>
    <thumbnail>https://image.tmdb.org/t/p/w1280//jvuRnlZvfUnleAZj8g75q4VZedm.jpg</thumbnail>
    <fanart>https://image.tmdb.org/t/p/w1280//xaDt9P9OGpXTHmr1MidcF4dh5tH.jpg</fanart>
</item>
<item>
    <title>The Green Elephant</title>
    <meta>
        <imdb>tt1003080</imdb>
        <content>movie</content>
        <title>The Green Elephant</title>
        <year>1999</year>
    </meta>
    <link>
        <sublink>search</sublink>
        <sublink>searchsd</sublink>
    </link>
    <thumbnail>https://image.tmdb.org/t/p/w1280//jvQhzVkoZ3N9bUI3c94M3tXB7ek.jpg</thumbnail>
    <fanart/>
</item>
<item>
    <title>Aakasha Ganga</title>
    <meta>
        <imdb>tt0254928</imdb>
        <content>movie</content>
        <title>Aakasha Ganga</title>
        <year>1999</year>
    </meta>
    <link>
        <sublink>search</sublink>
        <sublink>searchsd</sublink>
    </link>
    <thumbnail>https://image.tmdb.org/t/p/w1280//78D1Y7dtYBX3lRRhE7PW67YdRfw.jpg</thumbnail>
    <fanart>https://image.tmdb.org/t/p/w1280//ghsm1JumwghDnjM54NLTZbNWVXl.jpg</fanart>
</item>
<item>
    <title>Audition</title>
    <meta>
        <imdb>tt0235198</imdb>
        <content>movie</content>
        <title>Audition</title>
        <year>1999</year>
    </meta>
    <link>
        <sublink>search</sublink>
        <sublink>searchsd</sublink>
    </link>
    <thumbnail>https://image.tmdb.org/t/p/w1280//mrK8hwRqaR1lveGoIcBICBqdmTG.jpg</thumbnail>
    <fanart>https://image.tmdb.org/t/p/w1280//erYnALHXFCzDwIDFthyOoGiLfsg.jpg</fanart>
</item>
<item>
    <title>Ringu 2</title>
    <meta>
        <imdb>tt0218553</imdb>
        <content>movie</content>
        <title>Ringu 2</title>
        <year>1999</year>
    </meta>
    <link>
        <sublink>search</sublink>
        <sublink>searchsd</sublink>
    </link>
    <thumbnail>https://image.tmdb.org/t/p/w1280//nTBjUjvdvwZ4s0mB6RpcmgrkNg7.jpg</thumbnail>
    <fanart>https://image.tmdb.org/t/p/w1280//1lGnFHm64xPu1Lu6RgXpL3Z89aa.jpg</fanart>
</item>
<item>
    <title>Gemini</title>
    <meta>
        <imdb>tt0210302</imdb>
        <content>movie</content>
        <title>Gemini</title>
        <year>1999</year>
    </meta>
    <link>
        <sublink>search</sublink>
        <sublink>searchsd</sublink>
    </link>
    <thumbnail>https://image.tmdb.org/t/p/w1280//rhvQRcGAyf5Xl4kBomdTlg3fXVQ.jpg</thumbnail>
    <fanart>https://image.tmdb.org/t/p/w1280//aXSCsdsBgSAOPjgsKKokA4yXVy6.jpg</fanart>
</item>
<item>
    <title>A Wicked Ghost</title>
    <meta>
        <imdb>tt0344290</imdb>
        <content>movie</content>
        <title>A Wicked Ghost</title>
        <year>1999</year>
    </meta>
    <link>
        <sublink>search</sublink>
        <sublink>searchsd</sublink>
    </link>
    <thumbnail>https://image.tmdb.org/t/p/w1280//bKJzb5ZBXQWPXeI8c1bctE73syA.jpg</thumbnail>
    <fanart/>
</item>
<item>
    <title>Shikoku</title>
    <meta>
        <imdb>tt0213245</imdb>
        <content>movie</content>
        <title>Shikoku</title>
        <year>1999</year>
    </meta>
    <link>
        <sublink>search</sublink>
        <sublink>searchsd</sublink>
    </link>
    <thumbnail>https://image.tmdb.org/t/p/w1280//23yZYcGDrFETAXE8rPP1t1J9LRA.jpg</thumbnail>
    <fanart>https://image.tmdb.org/t/p/w1280//nq8FswFHDOIEqbcWA1kLjfwu3u2.jpg</fanart>
</item>
<item>
    <title>Troublesome Night 6</title>
    <meta>
        <imdb>tt0253841</imdb>
        <content>movie</content>
        <title>Troublesome Night 6</title>
        <year>1999</year>
    </meta>
    <link>
        <sublink>search</sublink>
        <sublink>searchsd</sublink>
    </link>
    <thumbnail>https://image.tmdb.org/t/p/w1280//56sILVgatHwmOgRoirNBQOZHLXl.jpg</thumbnail>
    <fanart/>
</item>
