<item>
    <title>American Psycho</title>
    <meta>
        <imdb>tt0144084</imdb>
        <content>movie</content>
        <title>American Psycho</title>
        <year>2000</year>
    </meta>
    <link>
        <sublink>search</sublink>
        <sublink>searchsd</sublink>
    </link>
    <thumbnail>https://image.tmdb.org/t/p/w1280//qXsylPM4Lr5397R3eHrfqHhTUNc.jpg</thumbnail>
    <fanart>https://image.tmdb.org/t/p/w1280//zf7L87ZS2cXjaRT5d3ibIUaJvoo.jpg</fanart>
</item>
<item>
    <title>Anatomy</title>
    <meta>
        <imdb>tt0187696</imdb>
        <content>movie</content>
        <title>Anatomy</title>
        <year>2000</year>
    </meta>
    <link>
        <sublink>search</sublink>
        <sublink>searchsd</sublink>
    </link>
    <thumbnail>https://image.tmdb.org/t/p/w1280//xVvMgM0WTARC5RMj7JjqtVZh22f.jpg</thumbnail>
    <fanart>https://image.tmdb.org/t/p/w1280//lOf9IpSKA0mnkb7xAKsdi8gdoGy.jpg</fanart>
</item>
<item>
    <title>Ancient Evil: Scream of the Mummy</title>
    <meta>
        <imdb>tt0231138</imdb>
        <content>movie</content>
        <title>Ancient Evil: Scream of the Mummy</title>
        <year>1999</year>
    </meta>
    <link>
        <sublink>search</sublink>
        <sublink>searchsd</sublink>
    </link>
    <thumbnail>https://image.tmdb.org/t/p/w1280//xcEdbho85KmGQAMvCJgYqcDutyA.jpg</thumbnail>
    <fanart>https://image.tmdb.org/t/p/w1280//w95HOtx1v9RQ5AQ6Qs8uAUKv0iN.jpg</fanart>
</item>
<item>
    <title>Bless the Child</title>
    <meta>
        <imdb>tt0163983</imdb>
        <content>movie</content>
        <title>Bless the Child</title>
        <year>2000</year>
    </meta>
    <link>
        <sublink>search</sublink>
        <sublink>searchsd</sublink>
    </link>
    <thumbnail>https://image.tmdb.org/t/p/w1280//foyJG55V3fBA2vnxojgMY4ROqcd.jpg</thumbnail>
    <fanart>https://image.tmdb.org/t/p/w1280//4z01gogpitGR0lYpSYyCqOLzd6V.jpg</fanart>
</item>
<item>
    <title>Blood: The Last Vampire</title>
    <meta>
        <imdb>tt0275230</imdb>
        <content>movie</content>
        <title>Blood: The Last Vampire</title>
        <year>2000</year>
    </meta>
    <link>
        <sublink>search</sublink>
        <sublink>searchsd</sublink>
    </link>
    <thumbnail>https://image.tmdb.org/t/p/w1280//3ySU3xS4g9KeJNCNDbVniOs3KmG.jpg</thumbnail>
    <fanart>https://image.tmdb.org/t/p/w1280//txiztKRpPqtPPa3hMTPs16t6x4u.jpg</fanart>
</item>
<item>
    <title>Bloody Murder</title>
    <meta>
        <imdb>tt0240380</imdb>
        <content>movie</content>
        <title>Bloody Murder</title>
        <year>2000</year>
    </meta>
    <link>
        <sublink>search</sublink>
        <sublink>searchsd</sublink>
    </link>
    <thumbnail>https://image.tmdb.org/t/p/w1280//tp1ihR7TFbwFObKIf2M3H1HOY6u.jpg</thumbnail>
    <fanart>https://image.tmdb.org/t/p/w1280//4sRJeOlV1wfFGalpzi8eNNtDCNZ.jpg</fanart>
</item>
<item>
    <title>Book of Shadows: Blair Witch 2</title>
    <meta>
        <imdb>tt0229260</imdb>
        <content>movie</content>
        <title>Book of Shadows: Blair Witch 2</title>
        <year>2000</year>
    </meta>
    <link>
        <sublink>search</sublink>
        <sublink>searchsd</sublink>
    </link>
    <thumbnail>https://image.tmdb.org/t/p/w1280//2XZFTGZIvvgzbk8dw9vMywb5LZr.jpg</thumbnail>
    <fanart>https://image.tmdb.org/t/p/w1280//k8GiTSTpC0kPbUU0cRxz0CkxaUm.jpg</fanart>
</item>
<item>
    <title>Bruiser</title>
    <meta>
        <imdb>tt0212830</imdb>
        <content>movie</content>
        <title>Bruiser</title>
        <year>2000</year>
    </meta>
    <link>
        <sublink>search</sublink>
        <sublink>searchsd</sublink>
    </link>
    <thumbnail>https://image.tmdb.org/t/p/w1280//4Nktygrfi3YsGPg9Xer2mIi4Xaf.jpg</thumbnail>
    <fanart>https://image.tmdb.org/t/p/w1280//uE5ek5qASZz8Ir0XbKVLwxaOAT1.jpg</fanart>
</item>
<item>
    <title>Camp Blood</title>
    <meta>
        <imdb>tt0200515</imdb>
        <content>movie</content>
        <title>Camp Blood</title>
        <year>2000</year>
    </meta>
    <link>
        <sublink>search</sublink>
        <sublink>searchsd</sublink>
    </link>
    <thumbnail>https://image.tmdb.org/t/p/w1280//pFEHASOt9g7kp4mJiiQNggkUswS.jpg</thumbnail>
    <fanart>https://image.tmdb.org/t/p/w1280//cki9pBWZ7Okxqjg7fIbf3F0bxOb.jpg</fanart>
</item>
<item>
    <title>The Cell</title>
    <meta>
        <imdb>tt0209958</imdb>
        <content>movie</content>
        <title>The Cell</title>
        <year>2000</year>
    </meta>
    <link>
        <sublink>search</sublink>
        <sublink>searchsd</sublink>
    </link>
    <thumbnail>https://image.tmdb.org/t/p/w1280//tu2rPoVBhEp9fZfOahkqbXSNsxS.jpg</thumbnail>
    <fanart>https://image.tmdb.org/t/p/w1280//46aAskiXtvdtAR9ryEOXJPazKpL.jpg</fanart>
</item>
<item>
    <title>Cherry Falls</title>
    <meta>
        <imdb>tt0175526</imdb>
        <content>movie</content>
        <title>Cherry Falls</title>
        <year>2000</year>
    </meta>
    <link>
        <sublink>search</sublink>
        <sublink>searchsd</sublink>
    </link>
    <thumbnail>https://image.tmdb.org/t/p/w1280//BevjDdp0U4nG0h8sisnNUyyrDn.jpg</thumbnail>
    <fanart>https://image.tmdb.org/t/p/w1280//61jXRAqQihmnIfViTChwkGHMXsT.jpg</fanart>
</item>
<item>
    <title>Citizen Toxie: The Toxic Avenger IV</title>
    <meta>
        <imdb>tt0212879</imdb>
        <content>movie</content>
        <title>Citizen Toxie: The Toxic Avenger IV</title>
        <year>2001</year>
    </meta>
    <link>
        <sublink>search</sublink>
        <sublink>searchsd</sublink>
    </link>
    <thumbnail>https://image.tmdb.org/t/p/w1280//wR4VvqrRd2r9M4GYXPnoV02aUNG.jpg</thumbnail>
    <fanart>https://image.tmdb.org/t/p/w1280//r6cwSfNPL8Q8bBY5PNNDbVmDzU7.jpg</fanart>
</item>
<item>
    <title>The Convent</title>
    <meta>
        <imdb>tt0217331</imdb>
        <content>movie</content>
        <title>The Convent</title>
        <year>2000</year>
    </meta>
    <link>
        <sublink>search</sublink>
        <sublink>searchsd</sublink>
    </link>
    <thumbnail>https://image.tmdb.org/t/p/w1280//7YsmoHmjGwRab6pU6ulg46wa5Cq.jpg</thumbnail>
    <fanart>https://image.tmdb.org/t/p/w1280//zo6mj2k38qnpJQ5VJ0ErmyDnlAJ.jpg</fanart>
</item>
<item>
    <title>Cry Baby Lane</title>
    <meta>
        <imdb>tt0221097</imdb>
        <content>movie</content>
        <title>Cry Baby Lane</title>
        <year>2000</year>
    </meta>
    <link>
        <sublink>search</sublink>
        <sublink>searchsd</sublink>
    </link>
    <thumbnail>https://image.tmdb.org/t/p/w1280//x5INVXfjkCRJo0k8OMKBMbO5pm9.jpg</thumbnail>
    <fanart>https://image.tmdb.org/t/p/w1280//jZpSzwfi62KD9HszZM2uzSj7CCh.jpg</fanart>
</item>
<item>
    <title>Dracula 2000</title>
    <meta>
        <imdb>tt0219653</imdb>
        <content>movie</content>
        <title>Dracula 2000</title>
        <year>2000</year>
    </meta>
    <link>
        <sublink>search</sublink>
        <sublink>searchsd</sublink>
    </link>
    <thumbnail>https://image.tmdb.org/t/p/w1280//6YF56U91zP1mQvle83KA1A7CPop.jpg</thumbnail>
    <fanart>https://image.tmdb.org/t/p/w1280//99Z7mNsixJJTn10tHLCtu6XcY6E.jpg</fanart>
</item>
<item>
    <title>Drainiac!</title>
    <meta>
        <imdb>tt0138408</imdb>
        <content>movie</content>
        <title>Drainiac!</title>
        <year>2000</year>
    </meta>
    <link>
        <sublink>search</sublink>
        <sublink>searchsd</sublink>
    </link>
    <thumbnail>https://image.tmdb.org/t/p/w1280//yvvg3doMMrREFwnkyzONY2tPEZN.jpg</thumbnail>
    <fanart/>
</item>
<item>
    <title>Final Destination</title>
    <meta>
        <imdb>tt0195714</imdb>
        <content>movie</content>
        <title>Final Destination</title>
        <year>2000</year>
    </meta>
    <link>
        <sublink>search</sublink>
        <sublink>searchsd</sublink>
    </link>
    <thumbnail>https://image.tmdb.org/t/p/w1280//nW6JfCIWqUpIESlras0nrVy4pCl.jpg</thumbnail>
    <fanart>https://image.tmdb.org/t/p/w1280//pkqsU4ufXilO4ajJSdButxj8xCJ.jpg</fanart>
</item>
<item>
    <title>Ginger Snaps</title>
    <meta>
        <imdb>tt0210070</imdb>
        <content>movie</content>
        <title>Ginger Snaps</title>
        <year>2000</year>
    </meta>
    <link>
        <sublink>search</sublink>
        <sublink>searchsd</sublink>
    </link>
    <thumbnail>https://image.tmdb.org/t/p/w1280//ChTLC17F4nIjA7jP4F6QX9A8FJ.jpg</thumbnail>
    <fanart>https://image.tmdb.org/t/p/w1280//giwO1GLcNoNNeRwaC7ydAvJWbWr.jpg</fanart>
</item>
<item>
    <title>Hellraiser: Inferno</title>
    <meta>
        <imdb>tt0229440</imdb>
        <content>movie</content>
        <title>Hellraiser: Inferno</title>
        <year>2000</year>
    </meta>
    <link>
        <sublink>search</sublink>
        <sublink>searchsd</sublink>
    </link>
    <thumbnail>https://image.tmdb.org/t/p/w1280//kb2t4DkT2dNQouRlJlcqzSkzCwv.jpg</thumbnail>
    <fanart>https://image.tmdb.org/t/p/w1280//p7UbvXCD8HF7UxhiB54oOk6ckYv.jpg</fanart>
</item>
<item>
    <title>Hollow Man</title>
    <meta>
        <imdb>tt0164052</imdb>
        <content>movie</content>
        <title>Hollow Man</title>
        <year>2000</year>
    </meta>
    <link>
        <sublink>search</sublink>
        <sublink>searchsd</sublink>
    </link>
    <thumbnail>https://image.tmdb.org/t/p/w1280//gBQyPpUztIJWt2Q6r1wTqcYeo6x.jpg</thumbnail>
    <fanart>https://image.tmdb.org/t/p/w1280//4ZMFxj9FR13Q6PP6N8YBPhMnN4Q.jpg</fanart>
</item>
<item>
    <title>The Irrefutable Truth About Demons</title>
    <meta>
        <imdb>tt0267601</imdb>
        <content>movie</content>
        <title>The Irrefutable Truth About Demons</title>
        <year>2000</year>
    </meta>
    <link>
        <sublink>search</sublink>
        <sublink>searchsd</sublink>
    </link>
    <thumbnail>https://image.tmdb.org/t/p/w1280//vW8PtzGIALFjNXpr9U7nghcWerW.jpg</thumbnail>
    <fanart>https://image.tmdb.org/t/p/w1280//j2MxdPhOLllw01uqY93Yhbae7In.jpg</fanart>
</item>
<item>
    <title>Island of the Dead</title>
    <meta>
        <imdb>tt0157836</imdb>
        <content>movie</content>
        <title>Island of the Dead</title>
        <year>2000</year>
    </meta>
    <link>
        <sublink>search</sublink>
        <sublink>searchsd</sublink>
    </link>
    <thumbnail>https://image.tmdb.org/t/p/w1280//zF19nOmuLsuNBKBns4ZTbWwrlSK.jpg</thumbnail>
    <fanart/>
</item>
<item>
    <title>Killjoy</title>
    <meta>
        <imdb>tt0250469</imdb>
        <content>movie</content>
        <title>Killjoy</title>
        <year>2000</year>
    </meta>
    <link>
        <sublink>search</sublink>
        <sublink>searchsd</sublink>
    </link>
    <thumbnail>https://image.tmdb.org/t/p/w1280//7mqFe0lNXRuzTqLO2pxoj9H6stU.jpg</thumbnail>
    <fanart>https://image.tmdb.org/t/p/w1280//6YJHfKobovo3d6OdGEw2yVxjT9R.jpg</fanart>
</item>
<item>
    <title>Leprechaun in the Hood</title>
    <meta>
        <imdb>tt0209095</imdb>
        <content>movie</content>
        <title>Leprechaun in the Hood</title>
        <year>2000</year>
    </meta>
    <link>
        <sublink>search</sublink>
        <sublink>searchsd</sublink>
    </link>
    <thumbnail>https://image.tmdb.org/t/p/w1280//n6NOZ3tQ6kgUFa3tMWiP2ttFzLu.jpg</thumbnail>
    <fanart>https://image.tmdb.org/t/p/w1280//8mk6TyGmjd0QVywaekjKGc4s2ns.jpg</fanart>
</item>
<item>
    <title>Lost Souls</title>
    <meta>
        <imdb>tt0160484</imdb>
        <content>movie</content>
        <title>Lost Souls</title>
        <year>2000</year>
    </meta>
    <link>
        <sublink>search</sublink>
        <sublink>searchsd</sublink>
    </link>
    <thumbnail>https://image.tmdb.org/t/p/w1280//1oCigljWwb5Vw9TZKcReV2stKOm.jpg</thumbnail>
    <fanart>https://image.tmdb.org/t/p/w1280//8H77aO6XaOtza4aWgPRWjO8uR1h.jpg</fanart>
</item>
<item>
    <title>Little Otik</title>
    <meta>
        <imdb>tt0228687</imdb>
        <content>movie</content>
        <title>Little Otik</title>
        <year>2001</year>
    </meta>
    <link>
        <sublink>search</sublink>
        <sublink>searchsd</sublink>
    </link>
    <thumbnail>https://image.tmdb.org/t/p/w1280//lre9g7G4LgAkxI8EUDo8MgBLpWN.jpg</thumbnail>
    <fanart>https://image.tmdb.org/t/p/w1280//sfmy24XzKOzp1GnXTayEPUh0Ag3.jpg</fanart>
</item>
<item>
    <title>Pitch Black</title>
    <meta>
        <imdb>tt0134847</imdb>
        <content>movie</content>
        <title>Pitch Black</title>
        <year>2000</year>
    </meta>
    <link>
        <sublink>search</sublink>
        <sublink>searchsd</sublink>
    </link>
    <thumbnail>https://image.tmdb.org/t/p/w1280//j4iBVA49KDBX4ypfVcZxl1y7CCT.jpg</thumbnail>
    <fanart>https://image.tmdb.org/t/p/w1280//yc0cEEZ9OO6ydyYmCEfY90Q9jII.jpg</fanart>
</item>
<item>
    <title>Deep in the Woods</title>
    <meta>
        <imdb>tt0236638</imdb>
        <content>movie</content>
        <title>Deep in the Woods</title>
        <year>2000</year>
    </meta>
    <link>
        <sublink>search</sublink>
        <sublink>searchsd</sublink>
    </link>
    <thumbnail>https://image.tmdb.org/t/p/w1280//vqTtmm944G58cQZbGrITGnT0cB6.jpg</thumbnail>
    <fanart>https://image.tmdb.org/t/p/w1280//9alKp9MwZnveH1EO9xE23b1RYE4.jpg</fanart>
</item>
<item>
    <title>Psycho Beach Party</title>
    <meta>
        <imdb>tt0206226</imdb>
        <content>movie</content>
        <title>Psycho Beach Party</title>
        <year>2000</year>
    </meta>
    <link>
        <sublink>search</sublink>
        <sublink>searchsd</sublink>
    </link>
    <thumbnail>https://image.tmdb.org/t/p/w1280//25a4lSkU43K2npb4g1XOJqmgtNb.jpg</thumbnail>
    <fanart>https://image.tmdb.org/t/p/w1280//glxsr7BsqtKqPEUv1M0ePhaKiqO.jpg</fanart>
</item>
<item>
    <title>A Wicked Ghost II: The Fear</title>
    <meta>
        <imdb>tt0345885</imdb>
        <content>movie</content>
        <title>A Wicked Ghost II: The Fear</title>
        <year>2000</year>
    </meta>
    <link>
        <sublink>search</sublink>
        <sublink>searchsd</sublink>
    </link>
    <thumbnail>https://image.tmdb.org/t/p/w1280//dwD4BCC8dvxo5wy6V8O3KWaeTiV.jpg</thumbnail>
    <fanart>https://image.tmdb.org/t/p/w1280//yTDoY0bbh355IHWqlcEy3vhLJ7N.jpg</fanart>
</item>
<item>
    <title>Satan's School for Girls</title>
    <meta>
        <imdb>tt0203088</imdb>
        <content>movie</content>
        <title>Satan's School for Girls</title>
        <year>2000</year>
    </meta>
    <link>
        <sublink>search</sublink>
        <sublink>searchsd</sublink>
    </link>
    <thumbnail>https://image.tmdb.org/t/p/w1280//A5XYv9dtmohztcESdH5XgmhEw0Y.jpg</thumbnail>
    <fanart/>
</item>
<item>
    <title>Scary Movie</title>
    <meta>
        <imdb>tt0175142</imdb>
        <content>movie</content>
        <title>Scary Movie</title>
        <year>2000</year>
    </meta>
    <link>
        <sublink>search</sublink>
        <sublink>searchsd</sublink>
    </link>
    <thumbnail>https://image.tmdb.org/t/p/w1280//bvVmVFBVQLytK1H4TJTFdnhvf4T.jpg</thumbnail>
    <fanart>https://image.tmdb.org/t/p/w1280//s7dcAllZEVSrVIVMUVAUmwAxFmn.jpg</fanart>
</item>
<item>
    <title>Scream 3</title>
    <meta>
        <imdb>tt0134084</imdb>
        <content>movie</content>
        <title>Scream 3</title>
        <year>2000</year>
    </meta>
    <link>
        <sublink>search</sublink>
        <sublink>searchsd</sublink>
    </link>
    <thumbnail>https://image.tmdb.org/t/p/w1280//3GWGslNffuMvaW9yzTCNkLmwkkE.jpg</thumbnail>
    <fanart>https://image.tmdb.org/t/p/w1280//sZlCYw3fdzZBo857t2cY3WzoqZW.jpg</fanart>
</item>
<item>
    <title>Shadow of the Vampire</title>
    <meta>
        <imdb>tt0189998</imdb>
        <content>movie</content>
        <title>Shadow of the Vampire</title>
        <year>2000</year>
    </meta>
    <link>
        <sublink>search</sublink>
        <sublink>searchsd</sublink>
    </link>
    <thumbnail>https://image.tmdb.org/t/p/w1280//cff7lGek3gJ4fh68547ki9PA6cq.jpg</thumbnail>
    <fanart>https://image.tmdb.org/t/p/w1280//rx57XEVo0BS7WpANdrJzWt7uXOl.jpg</fanart>
</item>
<item>
    <title>Shriek If You Know What I Did Last Friday the Thirteenth</title>
    <meta>
        <imdb>tt0212235</imdb>
        <content>movie</content>
        <title>Shriek If You Know What I Did Last Friday the Thirteenth</title>
        <year>2000</year>
    </meta>
    <link>
        <sublink>search</sublink>
        <sublink>searchsd</sublink>
    </link>
    <thumbnail>https://image.tmdb.org/t/p/w1280//gFumrraJh51KdkymMQLlPsE5zbj.jpg</thumbnail>
    <fanart>https://image.tmdb.org/t/p/w1280//9VUlMPdmue4lQTcxuApcxnEmHTn.jpg</fanart>
</item>
<item>
    <title>Sleepwalker</title>
    <meta>
        <imdb>tt0228871</imdb>
        <content>movie</content>
        <title>Sleepwalker</title>
        <year>2000</year>
    </meta>
    <link>
        <sublink>search</sublink>
        <sublink>searchsd</sublink>
    </link>
    <thumbnail>https://image.tmdb.org/t/p/w1280//kcLx1bmbyJ6WNcQclOSpfL8gMzS.jpg</thumbnail>
    <fanart>https://image.tmdb.org/t/p/w1280//t5s8OFS32ZTSQERbJCVlyKt7Y8J.jpg</fanart>
</item>
<item>
    <title>Subconscious Cruelty</title>
    <meta>
        <imdb>tt0166370</imdb>
        <content>movie</content>
        <title>Subconscious Cruelty</title>
        <year>2000</year>
    </meta>
    <link>
        <sublink>search</sublink>
        <sublink>searchsd</sublink>
    </link>
    <thumbnail>https://image.tmdb.org/t/p/w1280//cgfXZe3HwEwABuDo87qBPYaeb9L.jpg</thumbnail>
    <fanart>https://image.tmdb.org/t/p/w1280//ewJHya5JwlJoi06quxHv5h97TEX.jpg</fanart>
</item>
<item>
    <title>Supernova</title>
    <meta>
        <imdb>tt0134983</imdb>
        <content>movie</content>
        <title>Supernova</title>
        <year>2000</year>
    </meta>
    <link>
        <sublink>search</sublink>
        <sublink>searchsd</sublink>
    </link>
    <thumbnail>https://image.tmdb.org/t/p/w1280//xSw9HKPKwFx63p2puHQkxcmCVia.jpg</thumbnail>
    <fanart>https://image.tmdb.org/t/p/w1280//ia9WrKsRZDIkAaiLD7AtRM89X6W.jpg</fanart>
</item>
<item>
    <title>Terror Tract</title>
    <meta>
        <imdb>tt0211661</imdb>
        <content>movie</content>
        <title>Terror Tract</title>
        <year>2001</year>
    </meta>
    <link>
        <sublink>search</sublink>
        <sublink>searchsd</sublink>
    </link>
    <thumbnail>https://image.tmdb.org/t/p/w1280//rPgd8P13gaK9PvAwVIGHYZh02Iw.jpg</thumbnail>
    <fanart>https://image.tmdb.org/t/p/w1280//sThi9naUQdnAxfxVaMZRRmdhUuY.jpg</fanart>
</item>
<item>
    <title>They Nest</title>
    <meta>
        <imdb>tt0221633</imdb>
        <content>movie</content>
        <title>They Nest</title>
        <year>2000</year>
    </meta>
    <link>
        <sublink>search</sublink>
        <sublink>searchsd</sublink>
    </link>
    <thumbnail>https://image.tmdb.org/t/p/w1280//9G6Eh8s5I1PDyw4PXf6aSiXZ0ih.jpg</thumbnail>
    <fanart>https://image.tmdb.org/t/p/w1280//7DalvrXsnuT0gr1aV1DHtkVeRjH.jpg</fanart>
</item>
<item>
    <title>Urban Legends: Final Cut</title>
    <meta>
        <imdb>tt0192731</imdb>
        <content>movie</content>
        <title>Urban Legends: Final Cut</title>
        <year>2000</year>
    </meta>
    <link>
        <sublink>search</sublink>
        <sublink>searchsd</sublink>
    </link>
    <thumbnail>https://image.tmdb.org/t/p/w1280//4WZPn7zUf8rNSPSbDMvNGK3ebCy.jpg</thumbnail>
    <fanart>https://image.tmdb.org/t/p/w1280//phwsujJiyiUPXT5mxCqFPnIW7by.jpg</fanart>
</item>
<item>
    <title>Voodoo Academy</title>
    <meta>
        <imdb>tt0232908</imdb>
        <content>movie</content>
        <title>Voodoo Academy</title>
        <year>2000</year>
    </meta>
    <link>
        <sublink>search</sublink>
        <sublink>searchsd</sublink>
    </link>
    <thumbnail>https://image.tmdb.org/t/p/w1280//uWAz4JiX8cdT1tJRpupOo1mCipk.jpg</thumbnail>
    <fanart>https://image.tmdb.org/t/p/w1280//4icgZnhDlvbuzatNE0qpJFe0av1.jpg</fanart>
</item>
<item>
    <title>What Lies Beneath</title>
    <meta>
        <imdb>tt0161081</imdb>
        <content>movie</content>
        <title>What Lies Beneath</title>
        <year>2000</year>
    </meta>
    <link>
        <sublink>search</sublink>
        <sublink>searchsd</sublink>
    </link>
    <thumbnail>https://image.tmdb.org/t/p/w1280//A1mrfm8LEv7L28q50ld8QI5z9Iu.jpg</thumbnail>
    <fanart>https://image.tmdb.org/t/p/w1280//h3A6QXt8t35YQrSvbF9hOkKeeB9.jpg</fanart>
</item>
<item>
    <title>Spiral</title>
    <meta>
        <imdb>tt0244870</imdb>
        <content>movie</content>
        <title>Spiral</title>
        <year>2000</year>
    </meta>
    <link>
        <sublink>search</sublink>
        <sublink>searchsd</sublink>
    </link>
    <thumbnail>https://image.tmdb.org/t/p/w1280//bT9dnJJ7kApqIwRKi3sLTJN4Uw1.jpg</thumbnail>
    <fanart>https://image.tmdb.org/t/p/w1280//7qkx92O2PvJNzRa8FLmOf8GQQvs.jpg</fanart>
</item>
<item>
    <title>Ringu 0</title>
    <meta>
        <imdb>tt0235712</imdb>
        <content>movie</content>
        <title>Ringu 0</title>
        <year>2000</year>
    </meta>
    <link>
        <sublink>search</sublink>
        <sublink>searchsd</sublink>
    </link>
    <thumbnail>https://image.tmdb.org/t/p/w1280//7UL1CaUPk0hcNqoXAXfScyi1m9Z.jpg</thumbnail>
    <fanart>https://image.tmdb.org/t/p/w1280//7JUshKTF1oM9exGlRltube4cuQ7.jpg</fanart>
</item>
<item>
    <title>Vampire Hunter D: Bloodlust</title>
    <meta>
        <imdb>tt0216651</imdb>
        <content>movie</content>
        <title>Vampire Hunter D: Bloodlust</title>
        <year>2000</year>
    </meta>
    <link>
        <sublink>search</sublink>
        <sublink>searchsd</sublink>
    </link>
    <thumbnail>https://image.tmdb.org/t/p/w1280//Aq2bGpoXowUfqWhp6aRMlmYuj2F.jpg</thumbnail>
    <fanart>https://image.tmdb.org/t/p/w1280//gpSH2Mfj55EldgbfFja27ZBYZkS.jpg</fanart>
</item>
<item>
    <title>Ju-on: The Curse</title>
    <meta>
        <imdb>tt0330500</imdb>
        <content>movie</content>
        <title>Ju-on: The Curse</title>
        <year>2000</year>
    </meta>
    <link>
        <sublink>search</sublink>
        <sublink>searchsd</sublink>
    </link>
    <thumbnail>https://image.tmdb.org/t/p/w1280//qrfR7AYkSmWKoN81R9T9xeiGcsK.jpg</thumbnail>
    <fanart>https://image.tmdb.org/t/p/w1280//aCVOmxNVy1lZ6ndKtjXpfFnMdiK.jpg</fanart>
</item>
<item>
    <title>Ju-on: The Curse 2</title>
    <meta>
        <imdb>tt0330501</imdb>
        <content>movie</content>
        <title>Ju-on: The Curse 2</title>
        <year>2000</year>
    </meta>
    <link>
        <sublink>search</sublink>
        <sublink>searchsd</sublink>
    </link>
    <thumbnail>https://image.tmdb.org/t/p/w1280//tWb8rDvneXGqmzpEVodXreIxEnT.jpg</thumbnail>
    <fanart>https://image.tmdb.org/t/p/w1280//aCVOmxNVy1lZ6ndKtjXpfFnMdiK.jpg</fanart>
</item>
<item>
    <title>Tomie: Replay</title>
    <meta>
        <imdb>tt0279474</imdb>
        <content>movie</content>
        <title>Tomie: Replay</title>
        <year>2000</year>
    </meta>
    <link>
        <sublink>search</sublink>
        <sublink>searchsd</sublink>
    </link>
    <thumbnail>https://image.tmdb.org/t/p/w1280//mTk8VikBbOWOpaPL5ylTVD97hsM.jpg</thumbnail>
    <fanart/>
</item>
<item>
    <title>Dial D for Demons</title>
    <meta>
        <imdb>tt0296229</imdb>
        <content>movie</content>
        <title>Dial D for Demons</title>
        <year>2000</year>
    </meta>
    <link>
        <sublink>search</sublink>
        <sublink>searchsd</sublink>
    </link>
    <thumbnail>https://image.tmdb.org/t/p/w1280//30IeQJpt0KdYBW2uv5d3C2bglT6.jpg</thumbnail>
    <fanart/>
</item>
<item>
    <title>Bloody Beach</title>
    <meta>
        <imdb>tt0291043</imdb>
        <content>movie</content>
        <title>Bloody Beach</title>
        <year>2000</year>
    </meta>
    <link>
        <sublink>search</sublink>
        <sublink>searchsd</sublink>
    </link>
    <thumbnail>https://image.tmdb.org/t/p/w1280//61xXVFeNjeTWnTUwLUJWZ92z1jB.jpg</thumbnail>
    <fanart/>
</item>
