<trepidation>
	<2016>
		<item>
			<title>Don't Breathe</title>
			<meta>
				<content>movie</content>
				<imdb>tt4160708</imdb>
				<title>Don't Breathe</title>
				<year>2016</year>
			</meta>
			<link>
				<sublink>search</sublink>
				<sublink>searchsd</sublink>
			</link>
			<thumbnail>https://image.tmdb.org/t/p/w1280//lw0IqOSMsQcy1QnVIEIDppLmNwk.jpg</thumbnail>
			<fanart>https://image.tmdb.org/t/p/w1280//bCThHXQ3aLLDU3KFST0rC8mTan5.jpg</fanart>
		</item>
		<item>
			<title>The Conjuring 2</title>
			<meta>
				<content>movie</content>
				<imdb>tt3065204</imdb>
				<title>The Conjuring 2</title>
				<year>2016</year>
			</meta>
			<link>
				<sublink>search</sublink>
				<sublink>searchsd</sublink>
			</link>
			<thumbnail>https://image.tmdb.org/t/p/w1280//e3lBJCedHnZPfNfmBArKHZXXNC0.jpg</thumbnail>
			<fanart>https://image.tmdb.org/t/p/w1280//slpgZisYNapLoN9FWXqDOC1ExbU.jpg</fanart>
		</item>
		<item>
			<title>Hush</title>
			<meta>
				<content>movie</content>
				<imdb>tt5022702</imdb>
				<title>Hush</title>
				<year>2016</year>
			</meta>
			<link>
				<sublink>search</sublink>
				<sublink>searchsd</sublink>
			</link>
			<thumbnail>https://image.tmdb.org/t/p/w1280//khDYdmPFlaTqeLQVD4ds4xC1mIf.jpg</thumbnail>
			<fanart>https://image.tmdb.org/t/p/w1280//uwt4JQbcjir05p8eppGWy7aQEaI.jpg</fanart>
		</item>
		<item>
			<title>Lights Out</title>
			<meta>
				<content>movie</content>
				<imdb>tt4786282</imdb>
				<title>Lights Out</title>
				<year>2016</year>
			</meta>
			<link>
				<sublink>search</sublink>
				<sublink>searchsd</sublink>
			</link>
			<thumbnail>https://image.tmdb.org/t/p/w1280//sXqrTXcBf9TdIv5rfgeFNu9Iwu7.jpg</thumbnail>
			<fanart>https://image.tmdb.org/t/p/w1280//9GvL099IdfuzvuCYDQM34dmxnuE.jpg</fanart>
		</item>
		<item>
			<title>Train to Busan</title>
			<meta>
				<content>movie</content>
				<imdb>tt5700672</imdb>
				<title>Train to Busan</title>
				<year>2016</year>
			</meta>
			<link>
				<sublink>search</sublink>
				<sublink>searchsd</sublink>
			</link>
			<thumbnail>https://image.tmdb.org/t/p/w1280//qWOkfCgioLEf3Km9OWva93RYWAc.jpg</thumbnail>
			<fanart>https://image.tmdb.org/t/p/w1280//9q1VHQHua1E06cXQQC1rtPcC9WB.jpg</fanart>
		</item>
		<item>
			<title>Ouija: Origin of Evil</title>
			<meta>
				<content>movie</content>
				<imdb>tt4361050</imdb>
				<title>Ouija: Origin of Evil</title>
				<year>2016</year>
			</meta>
			<link>
				<sublink>search</sublink>
				<sublink>searchsd</sublink>
			</link>
			<thumbnail>https://image.tmdb.org/t/p/w1280//pzhGcMGuOxxnq9ePtQPY80Wp0BG.jpg</thumbnail>
			<fanart>https://image.tmdb.org/t/p/w1280//qWNFwjDJOMDOnx5JRQSA6xqiTQP.jpg</fanart>
		</item>
		<item>
			<title>Under the Shadow</title>
			<meta>
				<content>movie</content>
				<imdb>tt4273292</imdb>
				<title>Under the Shadow</title>
				<year>2016</year>
			</meta>
			<link>
				<sublink>search</sublink>
				<sublink>searchsd</sublink>
			</link>
			<thumbnail>https://image.tmdb.org/t/p/w1280//qfOcumtK6tvFdtE1dyJjGiLUetr.jpg</thumbnail>
			<fanart>https://image.tmdb.org/t/p/w1280//ojwF0E3Dm2WLxqYPQ0a6aFZIfS6.jpg</fanart>
		</item>
		<item>
			<title>10 Cloverfield Lane</title>
			<meta>
				<content>movie</content>
				<imdb>tt1179933</imdb>
				<title>10 Cloverfield Lane</title>
				<year>2016</year>
			</meta>
			<link>
				<sublink>search</sublink>
				<sublink>searchsd</sublink>
			</link>
			<thumbnail>https://image.tmdb.org/t/p/w1280//aeiVxTSTeGJ2ICf1iSDXkF3ivZp.jpg</thumbnail>
			<fanart>https://image.tmdb.org/t/p/w1280//qEu2EJBQUNFx5mSKOCItwZm74ZE.jpg</fanart>
		</item>
		<item>
			<title>The Boy</title>
			<meta>
				<content>movie</content>
				<imdb>tt3882082</imdb>
				<title>The Boy</title>
				<year>2016</year>
			</meta>
			<link>
				<sublink>search</sublink>
				<sublink>searchsd</sublink>
			</link>
			<thumbnail>https://image.tmdb.org/t/p/w1280//yHhBfL2msdFWwLpjGSgPJpVmxQN.jpg</thumbnail>
			<fanart>https://image.tmdb.org/t/p/w1280//6bYUQAjWw10zcV0QoEvDZZn8Fpn.jpg</fanart>
		</item>
		<item>
			<title>The Neon Demon</title>
			<meta>
				<content>movie</content>
				<imdb>tt1974419</imdb>
				<title>The Neon Demon</title>
				<year>2016</year>
			</meta>
			<link>
				<sublink>search</sublink>
				<sublink>searchsd</sublink>
			</link>
			<thumbnail>https://image.tmdb.org/t/p/w1280//pksGBk7yJqSuQ2F47S9eoqbtjWt.jpg</thumbnail>
			<fanart>https://image.tmdb.org/t/p/w1280//dPZDNDS6pE6qjmMxB1Qc6Oza5Nw.jpg</fanart>
		</item>
		<item>
			<title>The Wailing</title>
			<meta>
				<content>movie</content>
				<imdb>tt5215952</imdb>
				<title>The Wailing</title>
				<year>2016</year>
			</meta>
			<link>
				<sublink>search</sublink>
				<sublink>searchsd</sublink>
			</link>
			<thumbnail>https://image.tmdb.org/t/p/w1280//aijmq2I4O8zZrJtqAZm6o4tOM6g.jpg</thumbnail>
			<fanart>https://image.tmdb.org/t/p/w1280//pthuMQIXSRDdGGS8p6n6IG21ZRJ.jpg</fanart>
		</item>
		<item>
			<title>The Eyes of My Mother</title>
			<meta>
				<content>movie</content>
				<imdb>tt5225338</imdb>
				<title>The Eyes of My Mother</title>
				<year>2016</year>
			</meta>
			<link>
				<sublink>search</sublink>
				<sublink>searchsd</sublink>
			</link>
			<thumbnail>https://image.tmdb.org/t/p/w1280//cU67wUWRGP1jvw5tmZdg3w4hGd8.jpg</thumbnail>
			<fanart>https://image.tmdb.org/t/p/w1280//3u6DHdGKUvM9Zvy52LDUCLSrI4y.jpg</fanart>
		</item>
		<item>
			<title>The Autopsy of Jane Doe</title>
			<meta>
				<content>movie</content>
				<imdb>tt3289956</imdb>
				<title>The Autopsy of Jane Doe</title>
				<year>2016</year>
			</meta>
			<link>
				<sublink>search</sublink>
				<sublink>searchsd</sublink>
			</link>
			<thumbnail>https://image.tmdb.org/t/p/w1280//hvQgtEMXzQZDCZkkLFPK6cO1FIy.jpg</thumbnail>
			<fanart>https://image.tmdb.org/t/p/w1280//m4LtS8NoVvbl57mej9KBg9QT4fg.jpg</fanart>
		</item>
		<item>
			<title>The Shallows</title>
			<meta>
				<content>movie</content>
				<imdb>tt4052882</imdb>
				<title>The Shallows</title>
				<year>2016</year>
			</meta>
			<link>
				<sublink>search</sublink>
				<sublink>searchsd</sublink>
			</link>
			<thumbnail>https://image.tmdb.org/t/p/w1280//6vuxwCfBejPfUjMxrPgk0ANmVFq.jpg</thumbnail>
			<fanart>https://image.tmdb.org/t/p/w1280//lEkHdk4g0nAKtMcHBtSmC1ON3O1.jpg</fanart>
		</item>
		<item>
			<title>The Purge: Election Year</title>
			<meta>
				<content>movie</content>
				<imdb>tt4094724</imdb>
				<title>The Purge: Election Year</title>
				<year>2016</year>
			</meta>
			<link>
				<sublink>search</sublink>
				<sublink>searchsd</sublink>
			</link>
			<thumbnail>https://image.tmdb.org/t/p/w1280//bjOJFjUffRZQpNQ9g3yvc9F6LBM.jpg</thumbnail>
			<fanart>https://image.tmdb.org/t/p/w1280//lPhsKTtycmbp6bzJAG662Pd5U3N.jpg</fanart>
		</item>
		<item>
			<title>Blair Witch</title>
			<meta>
				<content>movie</content>
				<imdb>tt1540011</imdb>
				<title>Blair Witch</title>
				<year>2016</year>
			</meta>
			<link>
				<sublink>search</sublink>
				<sublink>searchsd</sublink>
			</link>
			<thumbnail>https://image.tmdb.org/t/p/w1280//kqmGs9q5WZkxKub60K6pU37GdvU.jpg</thumbnail>
			<fanart>https://image.tmdb.org/t/p/w1280//vgnhCfwo4VmDcDocSJ1tBPO3tX9.jpg</fanart>
		</item>
		<item>
			<title>The Forest</title>
			<meta>
				<content>movie</content>
				<imdb>tt3387542</imdb>
				<title>The Forest</title>
				<year>2016</year>
			</meta>
			<link>
				<sublink>search</sublink>
				<sublink>searchsd</sublink>
			</link>
			<thumbnail>https://image.tmdb.org/t/p/w1280//ox9y8ia8lGqtkmLZD3YghA7sZkU.jpg</thumbnail>
			<fanart>https://image.tmdb.org/t/p/w1280//kIg1sA16YQDblcD7w3qn5MBwsul.jpg</fanart>
		</item>
		<item>
			<title>The Monster</title>
			<meta>
				<content>movie</content>
				<imdb>tt3976144</imdb>
				<title>The Monster</title>
				<year>2016</year>
			</meta>
			<link>
				<sublink>search</sublink>
				<sublink>searchsd</sublink>
			</link>
			<thumbnail>https://image.tmdb.org/t/p/w1280//zHH3awAbm1ir8cvSThcqUMnCmRG.jpg</thumbnail>
			<fanart>https://image.tmdb.org/t/p/w1280//6ytl8nZcYzGYIoiJ6JphfE5t5om.jpg</fanart>
		</item>
		<item>
			<title>The Other Side of the Door</title>
			<meta>
				<content>movie</content>
				<imdb>tt3702652</imdb>
				<title>The Other Side of the Door</title>
				<year>2016</year>
			</meta>
			<link>
				<sublink>search</sublink>
				<sublink>searchsd</sublink>
			</link>
			<thumbnail>https://image.tmdb.org/t/p/w1280//hLpbfpkh5MBt86LokeyoReK0yCH.jpg</thumbnail>
			<fanart>https://image.tmdb.org/t/p/w1280//eafe4lNtWchWfCRXFnpcpKgLomk.jpg</fanart>
		</item>
		<item>
			<title>Before I Wake</title>
			<meta>
				<content>movie</content>
				<imdb>tt3174376</imdb>
				<title>Before I Wake</title>
				<year>2016</year>
			</meta>
			<link>
				<sublink>search</sublink>
				<sublink>searchsd</sublink>
			</link>
			<thumbnail>https://image.tmdb.org/t/p/w1280//sI9neTbF3ECdpf2MpC88EMGJH13.jpg</thumbnail>
			<fanart>https://image.tmdb.org/t/p/w1280//cUp2lfjeE6HopMUirgJHwMh8W7G.jpg</fanart>
		</item>
		<item>
			<title>The Darkness</title>
			<meta>
				<content>movie</content>
				<imdb>tt1878841</imdb>
				<title>The Darkness</title>
				<year>2016</year>
			</meta>
			<link>
				<sublink>search</sublink>
				<sublink>searchsd</sublink>
			</link>
			<thumbnail>https://image.tmdb.org/t/p/w1280//g3IYNRZhWmn9wceOxwVuOqAymZa.jpg</thumbnail>
			<fanart>https://image.tmdb.org/t/p/w1280//bPYcNIJiiGKda6dKf4IFic5ADKv.jpg</fanart>
		</item>
		<item>
			<title>The Love Witch</title>
			<meta>
				<content>movie</content>
				<imdb>tt3908142</imdb>
				<title>The Love Witch</title>
				<year>2016</year>
			</meta>
			<link>
				<sublink>search</sublink>
				<sublink>searchsd</sublink>
			</link>
			<thumbnail>https://image.tmdb.org/t/p/w1280//jDKJ3yHiia0IR1uzIIIL7kUvwhu.jpg</thumbnail>
			<fanart>https://image.tmdb.org/t/p/w1280//59OpzZAUlxtWIDiIj7Cxo3yTXd5.jpg</fanart>
		</item>
		<item>
			<title>Raw</title>
			<meta>
				<content>movie</content>
				<imdb>tt4954522</imdb>
				<title>Raw</title>
				<year>2017</year>
			</meta>
			<link>
				<sublink>search</sublink>
				<sublink>searchsd</sublink>
			</link>
			<thumbnail>https://image.tmdb.org/t/p/w1280//kc8jT1MAiKM0iwdjAwC5lQrTNry.jpg</thumbnail>
			<fanart>https://image.tmdb.org/t/p/w1280//qV1pUZAEdfX3sDb8jnkCjRQhXHG.jpg</fanart>
		</item>
		<item>
			<title>The Disappointments Room</title>
			<meta>
				<content>movie</content>
				<imdb>tt2364897</imdb>
				<title>The Disappointments Room</title>
				<year>2016</year>
			</meta>
			<link>
				<sublink>search</sublink>
				<sublink>searchsd</sublink>
			</link>
			<thumbnail>https://image.tmdb.org/t/p/w1280//htnXSuO0gMawdCfOZwFEs8kMCl8.jpg</thumbnail>
			<fanart>https://image.tmdb.org/t/p/w1280//2ZBMxswLt150pkE4exLteIApjg6.jpg</fanart>
		</item>
		<item>
			<title>Split</title>
			<meta>
				<content>movie</content>
				<imdb>tt4972582</imdb>
				<title>Split</title>
				<year>2017</year>
			</meta>
			<link>
				<sublink>search</sublink>
				<sublink>searchsd</sublink>
			</link>
			<thumbnail>https://image.tmdb.org/t/p/w1280//rXMWOZiCt6eMX22jWuTOSdQ98bY.jpg</thumbnail>
			<fanart>https://image.tmdb.org/t/p/w1280//4G6FNNLSIVrwSRZyFs91hQ3lZtD.jpg</fanart>
		</item>
		<item>
			<title>Morgan</title>
			<meta>
				<content>movie</content>
				<imdb>tt4520364</imdb>
				<title>Morgan</title>
				<year>2016</year>
			</meta>
			<link>
				<sublink>search</sublink>
				<sublink>searchsd</sublink>
			</link>
			<thumbnail>https://image.tmdb.org/t/p/w1280//oY5YBkruSCh36kRTzB4W2Li70fj.jpg</thumbnail>
			<fanart>https://image.tmdb.org/t/p/w1280//jRRpMTpCsiq100A0lQWGQf1jrdE.jpg</fanart>
		</item>
		<item>
			<title>Pride and Prejudice and Zombies</title>
			<meta>
				<content>movie</content>
				<imdb>tt1374989</imdb>
				<title>Pride and Prejudice and Zombies</title>
				<year>2016</year>
			</meta>
			<link>
				<sublink>search</sublink>
				<sublink>searchsd</sublink>
			</link>
			<thumbnail>https://image.tmdb.org/t/p/w1280//jsJlOhVHiz1xXr36616EI8tJ4b2.jpg</thumbnail>
			<fanart>https://image.tmdb.org/t/p/w1280//z6gSLTHsAgqlOwID8jMHfFgeufS.jpg</fanart>
		</item>
		<item>
			<title>I Am Not a Serial Killer</title>
			<meta>
				<content>movie</content>
				<imdb>tt4303340</imdb>
				<title>I Am Not a Serial Killer</title>
				<year>2016</year>
			</meta>
			<link>
				<sublink>search</sublink>
				<sublink>searchsd</sublink>
			</link>
			<thumbnail>https://image.tmdb.org/t/p/w1280//pksHh2TvPzc6SxeKksS0PM3JxCp.jpg</thumbnail>
			<fanart>https://image.tmdb.org/t/p/w1280//oDDcXrRgiipc3UI1V8f40TbKZGb.jpg</fanart>
		</item>
		<item>
			<title>Incarnate</title>
			<meta>
				<content>movie</content>
				<imdb>tt3216348</imdb>
				<title>Incarnate</title>
				<year>2016</year>
			</meta>
			<link>
				<sublink>search</sublink>
				<sublink>searchsd</sublink>
			</link>
			<thumbnail>https://image.tmdb.org/t/p/w1280//7uW6yXCNF69dvIM4XitSJKTpWME.jpg</thumbnail>
			<fanart>https://image.tmdb.org/t/p/w1280//21dr2suNsOCCfeodUYNggoZiRI7.jpg</fanart>
		</item>
		<item>
			<title>31</title>
			<meta>
				<content>movie</content>
				<imdb>tt3835080</imdb>
				<title>31</title>
				<year>2016</year>
			</meta>
			<link>
				<sublink>search</sublink>
				<sublink>searchsd</sublink>
			</link>
			<thumbnail>https://image.tmdb.org/t/p/w1280//jHkIIkP4O0vUkSACcizOPZQIiF7.jpg</thumbnail>
			<fanart>https://image.tmdb.org/t/p/w1280//xRCRGcmA6odM6LM0i2QdQWqQdrA.jpg</fanart>
		</item>
		<item>
			<title>The Girl with All the Gifts</title>
			<meta>
				<content>movie</content>
				<imdb>tt4547056</imdb>
				<title>The Girl with All the Gifts</title>
				<year>2016</year>
			</meta>
			<link>
				<sublink>search</sublink>
				<sublink>searchsd</sublink>
			</link>
			<thumbnail>https://image.tmdb.org/t/p/w1280//33IDooA29ctGHNE7gQW6cwbmRP3.jpg</thumbnail>
			<fanart>https://image.tmdb.org/t/p/w1280//1ovpL0Oc1mqy8fllLR511UJkKsj.jpg</fanart>
		</item>
		<item>
			<title>Carnage Park</title>
			<meta>
				<content>movie</content>
				<imdb>tt4335650</imdb>
				<title>Carnage Park</title>
				<year>2016</year>
			</meta>
			<link>
				<sublink>search</sublink>
				<sublink>searchsd</sublink>
			</link>
			<thumbnail>https://image.tmdb.org/t/p/w1280//v5PNynq0yMJOWyu0WbZYHiU3Ez7.jpg</thumbnail>
			<fanart>https://image.tmdb.org/t/p/w1280//a0Nfu6jaJLL3lcN7DxVSTWDBIyo.jpg</fanart>
		</item>
		<item>
			<title>Friend Request</title>
			<meta>
				<content>movie</content>
				<imdb>tt2277308</imdb>
				<title>Friend Request</title>
				<year>2013</year>
			</meta>
			<link>
				<sublink>search</sublink>
				<sublink>searchsd</sublink>
			</link>
			<thumbnail>https://image.tmdb.org/t/p/w1280//tTGoE2qcJcqEk0dboWWHPZPyqkO.jpg</thumbnail>
			<fanart/>
		</item>
		<item>
			<title>Abattoir</title>
			<meta>
				<content>movie</content>
				<imdb>tt1480285</imdb>
				<title>Abattoir</title>
				<year>2016</year>
			</meta>
			<link>
				<sublink>search</sublink>
				<sublink>searchsd</sublink>
			</link>
			<thumbnail>https://image.tmdb.org/t/p/w1280//A5cREO9NNFYg5OmTErWsghYQF9m.jpg</thumbnail>
			<fanart>https://image.tmdb.org/t/p/w1280//s2bqFom8kqeyJ48j1BdSzlGlp15.jpg</fanart>
		</item>
		<item>
			<title>Phantasm: Ravager</title>
			<meta>
				<content>movie</content>
				<imdb>tt3627704</imdb>
				<title>Phantasm: Ravager</title>
				<year>2016</year>
			</meta>
			<link>
				<sublink>search</sublink>
				<sublink>searchsd</sublink>
			</link>
			<thumbnail>https://image.tmdb.org/t/p/w1280//jWUJKiNN0OO7MxZ38EaxrA83gnw.jpg</thumbnail>
			<fanart>https://image.tmdb.org/t/p/w1280//6xvlYDbFGaYscJJ0QsEBip1KHBf.jpg</fanart>
		</item>
		<item>
			<title>The Void</title>
			<meta>
				<content>movie</content>
				<imdb>tt4255304</imdb>
				<title>The Void</title>
				<year>2016</year>
			</meta>
			<link>
				<sublink>search</sublink>
				<sublink>searchsd</sublink>
			</link>
			<thumbnail>https://image.tmdb.org/t/p/w1280//nH1YZAL8IeIQEOm2ewi5ncpuPQG.jpg</thumbnail>
			<fanart>https://image.tmdb.org/t/p/w1280//oZwwwezJFlHmQGBRJDLmENXwOIt.jpg</fanart>
		</item>
		<item>
			<title>Pet</title>
			<meta>
				<content>movie</content>
				<imdb>tt1183374</imdb>
				<title>Pet</title>
				<year>2016</year>
			</meta>
			<link>
				<sublink>search</sublink>
				<sublink>searchsd</sublink>
			</link>
			<thumbnail>https://image.tmdb.org/t/p/w1280//xP1pvDosae1wA0BO2WmiLqIQhNv.jpg</thumbnail>
			<fanart>https://image.tmdb.org/t/p/w1280//zaISgYggnHufdPJp8h8af6CFAGR.jpg</fanart>
		</item>
		<item>
			<title>Holidays</title>
			<meta>
				<content>movie</content>
				<imdb>tt4419364</imdb>
				<title>Holidays</title>
				<year>2016</year>
			</meta>
			<link>
				<sublink>search</sublink>
				<sublink>searchsd</sublink>
			</link>
			<thumbnail>https://image.tmdb.org/t/p/w1280//sk9jHoHni5u88SMK4nJKumcM7eR.jpg</thumbnail>
			<fanart>https://image.tmdb.org/t/p/w1280//AqUBXOCEGg3lWxft8gPiPWh1HNA.jpg</fanart>
		</item>
		<item>
			<title>The Untamed</title>
			<meta>
				<content>movie</content>
				<imdb>tt5265960</imdb>
				<title>The Untamed</title>
				<year>2016</year>
			</meta>
			<link>
				<sublink>search</sublink>
				<sublink>searchsd</sublink>
			</link>
			<thumbnail>https://image.tmdb.org/t/p/w1280//bpTNGIJkdYL8IJvvCmKmjtDpXn1.jpg</thumbnail>
			<fanart>https://image.tmdb.org/t/p/w1280//cKUwSPISu9UOsQl0pVW0j20wIqT.jpg</fanart>
		</item>
		<item>
			<title>Cabin Fever</title>
			<meta>
				<content>movie</content>
				<imdb>tt3832096</imdb>
				<title>Cabin Fever</title>
				<year>2016</year>
			</meta>
			<link>
				<sublink>search</sublink>
				<sublink>searchsd</sublink>
			</link>
			<thumbnail>https://image.tmdb.org/t/p/w1280//4E9EujszaChAzBruxS9BxRcVtIc.jpg</thumbnail>
			<fanart>https://image.tmdb.org/t/p/w1280//n9a3JQOXIXXcJtt8CreMkHqIr9S.jpg</fanart>
		</item>
		<item>
			<title>Don't Knock Twice</title>
			<meta>
				<content>movie</content>
				<imdb>tt3622110</imdb>
				<title>Don't Knock Twice</title>
				<year>2017</year>
			</meta>
			<link>
				<sublink>search</sublink>
				<sublink>searchsd</sublink>
			</link>
			<thumbnail>https://image.tmdb.org/t/p/w1280//myaS2ytIh7zgjhOr4FY8d0lOjeK.jpg</thumbnail>
			<fanart>https://image.tmdb.org/t/p/w1280//pid6eklnLNn5vy9TGdaqOVm3J6V.jpg</fanart>
		</item>
		<item>
			<title>A Cure for Wellness</title>
			<meta>
				<content>movie</content>
				<imdb>tt4731136</imdb>
				<title>A Cure for Wellness</title>
				<year>2017</year>
			</meta>
			<link>
				<sublink>search</sublink>
				<sublink>searchsd</sublink>
			</link>
			<thumbnail>https://image.tmdb.org/t/p/w1280//d4fXuJS3zZcAZfz2HYDtnwqtnwn.jpg</thumbnail>
			<fanart>https://image.tmdb.org/t/p/w1280//6oXUTHVAjPrNKvVFZhxNlWv7jua.jpg</fanart>
		</item>
		<item>
			<title>Viral</title>
			<meta>
				<content>movie</content>
				<imdb>tt2597892</imdb>
				<title>Viral</title>
				<year>2016</year>
			</meta>
			<link>
				<sublink>search</sublink>
				<sublink>searchsd</sublink>
			</link>
			<thumbnail>https://image.tmdb.org/t/p/w1280//7Pk0Plmw3ySEqxhQPaKdxtbfU9F.jpg</thumbnail>
			<fanart>https://image.tmdb.org/t/p/w1280//xlfnQMqCWCg9TcHgpakXSJOTY2Q.jpg</fanart>
		</item>
		<item>
			<title>The Veil</title>
			<meta>
				<content>movie</content>
				<imdb>tt3533916</imdb>
				<title>The Veil</title>
				<year>2016</year>
			</meta>
			<link>
				<sublink>search</sublink>
				<sublink>searchsd</sublink>
			</link>
			<thumbnail>https://image.tmdb.org/t/p/w1280//kdm4LBCphAzvr2XbGi6eRJNXeXE.jpg</thumbnail>
			<fanart>https://image.tmdb.org/t/p/w1280//fX7wAWwaYQWO3jPq6uCD9cq1aWJ.jpg</fanart>
		</item>
		<item>
			<title>The Belko Experiment</title>
			<meta>
				<content>movie</content>
				<imdb>tt1082807</imdb>
				<title>The Belko Experiment</title>
				<year>2016</year>
			</meta>
			<link>
				<sublink>search</sublink>
				<sublink>searchsd</sublink>
			</link>
			<thumbnail>https://image.tmdb.org/t/p/w1280//faJK0dP3S92kQoKtO4LZMjy41kf.jpg</thumbnail>
			<fanart>https://image.tmdb.org/t/p/w1280//7pMlmyqitl0nqpEGOL3v8dEbu2K.jpg</fanart>
		</item>
		<item>
			<title>The Offering</title>
			<meta>
				<content>movie</content>
				<imdb>tt3894404</imdb>
				<title>The Offering</title>
				<year>2016</year>
			</meta>
			<link>
				<sublink>search</sublink>
				<sublink>searchsd</sublink>
			</link>
			<thumbnail>https://image.tmdb.org/t/p/w1280//xyRgxur6yWWkGc5gWd8J6eHHUba.jpg</thumbnail>
			<fanart>https://image.tmdb.org/t/p/w1280//surHJrbXFys7wp8rEk8fz33qhfg.jpg</fanart>
		</item>
		<item>
			<title>Antibirth</title>
			<meta>
				<content>movie</content>
				<imdb>tt3333870</imdb>
				<title>Antibirth</title>
				<year>2016</year>
			</meta>
			<link>
				<sublink>search</sublink>
				<sublink>searchsd</sublink>
			</link>
			<thumbnail>https://image.tmdb.org/t/p/w1280//bgNlfa0G7XTiETmO6CfxbzmGY4.jpg</thumbnail>
			<fanart>https://image.tmdb.org/t/p/w1280//jyxZLCL36u7X5Dy21UVAa5HxJnt.jpg</fanart>
		</item>
		<item>
			<title>Horror</title>
			<meta>
				<content>movie</content>
				<imdb>tt0304166</imdb>
				<title>Horror</title>
				<year>2002</year>
			</meta>
			<link>
				<sublink>search</sublink>
				<sublink>searchsd</sublink>
			</link>
			<thumbnail>https://image.tmdb.org/t/p/w1280//1wex2qq6V7borm4G2wjLlV6WSwx.jpg</thumbnail>
			<fanart/>
		</item>
		<item>
			<title>Krampus Unleashed</title>
			<meta>
				<content>movie</content>
				<imdb>tt5714322</imdb>
				<title>Krampus Unleashed</title>
				<year>2016</year>
			</meta>
			<link>
				<sublink>search</sublink>
				<sublink>searchsd</sublink>
			</link>
			<thumbnail>https://image.tmdb.org/t/p/w1280//oBSbSva8ittIDZ7TFAZCgcx0qCh.jpg</thumbnail>
			<fanart>https://image.tmdb.org/t/p/w1280//akytSvJaGcpIzSmLUSmXf5VO1vA.jpg</fanart>
		</item>
		<item>
			<title>The Abandoned</title>
			<meta>
				<content>movie</content>
				<imdb>tt3311988</imdb>
				<title>The Abandoned</title>
				<year>2016</year>
			</meta>
			<link>
				<sublink>search</sublink>
				<sublink>searchsd</sublink>
			</link>
			<thumbnail>https://image.tmdb.org/t/p/w1280//x0Dj1YlsDyTvjLIfGWZQoQfnbdy.jpg</thumbnail>
			<fanart>https://image.tmdb.org/t/p/w1280//cPV6ulqSdHkcMZqBqGHNCh4yjpH.jpg</fanart>
		</item>
		<item>
			<title>They Look Like People</title>
			<meta>
				<content>movie</content>
				<imdb>tt4105970</imdb>
				<title>They Look Like People</title>
				<year>2016</year>
			</meta>
			<link>
				<sublink>search</sublink>
				<sublink>searchsd</sublink>
			</link>
			<thumbnail>https://image.tmdb.org/t/p/w1280//4FVcHpaBaFYunzxCiDghqwhnt4W.jpg</thumbnail>
			<fanart>https://image.tmdb.org/t/p/w1280//8auxBRA6vgGYUlLFj9GgOSwclwk.jpg</fanart>
		</item>
		<item>
			<title>Intruders</title>
			<meta>
				<content>movie</content>
				<imdb>tt4009278</imdb>
				<title>Intruders</title>
				<year>2016</year>
			</meta>
			<link>
				<sublink>search</sublink>
				<sublink>searchsd</sublink>
			</link>
			<thumbnail>https://image.tmdb.org/t/p/w1280//9EIfH3Hc1gj7L9eke8roywy98qR.jpg</thumbnail>
			<fanart>https://image.tmdb.org/t/p/w1280//1tqjyC1bqoYu31d9KBm4i5rdp6y.jpg</fanart>
		</item>
		<item>
			<title>Another Wolfcop</title>
			<meta>
				<content>movie</content>
				<imdb>tt4515762</imdb>
				<title>Another Wolfcop</title>
				<year>2017</year>
			</meta>
			<link>
				<sublink>search</sublink>
				<sublink>searchsd</sublink>
			</link>
			<thumbnail>https://image.tmdb.org/t/p/w1280//1Fdnejc2RcgDn3Ag7dHxtSp3hzL.jpg</thumbnail>
			<fanart>https://image.tmdb.org/t/p/w1280//gEQED31ozRrLTrim94SwV9Zf2o4.jpg</fanart>
		</item>
		<item>
			<title>Resident Evil: The Final Chapter</title>
			<meta>
				<content>movie</content>
				<imdb>tt2592614</imdb>
				<title>Resident Evil: The Final Chapter</title>
				<year>2016</year>
			</meta>
			<link>
				<sublink>search</sublink>
				<sublink>searchsd</sublink>
			</link>
			<thumbnail>https://image.tmdb.org/t/p/w1280//7XlaaMzQUz5EqTY0m07hn3PbGu7.jpg</thumbnail>
			<fanart>https://image.tmdb.org/t/p/w1280//eRdcFDoWnZ5hia7ptUOOvyPDlE0.jpg</fanart>
		</item>
		<item>
			<title>ABCs of Death 2.5</title>
			<meta>
				<content>movie</content>
				<imdb>tt5647758</imdb>
				<title>ABCs of Death 2.5</title>
				<year>2016</year>
			</meta>
			<link>
				<sublink>search</sublink>
				<sublink>searchsd</sublink>
			</link>
			<thumbnail>https://image.tmdb.org/t/p/w1280//mmtQE4p3fZGnQFOEZ1x9tEM4hL8.jpg</thumbnail>
			<fanart>https://image.tmdb.org/t/p/w1280//lgFAJA83tJSXupAIWcB0HThu0nZ.jpg</fanart>
		</item>
		<item>
			<title>Attack of the Killer Donuts</title>
			<meta>
				<content>movie</content>
				<imdb>tt4480398</imdb>
				<title>Attack of the Killer Donuts</title>
				<year>2016</year>
			</meta>
			<link>
				<sublink>search</sublink>
				<sublink>searchsd</sublink>
			</link>
			<thumbnail>https://image.tmdb.org/t/p/w1280//gx5Cp4enCXcpaOJAg6OBYdn2DZi.jpg</thumbnail>
			<fanart>https://image.tmdb.org/t/p/w1280//6M7QjOTieZzjDocCdNfO9CTY5DS.jpg</fanart>
		</item>
		<item>
			<title>Don't Fuck in the Woods</title>
			<meta>
				<content>movie</content>
				<imdb>tt3620452</imdb>
				<title>Don't Fuck in the Woods</title>
				<year>2016</year>
			</meta>
			<link>
				<sublink>search</sublink>
				<sublink>searchsd</sublink>
			</link>
			<thumbnail>https://image.tmdb.org/t/p/w1280//XQxwsxSG4BRBQ1ibSz7ZI6QaXt.jpg</thumbnail>
			<fanart>https://image.tmdb.org/t/p/w1280//5PhNrvTsBHB73JMrK5XTalxF9Tq.jpg</fanart>
		</item>
		<item>
			<title>The Amityville Terror</title>
			<meta>
				<content>movie</content>
				<imdb>tt5312612</imdb>
				<title>The Amityville Terror</title>
				<year>2016</year>
			</meta>
			<link>
				<sublink>search</sublink>
				<sublink>searchsd</sublink>
			</link>
			<thumbnail>https://image.tmdb.org/t/p/w1280//fCVc6CK34R3cewehBFIMxmmLRCx.jpg</thumbnail>
			<fanart>https://image.tmdb.org/t/p/w1280//yJVBTYMiKjqfYi7Iom7S3UxsNcQ.jpg</fanart>
		</item>
		<item>
			<title>Amityville: No Escape</title>
			<meta>
				<content>movie</content>
				<imdb>tt5448998</imdb>
				<title>Amityville: No Escape</title>
				<year>2016</year>
			</meta>
			<link>
				<sublink>search</sublink>
				<sublink>searchsd</sublink>
			</link>
			<thumbnail>https://image.tmdb.org/t/p/w1280//aH4AhARrIePU4MNIVYa905aTVYM.jpg</thumbnail>
			<fanart>https://image.tmdb.org/t/p/w1280//jTI3UV9heEfiv4EUVF40emwLk6H.jpg</fanart>
		</item>
		<item>
			<title>Unnatural</title>
			<meta>
				<content>movie</content>
				<imdb>tt3551400</imdb>
				<title>Unnatural</title>
				<year>2015</year>
			</meta>
			<link>
				<sublink>search</sublink>
				<sublink>searchsd</sublink>
			</link>
			<thumbnail>https://image.tmdb.org/t/p/w1280//iUPOptmk5dQE8LZBhn8u9qfTwfx.jpg</thumbnail>
			<fanart>https://image.tmdb.org/t/p/w1280//yHmZidYNmGBLfIJZwXjQLGVQA6x.jpg</fanart>
		</item>
		<item>
			<title>Peelers</title>
			<meta>
				<content>movie</content>
				<imdb>tt2769828</imdb>
				<title>Peelers</title>
				<year>2016</year>
			</meta>
			<link>
				<sublink>search</sublink>
				<sublink>searchsd</sublink>
			</link>
			<thumbnail>https://image.tmdb.org/t/p/w1280//qaA7uLfy6uuaUl6P2F3U8762rei.jpg</thumbnail>
			<fanart>https://image.tmdb.org/t/p/w1280//sSoom1MDOjQARNiWl1XC1mULzxw.jpg</fanart>
		</item>
		<item>
			<title>Boy Missing</title>
			<meta>
				<content>movie</content>
				<imdb>tt4621630</imdb>
				<title>Boy Missing</title>
				<year>2016</year>
			</meta>
			<link>
				<sublink>search</sublink>
				<sublink>searchsd</sublink>
			</link>
			<thumbnail>https://image.tmdb.org/t/p/w1280//30k2iiJbc1m0jnjfhAycbYL5Qzv.jpg</thumbnail>
			<fanart>https://image.tmdb.org/t/p/w1280//89hoR3OFJszXq2Ec3oKEC1XJrZR.jpg</fanart>
		</item>
		<item>
			<title>Cold Moon</title>
			<meta>
				<content>movie</content>
				<imdb>tt4441098</imdb>
				<title>Cold Moon</title>
				<year>2016</year>
			</meta>
			<link>
				<sublink>search</sublink>
				<sublink>searchsd</sublink>
			</link>
			<thumbnail>https://image.tmdb.org/t/p/w1280//vJrzooiZ6HfwDIHOMzRBVE2Br6B.jpg</thumbnail>
			<fanart>https://image.tmdb.org/t/p/w1280//54HIQCwdMmbJU3ES3FDkiThWStU.jpg</fanart>
		</item>
		<item>
			<title>Charlie Charlie</title>
			<meta>
				<content>movie</content>
				<imdb>tt5478746</imdb>
				<title>Charlie Charlie</title>
				<year>2017</year>
			</meta>
			<link>
				<sublink>search</sublink>
				<sublink>searchsd</sublink>
			</link>
			<thumbnail>https://image.tmdb.org/t/p/w1280//5s39d0nxoZB4qvOzo5dsJal967B.jpg</thumbnail>
			<fanart/>
		</item>
		<item>
			<title>Distiller</title>
			<meta>
				<content>movie</content>
				<imdb>tt4338076</imdb>
				<title>Distiller</title>
				<year>2016</year>
			</meta>
			<link>
				<sublink>search</sublink>
				<sublink>searchsd</sublink>
			</link>
			<thumbnail>https://image.tmdb.org/t/p/w1280//tVPEGbU9aaRqkpSHAIa2ptqczD2.jpg</thumbnail>
			<fanart/>
		</item>
		<item>
			<title>Inside</title>
			<meta>
				<content>movie</content>
				<imdb>tt5170810</imdb>
				<title>Inside</title>
				<year>2017</year>
			</meta>
			<link>
				<sublink>search</sublink>
				<sublink>searchsd</sublink>
			</link>
			<thumbnail>https://image.tmdb.org/t/p/w1280//hh6dCr2gQFh6qnBIzXXgQLKQ1Tn.jpg</thumbnail>
			<fanart>https://image.tmdb.org/t/p/w1280//rHAh0bb8FVTcpP5wknik6LXHEez.jpg</fanart>
		</item>
		<item>
			<title>Scare Campaign</title>
			<meta>
				<content>movie</content>
				<imdb>tt4467626</imdb>
				<title>Scare Campaign</title>
				<year>2016</year>
			</meta>
			<link>
				<sublink>search</sublink>
				<sublink>searchsd</sublink>
			</link>
			<thumbnail>https://image.tmdb.org/t/p/w1280//b5DqwR3vc2qlm4jEcxinu00yGYN.jpg</thumbnail>
			<fanart>https://image.tmdb.org/t/p/w1280//5Z88vvQ76GqlV7Qu5ojFNmaRPGs.jpg</fanart>
		</item>
		<item>
			<title>Compulsion</title>
			<meta>
				<content>movie</content>
				<imdb>tt4992060</imdb>
				<title>Compulsion</title>
				<year>2018</year>
			</meta>
			<link>
				<sublink>search</sublink>
				<sublink>searchsd</sublink>
			</link>
			<thumbnail>https://image.tmdb.org/t/p/w1280//8fPZ50FDA0J3EamkP3g371rewNg.jpg</thumbnail>
			<fanart>https://image.tmdb.org/t/p/w1280//lSRHG4n5bWNVRjYEWyKpp7vIJuD.jpg</fanart>
		</item>
		<item>
			<title>The Exorcism of Anna Ecklund</title>
			<meta>
				<content>movie</content>
				<imdb>tt3564860</imdb>
				<title>The Exorcism of Anna Ecklund</title>
				<year>2016</year>
			</meta>
			<link>
				<sublink>search</sublink>
				<sublink>searchsd</sublink>
			</link>
			<thumbnail>https://image.tmdb.org/t/p/w1280//7pqo6PpFamfPaqrRQwrGMksIxkX.jpg</thumbnail>
			<fanart>https://image.tmdb.org/t/p/w1280//2hovrozDQMFJTTk9LNc18y2c02U.jpg</fanart>
		</item>
		<item>
			<title>Cassidy Way</title>
			<meta>
				<content>movie</content>
				<imdb>tt3294664</imdb>
				<title>Cassidy Way</title>
				<year>2016</year>
			</meta>
			<link>
				<sublink>search</sublink>
				<sublink>searchsd</sublink>
			</link>
			<thumbnail>https://image.tmdb.org/t/p/w1280//aHKK65UrbE6FriMrYs5fbw6dU5o.jpg</thumbnail>
			<fanart>https://image.tmdb.org/t/p/w1280//xX8LH4Y1xnHAemEl47aZ4bv81sa.jpg</fanart>
		</item>
		<item>
			<title>Welcome to Willits</title>
			<meta>
				<content>movie</content>
				<imdb>tt3074952</imdb>
				<title>Welcome to Willits</title>
				<year>2016</year>
			</meta>
			<link>
				<sublink>search</sublink>
				<sublink>searchsd</sublink>
			</link>
			<thumbnail>https://image.tmdb.org/t/p/w1280//6KvFXyg3T3nQ94y7V14l9tbB6x9.jpg</thumbnail>
			<fanart>https://image.tmdb.org/t/p/w1280//3HkuzTqpMl2K9K0xJCwmGOAW4h8.jpg</fanart>
		</item>
	</2016>
</trepidation>