<item>
	<title>Session 9 (2001)</title>
	<meta>
		<content>movie</content>
		<imdb>tt0261983</imdb>
		<title>Session 9</title>
		<year>2001</year>
	</meta>
	<link>
		<sublink>search</sublink>
		<sublink>searchsd</sublink>
	</link>
	<thumbnail>https://image.tmdb.org/t/p/w1280/mWwrWhPHiHSoCWUkYcq4GplRF6V.jpg</thumbnail>
	<fanart>https://image.tmdb.org/t/p/w1280/d5tK8tUD4qhtfupIEaIGnnMSLiB.jpg</fanart>
</item>
<item>
	<title>The Dead Pit (1989)</title>
	<meta>
		<content>movie</content>
		<imdb>tt0122037</imdb>
		<title>The Dead Pit</title>
		<year>1989</year>
	</meta>
	<link>
		<sublink>search</sublink>
		<sublink>searchsd</sublink>
	</link>
	<thumbnail>https://image.tmdb.org/t/p/w1280/dkh6uhG8H9wUPwpkrZEaBGdFN6f.jpg</thumbnail>
	<fanart>https://image.tmdb.org/t/p/w1280/z3rgayDr7JHwUf14NfKISB0hcdH.jpg</fanart>
</item>
<item>
	<title>Grave Encounters (2011)</title>
	<meta>
		<content>movie</content>
		<imdb>tt1703199</imdb>
		<title>Grave Encounters</title>
		<year>2011</year>
	</meta>
	<link>
		<sublink>search</sublink>
		<sublink>searchsd</sublink>
	</link>
	<thumbnail>https://image.tmdb.org/t/p/w1280/gIWvlqOsAM0E6TOHCMP19TmVVLC.jpg</thumbnail>
	<fanart>https://image.tmdb.org/t/p/w1280/dLYgcIYNafDMFhKdLZNV4rxE6Q8.jpg</fanart>
</item>
<item>
	<title>Grave Encounters 2 (2012)</title>
	<meta>
		<content>movie</content>
		<imdb>tt2231554</imdb>
		<title>Grave Encounters 2</title>
		<year>2012</year>
	</meta>
	<link>
		<sublink>search</sublink>
		<sublink>searchsd</sublink>
	</link>
	<thumbnail>https://image.tmdb.org/t/p/w1280/kzx8h6mDnFULOKHWbG9w5x58YU7.jpg</thumbnail>
	<fanart>https://image.tmdb.org/t/p/w1280/5FGUlHeKhHvYhhvk1y5cyy1rNN9.jpg</fanart>
</item>
<item>
	<title>Madhouse (2004)</title>
	<meta>
		<content>movie</content>
		<imdb>tt0363276</imdb>
		<title>Madhouse</title>
		<year>2004</year>
	</meta>
	<link>
		<sublink>search</sublink>
		<sublink>searchsd</sublink>
	</link>
	<thumbnail>https://image.tmdb.org/t/p/w1280/wEVNTUl8Uc5tht3BCVAzhuB5TiD.jpg</thumbnail>
	<fanart>https://image.tmdb.org/t/p/w1280/fpQdWoWPbFoAsHzo64y6cQY1zwQ.jpg</fanart>
</item>
<item>
	<title>Asylum (IV) (2008)</title>
	<meta>
		<content>movie</content>
		<imdb>tt0804443</imdb>
		<title>Asylum</title>
		<year>IV 2008</year>
	</meta>
	<link>
		<sublink>search</sublink>
		<sublink>searchsd</sublink>
	</link>
	<thumbnail>https://image.tmdb.org/t/p/w1280/7BqosTy8fBZxoo06vuCAnRKwXUs.jpg</thumbnail>
	<fanart>https://image.tmdb.org/t/p/w1280/m9uUTeNxyuPZ2MLKKQQiVIhfM6G.jpg</fanart>
</item>
<item>
	<title>Asylum (I) (1972)</title>
	<meta>
		<content>movie</content>
		<imdb>tt0068230</imdb>
		<title>Asylum</title>
		<year>I 1972</year>
	</meta>
	<link>
		<sublink>search</sublink>
		<sublink>searchsd</sublink>
	</link>
	<thumbnail>https://image.tmdb.org/t/p/w1280/8FXESe9NCN20ln2hW10M73CtCfH.jpg</thumbnail>
	<fanart>https://image.tmdb.org/t/p/w1280/pxaDF5CDAbMN1OSdQoajsfspgPO.jpg</fanart>
</item>
<item>
	<title>Dark Asylum (2001)</title>
	<meta>
		<content>movie</content>
		<imdb>tt0224626</imdb>
		<title>Dark Asylum</title>
		<year>2001</year>
	</meta>
	<link>
		<sublink>search</sublink>
		<sublink>searchsd</sublink>
	</link>
	<thumbnail>https://image.tmdb.org/t/p/w1280/3d6cGuf2cAFae8iTI0RvyYwUSHD.jpg</thumbnail>
	<fanart>https://image.tmdb.org/t/p/w1280/9Wf39HQndrfi9Tetd846x9a1nN6.jpg</fanart>
</item>
<item>
	<title>The Forgotten (1973)</title>
	<meta>
		<content>movie</content>
		<imdb>tt0069994</imdb>
		<title>The Forgotten</title>
		<year>1973</year>
	</meta>
	<link>
		<sublink>search</sublink>
		<sublink>searchsd</sublink>
	</link>
	<thumbnail>https://image.tmdb.org/t/p/w1280/iTHRsUG0f3zh8Mwk4bhNOutuMHH.jpg</thumbnail>
	<fanart>https://image.tmdb.org/t/p/w1280/mIjAN2ZqtnI0ByirmjoLcjLOWb1.jpg</fanart>
</item>
<item>
	<title>Bad Dreams (1988)</title>
	<meta>
		<content>movie</content>
		<imdb>tt0094701</imdb>
		<title>Bad Dreams</title>
		<year>1988</year>
	</meta>
	<link>
		<sublink>search</sublink>
		<sublink>searchsd</sublink>
	</link>
	<thumbnail>https://image.tmdb.org/t/p/w1280/16wxKRGegbX47KJUnO4Z1qw23YQ.jpg</thumbnail>
	<fanart>https://image.tmdb.org/t/p/w1280/s50PWkxoVr286Y7YPDm06MdCNvp.jpg</fanart>
</item>
<item>
	<title>Hellbound: Hellraiser II (1988)</title>
	<meta>
		<content>movie</content>
		<imdb>tt0095294</imdb>
		<title>Hellbound: Hellraiser II</title>
		<year>1988</year>
	</meta>
	<link>
		<sublink>search</sublink>
		<sublink>searchsd</sublink>
	</link>
	<thumbnail>https://image.tmdb.org/t/p/w1280/ryuo4unQkzcEKhfAfzhbQo8oxVm.jpg</thumbnail>
	<fanart>https://image.tmdb.org/t/p/w1280/s3YnyO4lwQ5tgdWw664zdKsKkpk.jpg</fanart>
</item>
<item>
	<title>Crazy Eights (2006)</title>
	<meta>
		<content>movie</content>
		<imdb>tt0470993</imdb>
		<title>Crazy Eights</title>
		<year>2006</year>
	</meta>
	<link>
		<sublink>search</sublink>
		<sublink>searchsd</sublink>
	</link>
	<thumbnail>https://image.tmdb.org/t/p/w1280/3lXgDvZytHZcbyw77DES0inhYAi.jpg</thumbnail>
	<fanart>https://image.tmdb.org/t/p/w1280/zLf4LoANjBKWJ4Yr0vFWY9jrecS.jpg</fanart>
</item>
<item>
	<title>A Nightmare on Elm Street 3: Dream Warriors (1987)</title>
	<meta>
		<content>movie</content>
		<imdb>tt0093629</imdb>
		<title>A Nightmare on Elm Street 3: Dream Warriors</title>
		<year>1987</year>
	</meta>
	<link>
		<sublink>search</sublink>
		<sublink>searchsd</sublink>
	</link>
	<thumbnail>https://image.tmdb.org/t/p/w1280/4aMSIhvShIkDrhOsa0WL6KFwnpD.jpg</thumbnail>
	<fanart>https://image.tmdb.org/t/p/w1280/lNrbMhjhAQK9Hf4Nww7GoBezCMA.jpg</fanart>
</item>
<item>
	<title>Death Tunnel (2005)</title>
	<meta>
		<content>movie</content>
		<imdb>tt0418627</imdb>
		<title>Death Tunnel</title>
		<year>2005</year>
	</meta>
	<link>
		<sublink>search</sublink>
		<sublink>searchsd</sublink>
	</link>
	<thumbnail>https://image.tmdb.org/t/p/w1280/1yyIR5vfQvBoC2QK9ejnmTFoYgo.jpg</thumbnail>
	<fanart>https://image.tmdb.org/t/p/w1280/lyqv36XIGndGtKmnZBVq64ntQah.jpg</fanart>
</item>
<item>
	<title>Gothika (2003)</title>
	<meta>
		<content>movie</content>
		<imdb>tt0348836</imdb>
		<title>Gothika</title>
		<year>2003</year>
	</meta>
	<link>
		<sublink>search</sublink>
		<sublink>searchsd</sublink>
	</link>
	<thumbnail>https://image.tmdb.org/t/p/w1280/jwTiVNi21EhaP8QbkJkVUn2SYsa.jpg</thumbnail>
	<fanart>https://image.tmdb.org/t/p/w1280/vrUZrhCyTrw5MkQBD2AWyIAoGRS.jpg</fanart>
</item>
<item>
	<title>House on Haunted Hill (1999)</title>
	<meta>
		<content>movie</content>
		<imdb>tt0185371</imdb>
		<title>House on Haunted Hill</title>
		<year>1999</year>
	</meta>
	<link>
		<sublink>search</sublink>
		<sublink>searchsd</sublink>
	</link>
	<thumbnail>https://image.tmdb.org/t/p/w1280/yedchBbI23FgDjWP1tvahOZgiks.jpg</thumbnail>
	<fanart>https://image.tmdb.org/t/p/w1280/zCg0zdIKKfBGiEA1xsQYaO7KS7S.jpg</fanart>
</item>
<item>
	<title>Paranormal Asylum (2013 Video)</title>
	<meta>
		<content>movie</content>
		<imdb>tt2748088</imdb>
		<title>Paranormal Asylum</title>
		<year>2013 Video</year>
	</meta>
	<link>
		<sublink>search</sublink>
		<sublink>searchsd</sublink>
	</link>
	<thumbnail>https://image.tmdb.org/t/p/w1280/se5D5veLN9PnuS6Cp9mWxwFdeAT.jpg</thumbnail>
	<fanart>https://image.tmdb.org/t/p/w1280/sOt3wOM8gHZCXCEU7VNaGzRDvSF.jpg</fanart>
</item>
<item>
	<title>Asylum (II) (2014)</title>
	<meta>
		<content>movie</content>
		<imdb>tt2259858</imdb>
		<title>Asylum</title>
		<year>II 2014</year>
	</meta>
	<link>
		<sublink>search</sublink>
		<sublink>searchsd</sublink>
	</link>
	<thumbnail>https://image.tmdb.org/t/p/w1280/zdTdWKwtR6L26GrV2ZEqvmU8dWl.jpg</thumbnail>
	<fanart>https://image.tmdb.org/t/p/w1280none</fanart>
</item>
<item>
	<title>The Ward (2010)</title>
	<meta>
		<content>movie</content>
		<imdb>tt1369706</imdb>
		<title>The Ward</title>
		<year>2010</year>
	</meta>
	<link>
		<sublink>search</sublink>
		<sublink>searchsd</sublink>
	</link>
	<thumbnail>https://image.tmdb.org/t/p/w1280/cMApNxaSq4udLTYBAd755E8VJok.jpg</thumbnail>
	<fanart>https://image.tmdb.org/t/p/w1280/j01PwweLdwHk3e5pTAZazvAp2VS.jpg</fanart>
</item>
<item>
	<title>Deliver Us from Evil (I) (2014)</title>
	<meta>
		<content>movie</content>
		<imdb>tt2377322</imdb>
		<title>Deliver Us from Evil</title>
		<year>I 2014</year>
	</meta>
	<link>
		<sublink>search</sublink>
		<sublink>searchsd</sublink>
	</link>
	<thumbnail>https://image.tmdb.org/t/p/w1280/jgtStjg33PH3TwBrMKKhvNL5J1c.jpg</thumbnail>
	<fanart>https://image.tmdb.org/t/p/w1280/h0jrxKeDXS6VKnUnJayXLTo6PDx.jpg</fanart>
</item>
<item>
	<title>Trauma (1993)</title>
	<meta>
		<content>movie</content>
		<imdb>tt0104053</imdb>
		<title>Trauma</title>
		<year>1993</year>
	</meta>
	<link>
		<sublink>search</sublink>
		<sublink>searchsd</sublink>
	</link>
	<thumbnail>https://image.tmdb.org/t/p/w1280/7LUSWtI7h3GCkvyKDEKJk3h0hcp.jpg</thumbnail>
	<fanart>https://image.tmdb.org/t/p/w1280/6Mjz5R9f5vIBlhqzZO4VwTeaJ4K.jpg</fanart>
</item>
<item>
	<title>House of Dust (2013)</title>
	<meta>
		<content>movie</content>
		<imdb>tt1309374</imdb>
		<title>House of Dust</title>
		<year>2013</year>
	</meta>
	<link>
		<sublink>search</sublink>
		<sublink>searchsd</sublink>
	</link>
	<thumbnail>https://image.tmdb.org/t/p/w1280/8DIXZccsb7nBkyx7b7s0M3IUpY7.jpg</thumbnail>
	<fanart>https://image.tmdb.org/t/p/w1280none</fanart>
</item>
<item>
	<title>Bloody Mary (I) (2006)</title>
	<meta>
		<content>movie</content>
		<imdb>tt0469684</imdb>
		<title>Bloody Mary</title>
		<year>I 2006</year>
	</meta>
	<link>
		<sublink>search</sublink>
		<sublink>searchsd</sublink>
	</link>
	<thumbnail>https://image.tmdb.org/t/p/w1280/ng1cUfgJFs9yVamcfzj76hDAbje.jpg</thumbnail>
	<fanart>https://image.tmdb.org/t/p/w1280/h180q3zumqyJeSQnLxm4S4x0Sp7.jpg</fanart>
</item>
<item>
	<title>Kingdom Come (2014)</title>
	<meta>
		<content>movie</content>
		<imdb>tt2701772</imdb>
		<title>Kingdom Come</title>
		<year>2014</year>
	</meta>
	<link>
		<sublink>search</sublink>
		<sublink>searchsd</sublink>
	</link>
	<thumbnail>https://image.tmdb.org/t/p/w1280/7HbmLtSfHiXvj2G9nB8JtrWYnIj.jpg</thumbnail>
	<fanart>https://image.tmdb.org/t/p/w1280/iIsRdCmeP3suR0f6oE2Pd18ncv0.jpg</fanart>
</item>
<item>
	<title>Asylum Blackout (I) (2011)</title>
	<meta>
		<content>movie</content>
		<imdb>tt1027820</imdb>
		<title>Asylum Blackout</title>
		<year>I 2011</year>
	</meta>
	<link>
		<sublink>search</sublink>
		<sublink>searchsd</sublink>
	</link>
	<thumbnail>https://image.tmdb.org/t/p/w1280/iX6yJZDiS1K2CmyK7naKYBhx4mi.jpg</thumbnail>
	<fanart>https://image.tmdb.org/t/p/w1280/wolZVd1tZoJIWC8SpHag6882OKo.jpg</fanart>
</item>
<item>
	<title>Reel Evil (2012)</title>
	<meta>
		<content>movie</content>
		<imdb>tt2388920</imdb>
		<title>Reel Evil</title>
		<year>2012</year>
	</meta>
	<link>
		<sublink>search</sublink>
		<sublink>searchsd</sublink>
	</link>
	<thumbnail>https://image.tmdb.org/t/p/w1280/lSdXEIQySeYGnvDTFGHFXOk9myI.jpg</thumbnail>
	<fanart>https://image.tmdb.org/t/p/w1280none</fanart>
</item>
<item>
	<title>Paranormal Incident (2011)</title>
	<meta>
		<content>movie</content>
		<imdb>tt2095742</imdb>
		<title>Paranormal Incident</title>
		<year>2011</year>
	</meta>
	<link>
		<sublink>search</sublink>
		<sublink>searchsd</sublink>
	</link>
	<thumbnail>https://image.tmdb.org/t/p/w1280/p9dCLAcUFBlUZ6UBKyHDJW1iQEG.jpg</thumbnail>
	<fanart>https://image.tmdb.org/t/p/w1280/iBTnxGkr4BbaBLjtHfadUPXFMU3.jpg</fanart>
</item>
<item>
	<title>The Lost Episode (2012)</title>
	<meta>
		<content>movie</content>
		<imdb>tt1720189</imdb>
		<title>The Lost Episode</title>
		<year>2012</year>
	</meta>
	<link>
		<sublink>search</sublink>
		<sublink>searchsd</sublink>
	</link>
	<thumbnail>https://image.tmdb.org/t/p/w1280/68i29TvXvpZwud4qIJjWVcEz278.jpg</thumbnail>
	<fanart>https://image.tmdb.org/t/p/w1280/1uXKxociMyTQAp4ry4iK2CQyBvZ.jpg</fanart>
</item>
<item>
	<title>The Amityville Asylum (2013)</title>
	<meta>
		<content>movie</content>
		<imdb>tt2216212</imdb>
		<title>The Amityville Asylum</title>
		<year>2013</year>
	</meta>
	<link>
		<sublink>search</sublink>
		<sublink>searchsd</sublink>
	</link>
	<thumbnail>https://image.tmdb.org/t/p/w1280/wXYJG2vVVC8zxI0ZuTgFujBuFLF.jpg</thumbnail>
	<fanart>https://image.tmdb.org/t/p/w1280/zS2r1rMP7zyvnviQHprcEj3N3m1.jpg</fanart>
</item>
<item>
	<title>Doom Asylum (1987)</title>
	<meta>
		<content>movie</content>
		<imdb>tt0092910</imdb>
		<title>Doom Asylum</title>
		<year>1987</year>
	</meta>
	<link>
		<sublink>search</sublink>
		<sublink>searchsd</sublink>
	</link>
	<thumbnail>https://image.tmdb.org/t/p/w1280/hvCZKjfS65oeQzE3ODAhUfH5cOq.jpg</thumbnail>
	<fanart>https://image.tmdb.org/t/p/w1280/9l6JluFhx9jSKpY4MZv7VoihXta.jpg</fanart>
</item>
<item>
	<title>The Murder Clinic (1966)</title>
	<meta>
		<content>movie</content>
		<imdb>tt0060616</imdb>
		<title>The Murder Clinic</title>
		<year>1966</year>
	</meta>
	<link>
		<sublink>search</sublink>
		<sublink>searchsd</sublink>
	</link>
	<thumbnail>https://image.tmdb.org/t/p/w1280/kWkk7EUQlAkohQWOcmYCovyNx6n.jpg</thumbnail>
	<fanart>https://image.tmdb.org/t/p/w1280none</fanart>
</item>
<item>
	<title>Nightmare Asylum (1992 Video)</title>
	<meta>
		<content>movie</content>
		<imdb>tt0174068</imdb>
		<title>Nightmare Asylum</title>
		<year>1992 Video</year>
	</meta>
	<link>
		<sublink>search</sublink>
		<sublink>searchsd</sublink>
	</link>
	<thumbnail>https://image.tmdb.org/t/p/w1280/mNzquvJWnzWwpucmgtlOVURqZy9.jpg</thumbnail>
	<fanart>https://image.tmdb.org/t/p/w1280none</fanart>
</item>
<item>
	<title>7 Nights of Darkness (2011)</title>
	<meta>
		<content>movie</content>
		<imdb>tt2072029</imdb>
		<title>7 Nights of Darkness</title>
		<year>2011</year>
	</meta>
	<link>
		<sublink>search</sublink>
		<sublink>searchsd</sublink>
	</link>
	<thumbnail>https://image.tmdb.org/t/p/w1280/npcd3KUTozDBXADpro34gfnq7yP.jpg</thumbnail>
	<fanart>https://image.tmdb.org/t/p/w1280/jLNQ8QaUYOIN9N68Ej69ss14Uev.jpg</fanart>
</item>
<item>
	<title>Asylum of Satan (1972)</title>
	<meta>
		<content>movie</content>
		<imdb>tt0068231</imdb>
		<title>Asylum of Satan</title>
		<year>1972</year>
	</meta>
	<link>
		<sublink>search</sublink>
		<sublink>searchsd</sublink>
	</link>
	<thumbnail>https://image.tmdb.org/t/p/w1280/b3gRg1JALPrvesuvJTuQafB05NY.jpg</thumbnail>
	<fanart>https://image.tmdb.org/t/p/w1280none</fanart>
</item>
<item>
	<title>Wrong Turn 4: Bloody Beginnings (2011)</title>
	<meta>
		<content>movie</content>
		<imdb>tt1865567</imdb>
		<title>Wrong Turn 4: Bloody Beginnings</title>
		<year>2011</year>
	</meta>
	<link>
		<sublink>search</sublink>
		<sublink>searchsd</sublink>
	</link>
	<thumbnail>https://image.tmdb.org/t/p/w1280/ogAYr3SdD5j2bFRX5briSOhe0Rw.jpg</thumbnail>
	<fanart>https://image.tmdb.org/t/p/w1280/lWU9q6992huj0TPi53kemgYGPo8.jpg</fanart>
</item>
<item>
	<title>29 February (2006)</title>
	<meta>
		<content>movie</content>
		<imdb>tt0927575</imdb>
		<title>29 February</title>
		<year>2006</year>
	</meta>
	<link>
		<sublink>search</sublink>
		<sublink>searchsd</sublink>
	</link>
	<thumbnail>https://image.tmdb.org/t/p/w1280/32ODRdywclFllruz8IJS7awiNpU.jpg</thumbnail>
	<fanart>https://image.tmdb.org/t/p/w1280/q386Eawl4YRQGTGC493u38F8jRJ.jpg</fanart>
</item>
<item>
	<title>Exeter (II) (2015)</title>
	<meta>
		<content>movie</content>
		<imdb>tt1945044</imdb>
		<title>Exeter</title>
		<year>II 2015</year>
	</meta>
	<link>
		<sublink>search</sublink>
		<sublink>searchsd</sublink>
	</link>
	<thumbnail>https://image.tmdb.org/t/p/w1280/lJVquhEiVtUyasS54uoKYHPA5Ei.jpg</thumbnail>
	<fanart>https://image.tmdb.org/t/p/w1280/tvg5FuuQYi56x35d5jVElQJ5Thm.jpg</fanart>
</item>
<item>
	<title>Pigs (1973)</title>
	<meta>
		<content>movie</content>
		<imdb>tt0070537</imdb>
		<title>Pigs</title>
		<year>1973</year>
	</meta>
	<link>
		<sublink>search</sublink>
		<sublink>searchsd</sublink>
	</link>
	<thumbnail>https://image.tmdb.org/t/p/w1280/6ArLIV9BUaLeewz05h32dseIQVz.jpg</thumbnail>
	<fanart>https://image.tmdb.org/t/p/w1280/b0x37Jpi249kOO4qn1JAQ155Y3f.jpg</fanart>
</item>
<item>
	<title>Sanatorium (2013)</title>
	<meta>
		<content>movie</content>
		<imdb>tt2004419</imdb>
		<title>Sanatorium</title>
		<year>2013</year>
	</meta>
	<link>
		<sublink>search</sublink>
		<sublink>searchsd</sublink>
	</link>
	<thumbnail>https://image.tmdb.org/t/p/w1280/hO5dGO0oNxkqhQlepvvT5oGWXU5.jpg</thumbnail>
	<fanart>https://image.tmdb.org/t/p/w1280none</fanart>
</item>
<item>
	<title>Shadow Puppets (2007)</title>
	<meta>
		<content>movie</content>
		<imdb>tt0491145</imdb>
		<title>Shadow Puppets</title>
		<year>2007</year>
	</meta>
	<link>
		<sublink>search</sublink>
		<sublink>searchsd</sublink>
	</link>
	<thumbnail>https://image.tmdb.org/t/p/w1280/8OAQacZ7LQ5ciuFrjEgGsg9cZlc.jpg</thumbnail>
	<fanart>https://image.tmdb.org/t/p/w1280/4dd4wpSXLxhBaShc38ezUDD3vrO.jpg</fanart>
</item>
<item>
	<title>La bestia uccide a sangue freddo (1971)</title>
	<meta>
		<content>movie</content>
		<imdb>tt0066827</imdb>
		<title>La bestia uccide a sangue freddo</title>
		<year>1971</year>
	</meta>
	<link>
		<sublink>search</sublink>
		<sublink>searchsd</sublink>
	</link>
	<thumbnail>https://image.tmdb.org/t/p/w1280none</thumbnail>
	<fanart>https://image.tmdb.org/t/p/w1280none</fanart>
</item>
<item>
	<title>Don't Look in the Cellar (2008)</title>
	<meta>
		<content>movie</content>
		<imdb>tt1535098</imdb>
		<title>Don't Look in the Cellar</title>
		<year>2008</year>
	</meta>
	<link>
		<sublink>search</sublink>
		<sublink>searchsd</sublink>
	</link>
	<thumbnail>https://image.tmdb.org/t/p/w1280none</thumbnail>
	<fanart>https://image.tmdb.org/t/p/w1280none</fanart>
</item>
<item>
	<title>Dark Feed (2013)</title>
	<meta>
		<content>movie</content>
		<imdb>tt1430077</imdb>
		<title>Dark Feed</title>
		<year>2013</year>
	</meta>
	<link>
		<sublink>search</sublink>
		<sublink>searchsd</sublink>
	</link>
	<thumbnail>https://image.tmdb.org/t/p/w1280none</thumbnail>
	<fanart>https://image.tmdb.org/t/p/w1280none</fanart>
</item>
<item>
	<title>The Devil's Chair (II) (2007)</title>
	<meta>
		<content>movie</content>
		<imdb>tt0837791</imdb>
		<title>The Devil's Chair</title>
		<year>II 2007</year>
	</meta>
	<link>
		<sublink>search</sublink>
		<sublink>searchsd</sublink>
	</link>
	<thumbnail>https://image.tmdb.org/t/p/w1280none</thumbnail>
	<fanart>https://image.tmdb.org/t/p/w1280none</fanart>
</item>
<item>
	<title>Asylum, the Lost Footage (2013)</title>
	<meta>
		<content>movie</content>
		<imdb>tt3188994</imdb>
		<title>Asylum, the Lost Footage</title>
		<year>2013</year>
	</meta>
	<link>
		<sublink>search</sublink>
		<sublink>searchsd</sublink>
	</link>
	<thumbnail>https://image.tmdb.org/t/p/w1280none</thumbnail>
	<fanart>https://image.tmdb.org/t/p/w1280none</fanart>
</item>
<item>
	<title>Deadgirl (2008)</title>
	<meta>
		<content>movie</content>
		<imdb>tt0896534</imdb>
		<title>Deadgirl</title>
		<year>2008</year>
	</meta>
	<link>
		<sublink>search</sublink>
		<sublink>searchsd</sublink>
	</link>
	<thumbnail>https://image.tmdb.org/t/p/w1280none</thumbnail>
	<fanart>https://image.tmdb.org/t/p/w1280none</fanart>
</item>
<item>
	<title>Archivo 253 (2015)</title>
	<meta>
		<content>movie</content>
		<imdb>tt4296556</imdb>
		<title>Archivo 253</title>
		<year>2015</year>
	</meta>
	<link>
		<sublink>search</sublink>
		<sublink>searchsd</sublink>
	</link>
	<thumbnail>https://image.tmdb.org/t/p/w1280none</thumbnail>
	<fanart>https://image.tmdb.org/t/p/w1280none</fanart>
</item>
<item>
	<title>Stonehearst Asylum (2014)</title>
	<meta>
		<content>movie</content>
		<imdb>tt1772264</imdb>
		<title>Stonehearst Asylum</title>
		<year>2014</year>
	</meta>
	<link>
		<sublink>search</sublink>
		<sublink>searchsd</sublink>
	</link>
	<thumbnail>https://image.tmdb.org/t/p/w1280none</thumbnail>
	<fanart>https://image.tmdb.org/t/p/w1280none</fanart>
</item>
<item>
	<title>Nightmare (1981)</title>
	<meta>
		<content>movie</content>
		<imdb>tt0082818</imdb>
		<title>Nightmare</title>
		<year>1981</year>
	</meta>
	<link>
		<sublink>search</sublink>
		<sublink>searchsd</sublink>
	</link>
	<thumbnail>https://image.tmdb.org/t/p/w1280none</thumbnail>
	<fanart>https://image.tmdb.org/t/p/w1280none</fanart>
</item>
<item>
	<title>Boo (2005)</title>
	<meta>
		<content>movie</content>
		<imdb>tt0385560</imdb>
		<title>Boo</title>
		<year>2005</year>
	</meta>
	<link>
		<sublink>search</sublink>
		<sublink>searchsd</sublink>
	</link>
	<thumbnail>https://image.tmdb.org/t/p/w1280none</thumbnail>
	<fanart>https://image.tmdb.org/t/p/w1280none</fanart>
</item>
<item>
	<title>Mister Frost (1990)</title>
	<meta>
		<content>movie</content>
		<imdb>tt0100161</imdb>
		<title>Mister Frost</title>
		<year>1990</year>
	</meta>
	<link>
		<sublink>search</sublink>
		<sublink>searchsd</sublink>
	</link>
	<thumbnail>https://image.tmdb.org/t/p/w1280none</thumbnail>
	<fanart>https://image.tmdb.org/t/p/w1280none</fanart>
</item>
<item>
	<title>Insanitarium (2008 Video)</title>
	<meta>
		<content>movie</content>
		<imdb>tt1103984</imdb>
		<title>Insanitarium</title>
		<year>2008 Video</year>
	</meta>
	<link>
		<sublink>search</sublink>
		<sublink>searchsd</sublink>
	</link>
	<thumbnail>https://image.tmdb.org/t/p/w1280none</thumbnail>
	<fanart>https://image.tmdb.org/t/p/w1280none</fanart>
</item>
<item>
	<title>Insensibles (2012)</title>
	<meta>
		<content>movie</content>
		<imdb>tt1757769</imdb>
		<title>Insensibles</title>
		<year>2012</year>
	</meta>
	<link>
		<sublink>search</sublink>
		<sublink>searchsd</sublink>
	</link>
	<thumbnail>https://image.tmdb.org/t/p/w1280none</thumbnail>
	<fanart>https://image.tmdb.org/t/p/w1280none</fanart>
</item>
<item>
	<title>Bedlam (1946)</title>
	<meta>
		<content>movie</content>
		<imdb>tt0038343</imdb>
		<title>Bedlam</title>
		<year>1946</year>
	</meta>
	<link>
		<sublink>search</sublink>
		<sublink>searchsd</sublink>
	</link>
	<thumbnail>https://image.tmdb.org/t/p/w1280none</thumbnail>
	<fanart>https://image.tmdb.org/t/p/w1280none</fanart>
</item>
<item>
	<title>Psycho Ward (2007)</title>
	<meta>
		<content>movie</content>
		<imdb>tt1135781</imdb>
		<title>Psycho Ward</title>
		<year>2007</year>
	</meta>
	<link>
		<sublink>search</sublink>
		<sublink>searchsd</sublink>
	</link>
	<thumbnail>https://image.tmdb.org/t/p/w1280none</thumbnail>
	<fanart>https://image.tmdb.org/t/p/w1280none</fanart>
</item>
<item>
	<title>Spooked: The Ghosts of Waverly Hills Sanatorium (2006)</title>
	<meta>
		<content>movie</content>
		<imdb>tt0437484</imdb>
		<title>Spooked: The Ghosts of Waverly Hills Sanatorium</title>
		<year>2006</year>
	</meta>
	<link>
		<sublink>search</sublink>
		<sublink>searchsd</sublink>
	</link>
	<thumbnail>https://image.tmdb.org/t/p/w1280none</thumbnail>
	<fanart>https://image.tmdb.org/t/p/w1280none</fanart>
</item>
<item>
	<title>Tales That Witness Madness (1973)</title>
	<meta>
		<content>movie</content>
		<imdb>tt0070770</imdb>
		<title>Tales That Witness Madness</title>
		<year>1973</year>
	</meta>
	<link>
		<sublink>search</sublink>
		<sublink>searchsd</sublink>
	</link>
	<thumbnail>https://image.tmdb.org/t/p/w1280none</thumbnail>
	<fanart>https://image.tmdb.org/t/p/w1280none</fanart>
</item>
<item>
	<title>Breaking Dawn (2004)</title>
	<meta>
		<content>movie</content>
		<imdb>tt0366518</imdb>
		<title>Breaking Dawn</title>
		<year>2004</year>
	</meta>
	<link>
		<sublink>search</sublink>
		<sublink>searchsd</sublink>
	</link>
	<thumbnail>https://image.tmdb.org/t/p/w1280none</thumbnail>
	<fanart>https://image.tmdb.org/t/p/w1280none</fanart>
</item>
<item>
	<title>Rats (2003)</title>
	<meta>
		<content>movie</content>
		<imdb>tt0277986</imdb>
		<title>Rats</title>
		<year>2003</year>
	</meta>
	<link>
		<sublink>search</sublink>
		<sublink>searchsd</sublink>
	</link>
	<thumbnail>https://image.tmdb.org/t/p/w1280none</thumbnail>
	<fanart>https://image.tmdb.org/t/p/w1280none</fanart>
</item>
<item>
	<title>Room 33 (2009)</title>
	<meta>
		<content>movie</content>
		<imdb>tt1629375</imdb>
		<title>Room 33</title>
		<year>2009</year>
	</meta>
	<link>
		<sublink>search</sublink>
		<sublink>searchsd</sublink>
	</link>
	<thumbnail>https://image.tmdb.org/t/p/w1280none</thumbnail>
	<fanart>https://image.tmdb.org/t/p/w1280none</fanart>
</item>
<item>
	<title>The Jacket (2005)</title>
	<meta>
		<content>movie</content>
		<imdb>tt0366627</imdb>
		<title>The Jacket</title>
		<year>2005</year>
	</meta>
	<link>
		<sublink>search</sublink>
		<sublink>searchsd</sublink>
	</link>
	<thumbnail>https://image.tmdb.org/t/p/w1280none</thumbnail>
	<fanart>https://image.tmdb.org/t/p/w1280none</fanart>
</item>
<item>
	<title>A Taste of Evil (1971 TV Movie)</title>
	<meta>
		<content>movie</content>
		<imdb>tt0067828</imdb>
		<title>A Taste of Evil</title>
		<year>1971 TV Movie</year>
	</meta>
	<link>
		<sublink>search</sublink>
		<sublink>searchsd</sublink>
	</link>
	<thumbnail>https://image.tmdb.org/t/p/w1280none</thumbnail>
	<fanart>https://image.tmdb.org/t/p/w1280none</fanart>
</item>
<item>
	<title>The Ugly (1997)</title>
	<meta>
		<content>movie</content>
		<imdb>tt0120401</imdb>
		<title>The Ugly</title>
		<year>1997</year>
	</meta>
	<link>
		<sublink>search</sublink>
		<sublink>searchsd</sublink>
	</link>
	<thumbnail>https://image.tmdb.org/t/p/w1280none</thumbnail>
	<fanart>https://image.tmdb.org/t/p/w1280none</fanart>
</item>
<item>
	<title>Asylum (I) (1997)</title>
	<meta>
		<content>movie</content>
		<imdb>tt0115584</imdb>
		<title>Asylum</title>
		<year>I 1997</year>
	</meta>
	<link>
		<sublink>search</sublink>
		<sublink>searchsd</sublink>
	</link>
	<thumbnail>https://image.tmdb.org/t/p/w1280none</thumbnail>
	<fanart>https://image.tmdb.org/t/p/w1280none</fanart>
</item>
<item>
	<title>Hardgore (1976)</title>
	<meta>
		<content>movie</content>
		<imdb>tt0242506</imdb>
		<title>Hardgore</title>
		<year>1976</year>
	</meta>
	<link>
		<sublink>search</sublink>
		<sublink>searchsd</sublink>
	</link>
	<thumbnail>https://image.tmdb.org/t/p/w1280none</thumbnail>
	<fanart>https://image.tmdb.org/t/p/w1280none</fanart>
</item>
<item>
	<title>Xiao hun yu (1979)</title>
	<meta>
		<content>movie</content>
		<imdb>tt0079801</imdb>
		<title>Xiao hun yu</title>
		<year>1979</year>
	</meta>
	<link>
		<sublink>search</sublink>
		<sublink>searchsd</sublink>
	</link>
	<thumbnail>https://image.tmdb.org/t/p/w1280none</thumbnail>
	<fanart>https://image.tmdb.org/t/p/w1280none</fanart>
</item>
<item>
	<title>Disturbed (1990)</title>
	<meta>
		<content>movie</content>
		<imdb>tt0099441</imdb>
		<title>Disturbed</title>
		<year>1990</year>
	</meta>
	<link>
		<sublink>search</sublink>
		<sublink>searchsd</sublink>
	</link>
	<thumbnail>https://image.tmdb.org/t/p/w1280none</thumbnail>
	<fanart>https://image.tmdb.org/t/p/w1280none</fanart>
</item>
<item>
	<title>The Sender (1982)</title>
	<meta>
		<content>movie</content>
		<imdb>tt0084658</imdb>
		<title>The Sender</title>
		<year>1982</year>
	</meta>
	<link>
		<sublink>search</sublink>
		<sublink>searchsd</sublink>
	</link>
	<thumbnail>https://image.tmdb.org/t/p/w1280none</thumbnail>
	<fanart>https://image.tmdb.org/t/p/w1280none</fanart>
</item>
<item>
	<title>Hipnos (2004)</title>
	<meta>
		<content>movie</content>
		<imdb>tt0376650</imdb>
		<title>Hipnos</title>
		<year>2004</year>
	</meta>
	<link>
		<sublink>search</sublink>
		<sublink>searchsd</sublink>
	</link>
	<thumbnail>https://image.tmdb.org/t/p/w1280none</thumbnail>
	<fanart>https://image.tmdb.org/t/p/w1280none</fanart>
</item>
<item>
	<title>The Unearthly (1957)</title>
	<meta>
		<content>movie</content>
		<imdb>tt0051134</imdb>
		<title>The Unearthly</title>
		<year>1957</year>
	</meta>
	<link>
		<sublink>search</sublink>
		<sublink>searchsd</sublink>
	</link>
	<thumbnail>https://image.tmdb.org/t/p/w1280none</thumbnail>
	<fanart>https://image.tmdb.org/t/p/w1280none</fanart>
</item>
<item>
	<title>Shadows of the Mind (1980)</title>
	<meta>
		<content>movie</content>
		<imdb>tt0796605</imdb>
		<title>Shadows of the Mind</title>
		<year>1980</year>
	</meta>
	<link>
		<sublink>search</sublink>
		<sublink>searchsd</sublink>
	</link>
	<thumbnail>https://image.tmdb.org/t/p/w1280none</thumbnail>
	<fanart>https://image.tmdb.org/t/p/w1280none</fanart>
</item>
<item>
	<title>The Ninth Configuration (1980)</title>
	<meta>
		<content>movie</content>
		<imdb>tt0081237</imdb>
		<title>The Ninth Configuration</title>
		<year>1980</year>
	</meta>
	<link>
		<sublink>search</sublink>
		<sublink>searchsd</sublink>
	</link>
	<thumbnail>https://image.tmdb.org/t/p/w1280none</thumbnail>
	<fanart>https://image.tmdb.org/t/p/w1280none</fanart>
</item>
<item>
	<title>Exorcism's Daughter (1971)</title>
	<meta>
		<content>movie</content>
		<imdb>tt0067417</imdb>
		<title>Exorcism's Daughter</title>
		<year>1971</year>
	</meta>
	<link>
		<sublink>search</sublink>
		<sublink>searchsd</sublink>
	</link>
	<thumbnail>https://image.tmdb.org/t/p/w1280/oRT9twuCiBKXuqjt8B5ccF6ihZo.jpg</thumbnail>
	<fanart>https://image.tmdb.org/t/p/w1280none</fanart>
</item>
<item>
	<title>Pink Eye (2008)</title>
	<meta>
		<content>movie</content>
		<imdb>tt0958863</imdb>
		<title>Pink Eye</title>
		<year>2008</year>
	</meta>
	<link>
		<sublink>search</sublink>
		<sublink>searchsd</sublink>
	</link>
	<thumbnail>https://image.tmdb.org/t/p/w1280/tghgududx79ePPJQGV4gnLE9OkF.jpg</thumbnail>
	<fanart>https://image.tmdb.org/t/p/w1280none</fanart>
</item>
<item>
	<title>Frankenstein and the Monster from Hell (1974)</title>
	<meta>
		<content>movie</content>
		<imdb>tt0071519</imdb>
		<title>Frankenstein and the Monster from Hell</title>
		<year>1974</year>
	</meta>
	<link>
		<sublink>search</sublink>
		<sublink>searchsd</sublink>
	</link>
	<thumbnail>https://image.tmdb.org/t/p/w1280/8PuTDNLqFrzC3YGFyULiXOsDPwz.jpg</thumbnail>
	<fanart>https://image.tmdb.org/t/p/w1280/vtlQRFlfDibyw9AfKLz8fmuV6s6.jpg</fanart>
</item>
<item>
	<title>La mort mystxc3xa9rieuse de Nina Chxc3xa9reau (1988 TV Movie)</title>
	<meta>
		<content>movie</content>
		<imdb>tt0095689</imdb>
		<title>La mort mystxc3xa9rieuse de Nina Chxc3xa9reau</title>
		<year>1988 TV Movie</year>
	</meta>
	<link>
		<sublink>search</sublink>
		<sublink>searchsd</sublink>
	</link>
	<thumbnail>https://image.tmdb.org/t/p/w1280none</thumbnail>
	<fanart>https://image.tmdb.org/t/p/w1280none</fanart>
</item>
<item>
	<title>Happy Hell Night (1992)</title>
	<meta>
		<content>movie</content>
		<imdb>tt0236283</imdb>
		<title>Happy Hell Night</title>
		<year>1992</year>
	</meta>
	<link>
		<sublink>search</sublink>
		<sublink>searchsd</sublink>
	</link>
	<thumbnail>https://image.tmdb.org/t/p/w1280/hBQTmp3ghUhpdYdbSMPYq9BVxHW.jpg</thumbnail>
	<fanart>https://image.tmdb.org/t/p/w1280/sAUmFI4cT3hKSdEphENwGPYs4as.jpg</fanart>
</item>
<item>
	<title>Picture Mommy Dead (1966)</title>
	<meta>
		<content>movie</content>
		<imdb>tt0060831</imdb>
		<title>Picture Mommy Dead</title>
		<year>1966</year>
	</meta>
	<link>
		<sublink>search</sublink>
		<sublink>searchsd</sublink>
	</link>
	<thumbnail>https://image.tmdb.org/t/p/w1280/46fi49WRkQKlOIJb5uQdrQiyAME.jpg</thumbnail>
	<fanart>https://image.tmdb.org/t/p/w1280/pmkiRW5aprNGcTcEi3RrKBMryZG.jpg</fanart>
</item>
<item>
	<title>Nightmare (1964)</title>
	<meta>
		<content>movie</content>
		<imdb>tt0058405</imdb>
		<title>Nightmare</title>
		<year>1964</year>
	</meta>
	<link>
		<sublink>search</sublink>
		<sublink>searchsd</sublink>
	</link>
	<thumbnail>https://image.tmdb.org/t/p/w1280/fkRD7A47WQhyjIhJ3WSCPPCG5Ei.jpg</thumbnail>
	<fanart>https://image.tmdb.org/t/p/w1280/iECgoD959wO3fqIIUMjAxA5EObO.jpg</fanart>
</item>
<item>
	<title>Horrors of Malformed Men (1969)</title>
	<meta>
		<content>movie</content>
		<imdb>tt0142257</imdb>
		<title>Horrors of Malformed Men</title>
		<year>1969</year>
	</meta>
	<link>
		<sublink>search</sublink>
		<sublink>searchsd</sublink>
	</link>
	<thumbnail>https://image.tmdb.org/t/p/w1280/lAyfIRaKa0XQUrc7zcR7zD4dcZQ.jpg</thumbnail>
	<fanart>https://image.tmdb.org/t/p/w1280/gmAVGgIs8nFdTvH7MkBf5rctkvd.jpg</fanart>
</item>
<item>
	<title>Killer's Moon (1978)</title>
	<meta>
		<content>movie</content>
		<imdb>tt0077801</imdb>
		<title>Killer's Moon</title>
		<year>1978</year>
	</meta>
	<link>
		<sublink>search</sublink>
		<sublink>searchsd</sublink>
	</link>
	<thumbnail>https://image.tmdb.org/t/p/w1280/8rnYhWYSlfBA9irMzcuuJXz0oDm.jpg</thumbnail>
	<fanart>https://image.tmdb.org/t/p/w1280/wV1Pvr2xa1DDYbejQybRR5ARwyG.jpg</fanart>
</item>
<item>
	<title>The Mansion of Madness (1973)</title>
	<meta>
		<content>movie</content>
		<imdb>tt0068504</imdb>
		<title>The Mansion of Madness</title>
		<year>1973</year>
	</meta>
	<link>
		<sublink>search</sublink>
		<sublink>searchsd</sublink>
	</link>
	<thumbnail>https://image.tmdb.org/t/p/w1280/mpNZ6wrICo9dnfqG7Kd0PyShDZn.jpg</thumbnail>
	<fanart>https://image.tmdb.org/t/p/w1280none</fanart>
</item>
<item>
	<title>Dogura magura (1988)</title>
	<meta>
		<content>movie</content>
		<imdb>tt0223154</imdb>
		<title>Dogura magura</title>
		<year>1988</year>
	</meta>
	<link>
		<sublink>search</sublink>
		<sublink>searchsd</sublink>
	</link>
	<thumbnail>https://image.tmdb.org/t/p/w1280/1X1iCtdz3s5OiWnoA6elv3jm6z4.jpg</thumbnail>
	<fanart>https://image.tmdb.org/t/p/w1280none</fanart>
</item>
<item>
	<title>Silent Retreat (2016)</title>
	<meta>
		<content>movie</content>
		<imdb>tt3563892</imdb>
		<title>Silent Retreat</title>
		<year>2016</year>
	</meta>
	<link>
		<sublink>search</sublink>
		<sublink>searchsd</sublink>
	</link>
	<thumbnail>https://image.tmdb.org/t/p/w1280/uhmTH9v4NS75ld9IKe24RjyBBzM.jpg</thumbnail>
	<fanart>https://image.tmdb.org/t/p/w1280/1AiZXsMMZ94ssOjSmu5UuT91Zo5.jpg</fanart>
</item>
<item>
	<title>The Blackburn Asylum (2015)</title>
	<meta>
		<content>movie</content>
		<imdb>tt3386928</imdb>
		<title>The Blackburn Asylum</title>
		<year>2015</year>
	</meta>
	<link>
		<sublink>search</sublink>
		<sublink>searchsd</sublink>
	</link>
	<thumbnail>https://image.tmdb.org/t/p/w1280/9Qgeq3mtA0GmrqkhZpp931uLGbi.jpg</thumbnail>
	<fanart>https://image.tmdb.org/t/p/w1280/nO3mt23nsbJ8WgxAFSQcL8teYZv.jpg</fanart>
</item>
<item>
	<title>Night Train to Terror (1985)</title>
	<meta>
		<content>movie</content>
		<imdb>tt0087798</imdb>
		<title>Night Train to Terror</title>
		<year>1985</year>
	</meta>
	<link>
		<sublink>search</sublink>
		<sublink>searchsd</sublink>
	</link>
	<thumbnail>https://image.tmdb.org/t/p/w1280/hqIIacARCSgYVxV4PZiTmsbxgO1.jpg</thumbnail>
	<fanart>https://image.tmdb.org/t/p/w1280/yYAmwJa7igBqXCGbDzMglWfzOI5.jpg</fanart>
</item>
<item>
	<title>Psychotic (2012)</title>
	<meta>
		<content>movie</content>
		<imdb>tt2282703</imdb>
		<title>Psychotic</title>
		<year>2012</year>
	</meta>
	<link>
		<sublink>search</sublink>
		<sublink>searchsd</sublink>
	</link>
	<thumbnail>https://image.tmdb.org/t/p/w1280/6z4Nmtnw7xMIl6HNbcYxcJJTiL0.jpg</thumbnail>
	<fanart>https://image.tmdb.org/t/p/w1280/543zNvhOfjYJbctkSUSo9Pm7rgf.jpg</fanart>
</item>
<item>
	<title>The Hospital (2013)</title>
	<meta>
		<content>movie</content>
		<imdb>tt2390341</imdb>
		<title>The Hospital</title>
		<year>2013</year>
	</meta>
	<link>
		<sublink>search</sublink>
		<sublink>searchsd</sublink>
	</link>
	<thumbnail>https://image.tmdb.org/t/p/w1280/gaqNTMn1XVgCGDWgyU0t6efEiuI.jpg</thumbnail>
	<fanart>https://image.tmdb.org/t/p/w1280/i3mZfsT2k4fFkxpVmnAxyiKhvCB.jpg</fanart>
</item>
<item>
	<title>The Hospital 2 (2015)</title>
	<meta>
		<content>movie</content>
		<imdb>tt3718824</imdb>
		<title>The Hospital 2</title>
		<year>2015</year>
	</meta>
	<link>
		<sublink>search</sublink>
		<sublink>searchsd</sublink>
	</link>
	<thumbnail>https://image.tmdb.org/t/p/w1280/zthGmQJXjvV25lNFc2CBRhLm9Sq.jpg</thumbnail>
	<fanart>https://image.tmdb.org/t/p/w1280/nHW1dPk4FrYXzxr7Zqo54noR5vB.jpg</fanart>
</item>
<item>
	<title>Maniacts (2001)</title>
	<meta>
		<content>movie</content>
		<imdb>tt0285698</imdb>
		<title>Maniacts</title>
		<year>2001</year>
	</meta>
	<link>
		<sublink>search</sublink>
		<sublink>searchsd</sublink>
	</link>
	<thumbnail>https://image.tmdb.org/t/p/w1280/8ePXLqsui5Bc8340NnzwsO2USG0.jpg</thumbnail>
	<fanart>https://image.tmdb.org/t/p/w1280none</fanart>
</item>
<item>
	<title>Screaming Dead (2003 Video)</title>
	<meta>
		<content>movie</content>
		<imdb>tt0367014</imdb>
		<title>Screaming Dead</title>
		<year>2003 Video</year>
	</meta>
	<link>
		<sublink>search</sublink>
		<sublink>searchsd</sublink>
	</link>
	<thumbnail>https://image.tmdb.org/t/p/w1280/vPhVTQKmUy0WyxRhtv5WnWXb1lW.jpg</thumbnail>
	<fanart>https://image.tmdb.org/t/p/w1280none</fanart>
</item>
<item>
	<title>Asylum Night (2004 TV Movie)</title>
	<meta>
		<content>movie</content>
		<imdb>tt0439451</imdb>
		<title>Asylum Night</title>
		<year>2004 TV Movie</year>
	</meta>
	<link>
		<sublink>search</sublink>
		<sublink>searchsd</sublink>
	</link>
	<thumbnail>https://image.tmdb.org/t/p/w1280/yyxmNRP8fOXEKBq0sr398qWfRcC.jpg</thumbnail>
	<fanart>https://image.tmdb.org/t/p/w1280none</fanart>
</item>
<item>
	<title>Asylum (I) (2007)</title>
	<meta>
		<content>movie</content>
		<imdb>tt0412461</imdb>
		<title>Asylum</title>
		<year>I 2007</year>
	</meta>
	<link>
		<sublink>search</sublink>
		<sublink>searchsd</sublink>
	</link>
	<thumbnail>https://image.tmdb.org/t/p/w1280none</thumbnail>
	<fanart>https://image.tmdb.org/t/p/w1280none</fanart>
</item>
<item>
	<title>Hellborn (2003)</title>
	<meta>
		<content>movie</content>
		<imdb>tt0352394</imdb>
		<title>Hellborn</title>
		<year>2003</year>
	</meta>
	<link>
		<sublink>search</sublink>
		<sublink>searchsd</sublink>
	</link>
	<thumbnail>https://image.tmdb.org/t/p/w1280/gQibZHp1glnbltdLUKxWOSxEI4i.jpg</thumbnail>
	<fanart>https://image.tmdb.org/t/p/w1280/u1NArSWxLC3jSbFTXyBXjo1In4x.jpg</fanart>
</item>
<item>
	<title>Anak setan (2009)</title>
	<meta>
		<content>movie</content>
		<imdb>tt1431001</imdb>
		<title>Anak setan</title>
		<year>2009</year>
	</meta>
	<link>
		<sublink>search</sublink>
		<sublink>searchsd</sublink>
	</link>
	<thumbnail>https://image.tmdb.org/t/p/w1280/qBPkMjPD93bWsYoXi9GXjfRwKjL.jpg</thumbnail>
	<fanart>https://image.tmdb.org/t/p/w1280none</fanart>
</item>
<item>
	<title>Never Play with the Dead (2001)</title>
	<meta>
		<content>movie</content>
		<imdb>tt0399402</imdb>
		<title>Never Play with the Dead</title>
		<year>2001</year>
	</meta>
	<link>
		<sublink>search</sublink>
		<sublink>searchsd</sublink>
	</link>
	<thumbnail>https://image.tmdb.org/t/p/w1280/pXAZ3Z1BNEa5zi1MEHYgfIzgWkO.jpg</thumbnail>
	<fanart>https://image.tmdb.org/t/p/w1280none</fanart>
</item>
<item>
	<title>Strawberry Estates (2001)</title>
	<meta>
		<content>movie</content>
		<imdb>tt0120225</imdb>
		<title>Strawberry Estates</title>
		<year>2001</year>
	</meta>
	<link>
		<sublink>search</sublink>
		<sublink>searchsd</sublink>
	</link>
	<thumbnail>https://image.tmdb.org/t/p/w1280/ia9t27Hn0lr7OPIAUCXMCD1hxdX.jpg</thumbnail>
	<fanart>https://image.tmdb.org/t/p/w1280none</fanart>
</item>
<item>
	<title>The Devil's Toy Box (2017)</title>
	<meta>
		<content>movie</content>
		<imdb>tt4596052</imdb>
		<title>The Devil's Toy Box</title>
		<year>2017</year>
	</meta>
	<link>
		<sublink>search</sublink>
		<sublink>searchsd</sublink>
	</link>
	<thumbnail>https://image.tmdb.org/t/p/w1280/uwYjDI8wwWXJ2rwYfASaESZulpT.jpg</thumbnail>
	<fanart>https://image.tmdb.org/t/p/w1280none</fanart>
</item>
<item>
	<title>Medium Raw: Night of the Wolf (2010 TV Movie)</title>
	<meta>
		<content>movie</content>
		<imdb>tt0886515</imdb>
		<title>Medium Raw: Night of the Wolf</title>
		<year>2010 TV Movie</year>
	</meta>
	<link>
		<sublink>search</sublink>
		<sublink>searchsd</sublink>
	</link>
	<thumbnail>https://image.tmdb.org/t/p/w1280/34PllfGa9wnA1E6appBPvnaCZVu.jpg</thumbnail>
	<fanart>https://image.tmdb.org/t/p/w1280/9OGDjcTVxBYIHFIjGHtIodkhKQq.jpg</fanart>
</item>
<item>
	<title>Parasomnia (2008)</title>
	<meta>
		<content>movie</content>
		<imdb>tt0922547</imdb>
		<title>Parasomnia</title>
		<year>2008</year>
	</meta>
	<link>
		<sublink>search</sublink>
		<sublink>searchsd</sublink>
	</link>
	<thumbnail>https://image.tmdb.org/t/p/w1280/vq46s7xTxfTfqKXikOgvyT1x1lh.jpg</thumbnail>
	<fanart>https://image.tmdb.org/t/p/w1280/zReZHdJYqOKkIwnQZhp11BB1P1n.jpg</fanart>
</item>
<dir>
	<title>[COLOR white]Next Page >>[/COLOR]</title>
	<imdburl>list/ls025013844/?page=2</imdburl>
	<thumbnail>https://image.ibb.co/gtsNjw/next.png</thumbnail>
</dir>