<item>
    <title>The Bad Seed (1956)</title>
    <meta>
        <content>movie</content>
        <imdb>tt0048977</imdb>
        <title>The Bad Seed</title>
        <year>1956</year>
    </meta>
    <link>
        <sublink>search</sublink>
        <sublink>searchsd</sublink>
    </link>
    <thumbnail>https://image.tmdb.org/t/p/w1280/iAgSkpZslQ2s3onL9TaHbyWygtC.jpg</thumbnail>
    <fanart>https://image.tmdb.org/t/p/w1280/hdiCDITLt7KvJEWwnmq9ph1EP6W.jpg</fanart>
</item>
<item>
    <title>The Bad Seed (1985 TV Movie)</title>
    <meta>
        <content>movie</content>
        <imdb>tt0088766</imdb>
        <title>The Bad Seed</title>
        <year>1985 TV Movie</year>
    </meta>
    <link>
        <sublink>search</sublink>
        <sublink>searchsd</sublink>
    </link>
    <thumbnail>https://image.tmdb.org/t/p/w1280/1VdgnFSpLiMFAMi7EPHDq2XPnWh.jpg</thumbnail>
    <fanart>https://image.tmdb.org/t/p/w1280none</fanart>
</item>
<item>
    <title>Children of the Corn (1984)</title>
    <meta>
        <content>movie</content>
        <imdb>tt0087050</imdb>
        <title>Children of the Corn</title>
        <year>1984</year>
    </meta>
    <link>
        <sublink>search</sublink>
        <sublink>searchsd</sublink>
    </link>
    <thumbnail>https://image.tmdb.org/t/p/w1280/zH77CDSRPeYfZZJyyKSt84j62m8.jpg</thumbnail>
    <fanart>https://image.tmdb.org/t/p/w1280/hmTSp1aF9xG7uwM4f4YMUcLfVAa.jpg</fanart>
</item>
<item>
    <title>Children of the Corn II: The Final Sacrifice (1992)</title>
    <meta>
        <content>movie</content>
        <imdb>tt0106557</imdb>
        <title>Children of the Corn II: The Final Sacrifice</title>
        <year>1992</year>
    </meta>
    <link>
        <sublink>search</sublink>
        <sublink>searchsd</sublink>
    </link>
    <thumbnail>https://image.tmdb.org/t/p/w1280/9rTfoxrfQTW0ckNWVYrrR38Ztym.jpg</thumbnail>
    <fanart>https://image.tmdb.org/t/p/w1280/o2lvPXjltJBDqYxnYE52fYIEoUX.jpg</fanart>
</item>
<item>
    <title>Children of the Corn III: Urban Harvest (1995)</title>
    <meta>
        <content>movie</content>
        <imdb>tt0109415</imdb>
        <title>Children of the Corn III: Urban Harvest</title>
        <year>1995</year>
    </meta>
    <link>
        <sublink>search</sublink>
        <sublink>searchsd</sublink>
    </link>
    <thumbnail>https://image.tmdb.org/t/p/w1280/Ajp5lVNAW0Kfi3uUlCCpIri28B8.jpg</thumbnail>
    <fanart>https://image.tmdb.org/t/p/w1280/st1Nst7Lqt5FnpVcJ9je9MjTM9n.jpg</fanart>
</item>
<item>
    <title>Children of the Corn: The Gathering (1996 Video)</title>
    <meta>
        <content>movie</content>
        <imdb>tt0115885</imdb>
        <title>Children of the Corn: The Gathering</title>
        <year>1996 Video</year>
    </meta>
    <link>
        <sublink>search</sublink>
        <sublink>searchsd</sublink>
    </link>
    <thumbnail>https://image.tmdb.org/t/p/w1280/tRjeV9AZgCXGTqyvlp7Ui55Yb3l.jpg</thumbnail>
    <fanart>https://image.tmdb.org/t/p/w1280/nDlE10yY2kXla8SBtLvqz32LhTO.jpg</fanart>
</item>
<item>
    <title>Children of the Corn V: Fields of Terror (1998 Video)</title>
    <meta>
        <content>movie</content>
        <imdb>tt0150111</imdb>
        <title>Children of the Corn V: Fields of Terror</title>
        <year>1998 Video</year>
    </meta>
    <link>
        <sublink>search</sublink>
        <sublink>searchsd</sublink>
    </link>
    <thumbnail>https://image.tmdb.org/t/p/w1280/w3ZOi0jbHNEQ26MEt1X3XCJzBYe.jpg</thumbnail>
    <fanart>https://image.tmdb.org/t/p/w1280/frk5Gtc0f8M2TRkhDUkUI9L9jRu.jpg</fanart>
</item>
<item>
    <title>Children of the Corn 666: Isaac's Return (1999 Video)</title>
    <meta>
        <content>movie</content>
        <imdb>tt0177625</imdb>
        <title>Children of the Corn 666: Isaac's Return</title>
        <year>1999 Video</year>
    </meta>
    <link>
        <sublink>search</sublink>
        <sublink>searchsd</sublink>
    </link>
    <thumbnail>https://image.tmdb.org/t/p/w1280/cAoLi0dxRZwA20LUzTTGN3Xn39Y.jpg</thumbnail>
    <fanart>https://image.tmdb.org/t/p/w1280/d5kWreen18CsXW0yhwqevzEQStc.jpg</fanart>
</item>
<item>
    <title>Children of the Corn: Revelation (2001 Video)</title>
    <meta>
        <content>movie</content>
        <imdb>tt0279730</imdb>
        <title>Children of the Corn: Revelation</title>
        <year>2001 Video</year>
    </meta>
    <link>
        <sublink>search</sublink>
        <sublink>searchsd</sublink>
    </link>
    <thumbnail>https://image.tmdb.org/t/p/w1280/sL3ZaPFwgkfn9KuIsh861zsPX0Y.jpg</thumbnail>
    <fanart>https://image.tmdb.org/t/p/w1280/juRtFQk3zFX4V3W546ZOsKDOm0F.jpg</fanart>
</item>
<item>
    <title>Children of the Corn: Genesis (2011)</title>
    <meta>
        <content>movie</content>
        <imdb>tt1745672</imdb>
        <title>Children of the Corn: Genesis</title>
        <year>2011</year>
    </meta>
    <link>
        <sublink>search</sublink>
        <sublink>searchsd</sublink>
    </link>
    <thumbnail>https://image.tmdb.org/t/p/w1280/94Cc2YJMsCtezYRcmL1PyBNhE1y.jpg</thumbnail>
    <fanart>https://image.tmdb.org/t/p/w1280/uRDrnv4ZfalWYjH7sxyv4KOXWTb.jpg</fanart>
</item>
<item>
    <title>Children of the Corn (2009 TV Movie)</title>
    <meta>
        <content>movie</content>
        <imdb>tt1290135</imdb>
        <title>Children of the Corn</title>
        <year>2009 TV Movie</year>
    </meta>
    <link>
        <sublink>search</sublink>
        <sublink>searchsd</sublink>
    </link>
    <thumbnail>https://image.tmdb.org/t/p/w1280/uPN6jFFU3vpXE86Yjo6a3S5SNLx.jpg</thumbnail>
    <fanart>https://image.tmdb.org/t/p/w1280/iGWizVQUhJBN9rHA7oZlywFSdFC.jpg</fanart>
</item>
<item>
    <title>Orphan (2009)</title>
    <meta>
        <content>movie</content>
        <imdb>tt1148204</imdb>
        <title>Orphan</title>
        <year>2009</year>
    </meta>
    <link>
        <sublink>search</sublink>
        <sublink>searchsd</sublink>
    </link>
    <thumbnail>https://image.tmdb.org/t/p/w1280/52izb01N4y8JehddYlsxAKK18M9.jpg</thumbnail>
    <fanart>https://image.tmdb.org/t/p/w1280/4lgsLqm3H1G0pueeDwqzPJwqpQr.jpg</fanart>
</item>
<item>
    <title>Whisper (I) (2007)</title>
    <meta>
        <content>movie</content>
        <imdb>tt0435528</imdb>
        <title>Whisper</title>
        <year>I 2007</year>
    </meta>
    <link>
        <sublink>search</sublink>
        <sublink>searchsd</sublink>
    </link>
    <thumbnail>https://image.tmdb.org/t/p/w1280/8Rv4qeECuuFiz9JpqXHonovxZrq.jpg</thumbnail>
    <fanart>https://image.tmdb.org/t/p/w1280/s9C0cagB2y7OgIeRVdGp5gW1Cr0.jpg</fanart>
</item>
<item>
    <title>Joshua (2007)</title>
    <meta>
        <content>movie</content>
        <imdb>tt0808331</imdb>
        <title>Joshua</title>
        <year>2007</year>
    </meta>
    <link>
        <sublink>search</sublink>
        <sublink>searchsd</sublink>
    </link>
    <thumbnail>https://image.tmdb.org/t/p/w1280/idGGHskgOf71MabHLctbddQHkKZ.jpg</thumbnail>
    <fanart>https://image.tmdb.org/t/p/w1280/d0IG0BYKeUKKp61cBnzglwv824r.jpg</fanart>
</item>
<item>
    <title>The Omen (1976)</title>
    <meta>
        <content>movie</content>
        <imdb>tt0075005</imdb>
        <title>The Omen</title>
        <year>1976</year>
    </meta>
    <link>
        <sublink>search</sublink>
        <sublink>searchsd</sublink>
    </link>
    <thumbnail>https://image.tmdb.org/t/p/w1280/uY14zS4Sm2DdvFXeczFKgLgkQUP.jpg</thumbnail>
    <fanart>https://image.tmdb.org/t/p/w1280/zme4RH7DVdRSGrTk7bNvcGGywAW.jpg</fanart>
</item>
<item>
    <title>Damien: Omen II (1978)</title>
    <meta>
        <content>movie</content>
        <imdb>tt0077394</imdb>
        <title>Damien: Omen II</title>
        <year>1978</year>
    </meta>
    <link>
        <sublink>search</sublink>
        <sublink>searchsd</sublink>
    </link>
    <thumbnail>https://image.tmdb.org/t/p/w1280/gXpCjRUqgWDxufXqt34qyVweJnQ.jpg</thumbnail>
    <fanart>https://image.tmdb.org/t/p/w1280/2uvFzhyfiUihVhvkryhyojjAc99.jpg</fanart>
</item>
<item>
    <title>Omen IV: The Awakening (1991 TV Movie)</title>
    <meta>
        <content>movie</content>
        <imdb>tt0102585</imdb>
        <title>Omen IV: The Awakening</title>
        <year>1991 TV Movie</year>
    </meta>
    <link>
        <sublink>search</sublink>
        <sublink>searchsd</sublink>
    </link>
    <thumbnail>https://image.tmdb.org/t/p/w1280/qHXmILIvJkV1sobBGSwbjt40sLh.jpg</thumbnail>
    <fanart>https://image.tmdb.org/t/p/w1280/1GxLeuHamnq4f2MTd1qbVAYLj4D.jpg</fanart>
</item>
<item>
    <title>The Omen (2006)</title>
    <meta>
        <content>movie</content>
        <imdb>tt0466909</imdb>
        <title>The Omen</title>
        <year>2006</year>
    </meta>
    <link>
        <sublink>search</sublink>
        <sublink>searchsd</sublink>
    </link>
    <thumbnail>https://image.tmdb.org/t/p/w1280/kqKHg1qXuaIOhnKmPEF1GLzGrOY.jpg</thumbnail>
    <fanart>https://image.tmdb.org/t/p/w1280/th9XO3SKdELxJ4PjPny0fXxCQmk.jpg</fanart>
</item>
<item>
    <title>Who Can Kill a Child? (1976)</title>
    <meta>
        <content>movie</content>
        <imdb>tt0075462</imdb>
        <title>Who Can Kill a Child?</title>
        <year>1976</year>
    </meta>
    <link>
        <sublink>search</sublink>
        <sublink>searchsd</sublink>
    </link>
    <thumbnail>https://image.tmdb.org/t/p/w1280/wMdBn0MRGFl1htdRMQ3Y7H93qoA.jpg</thumbnail>
    <fanart>https://image.tmdb.org/t/p/w1280/kjkc9mV73x5qF2AJbdEv4AHRIR4.jpg</fanart>
</item>
<item>
    <title>The Children (2008)</title>
    <meta>
        <content>movie</content>
        <imdb>tt1172571</imdb>
        <title>The Children</title>
        <year>2008</year>
    </meta>
    <link>
        <sublink>search</sublink>
        <sublink>searchsd</sublink>
    </link>
    <thumbnail>https://image.tmdb.org/t/p/w1280/xWfWWbVOFJjOZpZTiK9tTwr67oI.jpg</thumbnail>
    <fanart>https://image.tmdb.org/t/p/w1280/s9T78pgw9cimdSqtqZM3YZQ9kGI.jpg</fanart>
</item>
<item>
    <title>The Children (1980)</title>
    <meta>
        <content>movie</content>
        <imdb>tt0080527</imdb>
        <title>The Children</title>
        <year>1980</year>
    </meta>
    <link>
        <sublink>search</sublink>
        <sublink>searchsd</sublink>
    </link>
    <thumbnail>https://image.tmdb.org/t/p/w1280/6e3PymicmIMMTmG2Z4EFZmM2CMn.jpg</thumbnail>
    <fanart>https://image.tmdb.org/t/p/w1280/6OaEY59o9Ke1RPbxAHuoE7lCmQe.jpg</fanart>
</item>
<item>
    <title>Come Out and Play (I) (2012)</title>
    <meta>
        <content>movie</content>
        <imdb>tt2341664</imdb>
        <title>Come Out and Play</title>
        <year>I 2012</year>
    </meta>
    <link>
        <sublink>search</sublink>
        <sublink>searchsd</sublink>
    </link>
    <thumbnail>https://image.tmdb.org/t/p/w1280/Wsz4F4HaI1GzQdJ4ZG6MZpODaA.jpg</thumbnail>
    <fanart>https://image.tmdb.org/t/p/w1280/lQ8ciQJ6IfZ5f8Ja8oEVgyVhSuA.jpg</fanart>
</item>
<item>
    <title>Devil Times Five (1974)</title>
    <meta>
        <content>movie</content>
        <imdb>tt0071413</imdb>
        <title>Devil Times Five</title>
        <year>1974</year>
    </meta>
    <link>
        <sublink>search</sublink>
        <sublink>searchsd</sublink>
    </link>
    <thumbnail>https://image.tmdb.org/t/p/w1280/vsSechjeYHeaPPKWLrAELOsif0D.jpg</thumbnail>
    <fanart>https://image.tmdb.org/t/p/w1280/r4BZiDHLURefu9oWsggPlrAEkHj.jpg</fanart>
</item>
<item>
    <title>Bloody Birthday (1981)</title>
    <meta>
        <content>movie</content>
        <imdb>tt0082084</imdb>
        <title>Bloody Birthday</title>
        <year>1981</year>
    </meta>
    <link>
        <sublink>search</sublink>
        <sublink>searchsd</sublink>
    </link>
    <thumbnail>https://image.tmdb.org/t/p/w1280/t9dJvIEj2yYUhNK2jHU5qJZcJKm.jpg</thumbnail>
    <fanart>https://image.tmdb.org/t/p/w1280/uad7w99Amgi7QJl55iKyOGSdp54.jpg</fanart>
</item>
<item>
    <title>The Pit (1981)</title>
    <meta>
        <content>movie</content>
        <imdb>tt0086113</imdb>
        <title>The Pit</title>
        <year>1981</year>
    </meta>
    <link>
        <sublink>search</sublink>
        <sublink>searchsd</sublink>
    </link>
    <thumbnail>https://image.tmdb.org/t/p/w1280/lVrCPMeQY3XMPtRJrXwfUkSePcf.jpg</thumbnail>
    <fanart>https://image.tmdb.org/t/p/w1280/lsYaqcXnrIR4Rvb1cnxusqmRMSC.jpg</fanart>
</item>
<item>
    <title>Salem's Lot (1979 TV Movie)</title>
    <meta>
        <content>movie</content>
        <imdb>tt0079844</imdb>
        <title>Salem's Lot</title>
        <year>1979 TV Movie</year>
    </meta>
    <link>
        <sublink>search</sublink>
        <sublink>searchsd</sublink>
    </link>
    <thumbnail>https://image.tmdb.org/t/p/w1280none</thumbnail>
    <fanart>https://image.tmdb.org/t/p/w1280none</fanart>
</item>
<item>
    <title>Halloween (1978)</title>
    <meta>
        <content>movie</content>
        <imdb>tt0077651</imdb>
        <title>Halloween</title>
        <year>1978</year>
    </meta>
    <link>
        <sublink>search</sublink>
        <sublink>searchsd</sublink>
    </link>
    <thumbnail>https://image.tmdb.org/t/p/w1280/vjoOFOTBJcJvA1weJejlZ92LZD4.jpg</thumbnail>
    <fanart>https://image.tmdb.org/t/p/w1280/6Io0gvfEVpMQsB46yXOKCpSJOoJ.jpg</fanart>
</item>
<item>
    <title>Halloween (2007)</title>
    <meta>
        <content>movie</content>
        <imdb>tt0373883</imdb>
        <title>Halloween</title>
        <year>2007</year>
    </meta>
    <link>
        <sublink>search</sublink>
        <sublink>searchsd</sublink>
    </link>
    <thumbnail>https://image.tmdb.org/t/p/w1280/9CPYBA1Fq5BdCmViSPyfPiBOcTH.jpg</thumbnail>
    <fanart>https://image.tmdb.org/t/p/w1280/ewk1RjLDX4zynDZFGcDLHWblAbH.jpg</fanart>
</item>
<item>
    <title>The Exorcist (1973)</title>
    <meta>
        <content>movie</content>
        <imdb>tt0070047</imdb>
        <title>The Exorcist</title>
        <year>1973</year>
    </meta>
    <link>
        <sublink>search</sublink>
        <sublink>searchsd</sublink>
    </link>
    <thumbnail>https://image.tmdb.org/t/p/w1280/mBLSuXTAJExUFdqYFgZro7Y9ZDG.jpg</thumbnail>
    <fanart>https://image.tmdb.org/t/p/w1280/unBJ0rZsL2kzs11FliadlDyv6ji.jpg</fanart>
</item>
<item>
    <title>The Good Son (1993)</title>
    <meta>
        <content>movie</content>
        <imdb>tt0107034</imdb>
        <title>The Good Son</title>
        <year>1993</year>
    </meta>
    <link>
        <sublink>search</sublink>
        <sublink>searchsd</sublink>
    </link>
    <thumbnail>https://image.tmdb.org/t/p/w1280/813ZVK1ox32vr3FexdTlv9PHFD6.jpg</thumbnail>
    <fanart>https://image.tmdb.org/t/p/w1280/kwd056hcmMluIPaQ427Rp4qlxbI.jpg</fanart>
</item>
<item>
    <title>The Innocents (1961)</title>
    <meta>
        <content>movie</content>
        <imdb>tt0055018</imdb>
        <title>The Innocents</title>
        <year>1961</year>
    </meta>
    <link>
        <sublink>search</sublink>
        <sublink>searchsd</sublink>
    </link>
    <thumbnail>https://image.tmdb.org/t/p/w1280/qdSlJ3lZITHDva5EI4lQHidZbf5.jpg</thumbnail>
    <fanart>https://image.tmdb.org/t/p/w1280/bgJuEW5Mb8SeeNobBkQa6u5kA7D.jpg</fanart>
</item>
<item>
    <title>Kill, Baby... Kill! (1966)</title>
    <meta>
        <content>movie</content>
        <imdb>tt0060794</imdb>
        <title>Kill, Baby... Kill!</title>
        <year>1966</year>
    </meta>
    <link>
        <sublink>search</sublink>
        <sublink>searchsd</sublink>
    </link>
    <thumbnail>https://image.tmdb.org/t/p/w1280/fyGzcMVf8iospgEtBoZkvO9j9Vr.jpg</thumbnail>
    <fanart>https://image.tmdb.org/t/p/w1280/8CD85FGgFYaZZ5EuyJnEoLMfoKw.jpg</fanart>
</item>
<item>
    <title>Bereavement (2010)</title>
    <meta>
        <content>movie</content>
        <imdb>tt1100051</imdb>
        <title>Bereavement</title>
        <year>2010</year>
    </meta>
    <link>
        <sublink>search</sublink>
        <sublink>searchsd</sublink>
    </link>
    <thumbnail>https://image.tmdb.org/t/p/w1280/jMMOIVcFtCDUsNjJo1t1Wl5d3CJ.jpg</thumbnail>
    <fanart>https://image.tmdb.org/t/p/w1280/59kvQ7mtI4n0MMUxSBpSm8jHruN.jpg</fanart>
</item>
<item>
    <title>Them (2006)</title>
    <meta>
        <content>movie</content>
        <imdb>tt0465203</imdb>
        <title>Them</title>
        <year>2006</year>
    </meta>
    <link>
        <sublink>search</sublink>
        <sublink>searchsd</sublink>
    </link>
    <thumbnail>https://image.tmdb.org/t/p/w1280/A8NOBA3Zhb8RdEi1dBfX6pONs8n.jpg</thumbnail>
    <fanart>https://image.tmdb.org/t/p/w1280/9jtGyktD3jQoJPGMcA4zIiqZNWk.jpg</fanart>
</item>
<item>
    <title>The Ring (2002)</title>
    <meta>
        <content>movie</content>
        <imdb>tt0298130</imdb>
        <title>The Ring</title>
        <year>2002</year>
    </meta>
    <link>
        <sublink>search</sublink>
        <sublink>searchsd</sublink>
    </link>
    <thumbnail>https://image.tmdb.org/t/p/w1280/zHJFdhqEXZJxG653oZvOM3PmNON.jpg</thumbnail>
    <fanart>https://image.tmdb.org/t/p/w1280/gRQucG6XnNgSQn863V5ho50J3hx.jpg</fanart>
</item>
<item>
    <title>The Brood (1979)</title>
    <meta>
        <content>movie</content>
        <imdb>tt0078908</imdb>
        <title>The Brood</title>
        <year>1979</year>
    </meta>
    <link>
        <sublink>search</sublink>
        <sublink>searchsd</sublink>
    </link>
    <thumbnail>https://image.tmdb.org/t/p/w1280/dptqBZfp0xnBS9qGFwlYhpCb06S.jpg</thumbnail>
    <fanart>https://image.tmdb.org/t/p/w1280/aqptjqKcTJjZKUxcqCKBoJz90QR.jpg</fanart>
</item>
<item>
    <title>Village of the Damned (1960)</title>
    <meta>
        <content>movie</content>
        <imdb>tt0054443</imdb>
        <title>Village of the Damned</title>
        <year>1960</year>
    </meta>
    <link>
        <sublink>search</sublink>
        <sublink>searchsd</sublink>
    </link>
    <thumbnail>https://image.tmdb.org/t/p/w1280/aDrN9hVBFUQ7jpZvupfDeCHVcar.jpg</thumbnail>
    <fanart>https://image.tmdb.org/t/p/w1280/hst6rzlpDLxFM4gp1x41iFE1AmJ.jpg</fanart>
</item>
<item>
    <title>Children of the Damned (1964)</title>
    <meta>
        <content>movie</content>
        <imdb>tt0056931</imdb>
        <title>Children of the Damned</title>
        <year>1964</year>
    </meta>
    <link>
        <sublink>search</sublink>
        <sublink>searchsd</sublink>
    </link>
    <thumbnail>https://image.tmdb.org/t/p/w1280/fjIiCQJRIpJTGUW4A8jSPqIIkH1.jpg</thumbnail>
    <fanart>https://image.tmdb.org/t/p/w1280/66hWBsiiKxp0lmFXvuO5vixZaJD.jpg</fanart>
</item>
<item>
    <title>Village of the Damned (1995)</title>
    <meta>
        <content>movie</content>
        <imdb>tt0114852</imdb>
        <title>Village of the Damned</title>
        <year>1995</year>
    </meta>
    <link>
        <sublink>search</sublink>
        <sublink>searchsd</sublink>
    </link>
    <thumbnail>https://image.tmdb.org/t/p/w1280/iwmI6kZWPJ9TYC4PJ0fi80TNFx5.jpg</thumbnail>
    <fanart>https://image.tmdb.org/t/p/w1280/5OcRgYf28xjZhnSt9rIOJE490L8.jpg</fanart>
</item>
<item>
    <title>Pet Sematary (1989)</title>
    <meta>
        <content>movie</content>
        <imdb>tt0098084</imdb>
        <title>Pet Sematary</title>
        <year>1989</year>
    </meta>
    <link>
        <sublink>search</sublink>
        <sublink>searchsd</sublink>
    </link>
    <thumbnail>https://image.tmdb.org/t/p/w1280/9zUax4pjRgoPIJla9CQejqNJofB.jpg</thumbnail>
    <fanart>https://image.tmdb.org/t/p/w1280/cmzp7nnHQzj5etaTmpKXvowQdOZ.jpg</fanart>
</item>
<item>
    <title>Dead of Night (1977 TV Movie)</title>
    <meta>
        <content>movie</content>
        <imdb>tt0075917</imdb>
        <title>Dead of Night</title>
        <year>1977 TV Movie</year>
    </meta>
    <link>
        <sublink>search</sublink>
        <sublink>searchsd</sublink>
    </link>
    <thumbnail>https://image.tmdb.org/t/p/w1280none</thumbnail>
    <fanart>https://image.tmdb.org/t/p/w1280none</fanart>
</item>
<item>
    <title>Trilogy of Terror II (1996 TV Movie)</title>
    <meta>
        <content>movie</content>
        <imdb>tt0117966</imdb>
        <title>Trilogy of Terror II</title>
        <year>1996 TV Movie</year>
    </meta>
    <link>
        <sublink>search</sublink>
        <sublink>searchsd</sublink>
    </link>
    <thumbnail>https://image.tmdb.org/t/p/w1280none</thumbnail>
    <fanart>https://image.tmdb.org/t/p/w1280none</fanart>
</item>
<item>
    <title>The Orphanage (2007)</title>
    <meta>
        <content>movie</content>
        <imdb>tt0464141</imdb>
        <title>The Orphanage</title>
        <year>2007</year>
    </meta>
    <link>
        <sublink>search</sublink>
        <sublink>searchsd</sublink>
    </link>
    <thumbnail>https://image.tmdb.org/t/p/w1280none</thumbnail>
    <fanart>https://image.tmdb.org/t/p/w1280none</fanart>
</item>
<item>
    <title>Let the Right One In (2008)</title>
    <meta>
        <content>movie</content>
        <imdb>tt1139797</imdb>
        <title>Let the Right One In</title>
        <year>2008</year>
    </meta>
    <link>
        <sublink>search</sublink>
        <sublink>searchsd</sublink>
    </link>
    <thumbnail>https://image.tmdb.org/t/p/w1280none</thumbnail>
    <fanart>https://image.tmdb.org/t/p/w1280none</fanart>
</item>
<item>
    <title>Let Me In (I) (2010)</title>
    <meta>
        <content>movie</content>
        <imdb>tt1228987</imdb>
        <title>Let Me In</title>
        <year>I 2010</year>
    </meta>
    <link>
        <sublink>search</sublink>
        <sublink>searchsd</sublink>
    </link>
    <thumbnail>https://image.tmdb.org/t/p/w1280none</thumbnail>
    <fanart>https://image.tmdb.org/t/p/w1280none</fanart>
</item>
<item>
    <title>Babysitter Wanted (2008)</title>
    <meta>
        <content>movie</content>
        <imdb>tt0819755</imdb>
        <title>Babysitter Wanted</title>
        <year>2008</year>
    </meta>
    <link>
        <sublink>search</sublink>
        <sublink>searchsd</sublink>
    </link>
    <thumbnail>https://image.tmdb.org/t/p/w1280none</thumbnail>
    <fanart>https://image.tmdb.org/t/p/w1280none</fanart>
</item>
<item>
    <title>Mikey (1992)</title>
    <meta>
        <content>movie</content>
        <imdb>tt0104870</imdb>
        <title>Mikey</title>
        <year>1992</year>
    </meta>
    <link>
        <sublink>search</sublink>
        <sublink>searchsd</sublink>
    </link>
    <thumbnail>https://image.tmdb.org/t/p/w1280none</thumbnail>
    <fanart>https://image.tmdb.org/t/p/w1280none</fanart>
</item>
<item>
    <title>666: The Child (2006)</title>
    <meta>
        <content>movie</content>
        <imdb>tt0783492</imdb>
        <title>666: The Child</title>
        <year>2006</year>
    </meta>
    <link>
        <sublink>search</sublink>
        <sublink>searchsd</sublink>
    </link>
    <thumbnail>https://image.tmdb.org/t/p/w1280none</thumbnail>
    <fanart>https://image.tmdb.org/t/p/w1280none</fanart>
</item>
<item>
    <title>Case 39 (2009)</title>
    <meta>
        <content>movie</content>
        <imdb>tt0795351</imdb>
        <title>Case 39</title>
        <year>2009</year>
    </meta>
    <link>
        <sublink>search</sublink>
        <sublink>searchsd</sublink>
    </link>
    <thumbnail>https://image.tmdb.org/t/p/w1280none</thumbnail>
    <fanart>https://image.tmdb.org/t/p/w1280none</fanart>
</item>
<item>
    <title>The Little Girl Who Lives Down the Lane (1976)</title>
    <meta>
        <content>movie</content>
        <imdb>tt0074806</imdb>
        <title>The Little Girl Who Lives Down the Lane</title>
        <year>1976</year>
    </meta>
    <link>
        <sublink>search</sublink>
        <sublink>searchsd</sublink>
    </link>
    <thumbnail>https://image.tmdb.org/t/p/w1280none</thumbnail>
    <fanart>https://image.tmdb.org/t/p/w1280none</fanart>
</item>
<item>
    <title>The Daisy Chain (2008)</title>
    <meta>
        <content>movie</content>
        <imdb>tt1129415</imdb>
        <title>The Daisy Chain</title>
        <year>2008</year>
    </meta>
    <link>
        <sublink>search</sublink>
        <sublink>searchsd</sublink>
    </link>
    <thumbnail>https://image.tmdb.org/t/p/w1280none</thumbnail>
    <fanart>https://image.tmdb.org/t/p/w1280none</fanart>
</item>
<item>
    <title>Alice Sweet Alice (1976)</title>
    <meta>
        <content>movie</content>
        <imdb>tt0076150</imdb>
        <title>Alice Sweet Alice</title>
        <year>1976</year>
    </meta>
    <link>
        <sublink>search</sublink>
        <sublink>searchsd</sublink>
    </link>
    <thumbnail>https://image.tmdb.org/t/p/w1280none</thumbnail>
    <fanart>https://image.tmdb.org/t/p/w1280none</fanart>
</item>
<item>
    <title>What the Peeper Saw (1972)</title>
    <meta>
        <content>movie</content>
        <imdb>tt0067489</imdb>
        <title>What the Peeper Saw</title>
        <year>1972</year>
    </meta>
    <link>
        <sublink>search</sublink>
        <sublink>searchsd</sublink>
    </link>
    <thumbnail>https://image.tmdb.org/t/p/w1280none</thumbnail>
    <fanart>https://image.tmdb.org/t/p/w1280none</fanart>
</item>
<item>
    <title>The Child (1977)</title>
    <meta>
        <content>movie</content>
        <imdb>tt0075838</imdb>
        <title>The Child</title>
        <year>1977</year>
    </meta>
    <link>
        <sublink>search</sublink>
        <sublink>searchsd</sublink>
    </link>
    <thumbnail>https://image.tmdb.org/t/p/w1280none</thumbnail>
    <fanart>https://image.tmdb.org/t/p/w1280none</fanart>
</item>
<item>
    <title>Beware: Children at Play (1989)</title>
    <meta>
        <content>movie</content>
        <imdb>tt0112492</imdb>
        <title>Beware: Children at Play</title>
        <year>1989</year>
    </meta>
    <link>
        <sublink>search</sublink>
        <sublink>searchsd</sublink>
    </link>
    <thumbnail>https://image.tmdb.org/t/p/w1280none</thumbnail>
    <fanart>https://image.tmdb.org/t/p/w1280none</fanart>
</item>
<item>
    <title>Eden Lake (2008)</title>
    <meta>
        <content>movie</content>
        <imdb>tt1020530</imdb>
        <title>Eden Lake</title>
        <year>2008</year>
    </meta>
    <link>
        <sublink>search</sublink>
        <sublink>searchsd</sublink>
    </link>
    <thumbnail>https://image.tmdb.org/t/p/w1280none</thumbnail>
    <fanart>https://image.tmdb.org/t/p/w1280none</fanart>
</item>
<item>
    <title>Possessed (2000 TV Movie)</title>
    <meta>
        <content>movie</content>
        <imdb>tt0195165</imdb>
        <title>Possessed</title>
        <year>2000 TV Movie</year>
    </meta>
    <link>
        <sublink>search</sublink>
        <sublink>searchsd</sublink>
    </link>
    <thumbnail>https://image.tmdb.org/t/p/w1280none</thumbnail>
    <fanart>https://image.tmdb.org/t/p/w1280none</fanart>
</item>
<item>
    <title>Afraid of the Dark (1991)</title>
    <meta>
        <content>movie</content>
        <imdb>tt0101276</imdb>
        <title>Afraid of the Dark</title>
        <year>1991</year>
    </meta>
    <link>
        <sublink>search</sublink>
        <sublink>searchsd</sublink>
    </link>
    <thumbnail>https://image.tmdb.org/t/p/w1280none</thumbnail>
    <fanart>https://image.tmdb.org/t/p/w1280none</fanart>
</item>
<item>
    <title>The Calling (2000)</title>
    <meta>
        <content>movie</content>
        <imdb>tt0218067</imdb>
        <title>The Calling</title>
        <year>2000</year>
    </meta>
    <link>
        <sublink>search</sublink>
        <sublink>searchsd</sublink>
    </link>
    <thumbnail>https://image.tmdb.org/t/p/w1280none</thumbnail>
    <fanart>https://image.tmdb.org/t/p/w1280none</fanart>
</item>
<item>
    <title>Trick 'r Treat (2007)</title>
    <meta>
        <content>movie</content>
        <imdb>tt0862856</imdb>
        <title>Trick 'r Treat</title>
        <year>2007</year>
    </meta>
    <link>
        <sublink>search</sublink>
        <sublink>searchsd</sublink>
    </link>
    <thumbnail>https://image.tmdb.org/t/p/w1280none</thumbnail>
    <fanart>https://image.tmdb.org/t/p/w1280none</fanart>
</item>
<item>
    <title>Leatherface: Texas Chainsaw Massacre III (1990)</title>
    <meta>
        <content>movie</content>
        <imdb>tt0099994</imdb>
        <title>Leatherface: Texas Chainsaw Massacre III</title>
        <year>1990</year>
    </meta>
    <link>
        <sublink>search</sublink>
        <sublink>searchsd</sublink>
    </link>
    <thumbnail>https://image.tmdb.org/t/p/w1280none</thumbnail>
    <fanart>https://image.tmdb.org/t/p/w1280none</fanart>
</item>
<item>
    <title>The Blood on Satan's Claw (1971)</title>
    <meta>
        <content>movie</content>
        <imdb>tt0066849</imdb>
        <title>The Blood on Satan's Claw</title>
        <year>1971</year>
    </meta>
    <link>
        <sublink>search</sublink>
        <sublink>searchsd</sublink>
    </link>
    <thumbnail>https://image.tmdb.org/t/p/w1280none</thumbnail>
    <fanart>https://image.tmdb.org/t/p/w1280none</fanart>
</item>
<item>
    <title>The Brotherhood of Satan (1971)</title>
    <meta>
        <content>movie</content>
        <imdb>tt0066863</imdb>
        <title>The Brotherhood of Satan</title>
        <year>1971</year>
    </meta>
    <link>
        <sublink>search</sublink>
        <sublink>searchsd</sublink>
    </link>
    <thumbnail>https://image.tmdb.org/t/p/w1280none</thumbnail>
    <fanart>https://image.tmdb.org/t/p/w1280none</fanart>
</item>
<item>
    <title>The Other (1972)</title>
    <meta>
        <content>movie</content>
        <imdb>tt0069050</imdb>
        <title>The Other</title>
        <year>1972</year>
    </meta>
    <link>
        <sublink>search</sublink>
        <sublink>searchsd</sublink>
    </link>
    <thumbnail>https://image.tmdb.org/t/p/w1280none</thumbnail>
    <fanart>https://image.tmdb.org/t/p/w1280none</fanart>
</item>
<item>
    <title>Rosemary's Baby (1968)</title>
    <meta>
        <content>movie</content>
        <imdb>tt0063522</imdb>
        <title>Rosemary's Baby</title>
        <year>1968</year>
    </meta>
    <link>
        <sublink>search</sublink>
        <sublink>searchsd</sublink>
    </link>
    <thumbnail>https://image.tmdb.org/t/p/w1280none</thumbnail>
    <fanart>https://image.tmdb.org/t/p/w1280none</fanart>
</item>
<item>
    <title>It's Alive (1974)</title>
    <meta>
        <content>movie</content>
        <imdb>tt0071675</imdb>
        <title>It's Alive</title>
        <year>1974</year>
    </meta>
    <link>
        <sublink>search</sublink>
        <sublink>searchsd</sublink>
    </link>
    <thumbnail>https://image.tmdb.org/t/p/w1280none</thumbnail>
    <fanart>https://image.tmdb.org/t/p/w1280none</fanart>
</item>
<item>
    <title>It Lives Again (1978)</title>
    <meta>
        <content>movie</content>
        <imdb>tt0077756</imdb>
        <title>It Lives Again</title>
        <year>1978</year>
    </meta>
    <link>
        <sublink>search</sublink>
        <sublink>searchsd</sublink>
    </link>
    <thumbnail>https://image.tmdb.org/t/p/w1280none</thumbnail>
    <fanart>https://image.tmdb.org/t/p/w1280none</fanart>
</item>
<item>
    <title>It's Alive (2008)</title>
    <meta>
        <content>movie</content>
        <imdb>tt1172060</imdb>
        <title>It's Alive</title>
        <year>2008</year>
    </meta>
    <link>
        <sublink>search</sublink>
        <sublink>searchsd</sublink>
    </link>
    <thumbnail>https://image.tmdb.org/t/p/w1280none</thumbnail>
    <fanart>https://image.tmdb.org/t/p/w1280none</fanart>
</item>
<item>
    <title>Paranormal Activity 4 (2012)</title>
    <meta>
        <content>movie</content>
        <imdb>tt2109184</imdb>
        <title>Paranormal Activity 4</title>
        <year>2012</year>
    </meta>
    <link>
        <sublink>search</sublink>
        <sublink>searchsd</sublink>
    </link>
    <thumbnail>https://image.tmdb.org/t/p/w1280none</thumbnail>
    <fanart>https://image.tmdb.org/t/p/w1280none</fanart>
</item>
<item>
    <title>Sharon's Baby (1975)</title>
    <meta>
        <content>movie</content>
        <imdb>tt0072867</imdb>
        <title>Sharon's Baby</title>
        <year>1975</year>
    </meta>
    <link>
        <sublink>search</sublink>
        <sublink>searchsd</sublink>
    </link>
    <thumbnail>https://image.tmdb.org/t/p/w1280none</thumbnail>
    <fanart>https://image.tmdb.org/t/p/w1280none</fanart>
</item>
<item>
    <title>All the Kind Strangers (1974 TV Movie)</title>
    <meta>
        <content>movie</content>
        <imdb>tt0071120</imdb>
        <title>All the Kind Strangers</title>
        <year>1974 TV Movie</year>
    </meta>
    <link>
        <sublink>search</sublink>
        <sublink>searchsd</sublink>
    </link>
    <thumbnail>https://image.tmdb.org/t/p/w1280none</thumbnail>
    <fanart>https://image.tmdb.org/t/p/w1280none</fanart>
</item>
<item>
    <title>Grace (III) (2009)</title>
    <meta>
        <content>movie</content>
        <imdb>tt1220213</imdb>
        <title>Grace</title>
        <year>III 2009</year>
    </meta>
    <link>
        <sublink>search</sublink>
        <sublink>searchsd</sublink>
    </link>
    <thumbnail>https://image.tmdb.org/t/p/w1280none</thumbnail>
    <fanart>https://image.tmdb.org/t/p/w1280none</fanart>
</item>
<item>
    <title>The Unborn (1991)</title>
    <meta>
        <content>movie</content>
        <imdb>tt0103157</imdb>
        <title>The Unborn</title>
        <year>1991</year>
    </meta>
    <link>
        <sublink>search</sublink>
        <sublink>searchsd</sublink>
    </link>
    <thumbnail>https://image.tmdb.org/t/p/w1280none</thumbnail>
    <fanart>https://image.tmdb.org/t/p/w1280none</fanart>
</item>
<item>
    <title>The Unborn II (1994)</title>
    <meta>
        <content>movie</content>
        <imdb>tt0111547</imdb>
        <title>The Unborn II</title>
        <year>1994</year>
    </meta>
    <link>
        <sublink>search</sublink>
        <sublink>searchsd</sublink>
    </link>
    <thumbnail>https://image.tmdb.org/t/p/w1280/gE8Z8SppMQrcqWYtVahhXEHlcbd.jpg</thumbnail>
    <fanart>https://image.tmdb.org/t/p/w1280/3RCsAG9u0UJHXKIoWDP6CggDvol.jpg</fanart>
</item>
<item>
    <title>The Suckling (1990)</title>
    <meta>
        <content>movie</content>
        <imdb>tt0140581</imdb>
        <title>The Suckling</title>
        <year>1990</year>
    </meta>
    <link>
        <sublink>search</sublink>
        <sublink>searchsd</sublink>
    </link>
    <thumbnail>https://image.tmdb.org/t/p/w1280/4qBK0cdFmYAZJiaduzuQlmaqWIO.jpg</thumbnail>
    <fanart>https://image.tmdb.org/t/p/w1280/44RAQbjqaOgYs6WojutUZbzIM4L.jpg</fanart>
</item>
<item>
    <title>Hide and Seek (2005)</title>
    <meta>
        <content>movie</content>
        <imdb>tt0382077</imdb>
        <title>Hide and Seek</title>
        <year>2005</year>
    </meta>
    <link>
        <sublink>search</sublink>
        <sublink>searchsd</sublink>
    </link>
    <thumbnail>https://image.tmdb.org/t/p/w1280/g8qIjDUzru1c0reqca7dJ6cmte8.jpg</thumbnail>
    <fanart>https://image.tmdb.org/t/p/w1280/gGFDS4JxyhftFR6fIqgRfQ31TYr.jpg</fanart>
</item>
<item>
    <title>Firestarter (1984)</title>
    <meta>
        <content>movie</content>
        <imdb>tt0087262</imdb>
        <title>Firestarter</title>
        <year>1984</year>
    </meta>
    <link>
        <sublink>search</sublink>
        <sublink>searchsd</sublink>
    </link>
    <thumbnail>https://image.tmdb.org/t/p/w1280/2ux5lqNuibd8eOkwwUhzfzAJBqD.jpg</thumbnail>
    <fanart>https://image.tmdb.org/t/p/w1280/uPZTWjzFC1GeYDVaaqPKZgoBWgl.jpg</fanart>
</item>
<item>
    <title>The Girl Next Door (2007)</title>
    <meta>
        <content>movie</content>
        <imdb>tt0830558</imdb>
        <title>The Girl Next Door</title>
        <year>2007</year>
    </meta>
    <link>
        <sublink>search</sublink>
        <sublink>searchsd</sublink>
    </link>
    <thumbnail>https://image.tmdb.org/t/p/w1280/cJnTIvxS5ZMZGXRTeEgNUz4fyrT.jpg</thumbnail>
    <fanart>https://image.tmdb.org/t/p/w1280/u4ojeMIOYBTWyI32L9vIikKQUXX.jpg</fanart>
</item>
<item>
    <title>An American Crime (2007)</title>
    <meta>
        <content>movie</content>
        <imdb>tt0802948</imdb>
        <title>An American Crime</title>
        <year>2007</year>
    </meta>
    <link>
        <sublink>search</sublink>
        <sublink>searchsd</sublink>
    </link>
    <thumbnail>https://image.tmdb.org/t/p/w1280/62kJ9k0NtRV2QMvZAhl3jdTbnaK.jpg</thumbnail>
    <fanart>https://image.tmdb.org/t/p/w1280/cE7Z7hCqDWoO8a9rhQjfIItpeT1.jpg</fanart>
</item>
<item>
    <title>Demonic Toys (1992 Video)</title>
    <meta>
        <content>movie</content>
        <imdb>tt0104083</imdb>
        <title>Demonic Toys</title>
        <year>1992 Video</year>
    </meta>
    <link>
        <sublink>search</sublink>
        <sublink>searchsd</sublink>
    </link>
    <thumbnail>https://image.tmdb.org/t/p/w1280/g4L0SDFT0AeJGNKlq1CTOC8NBk8.jpg</thumbnail>
    <fanart>https://image.tmdb.org/t/p/w1280/z4eWlwR4sSIwm04zw0ugGBRgDnM.jpg</fanart>
</item>
<item>
    <title>Twilight Zone: The Movie (1983)</title>
    <meta>
        <content>movie</content>
        <imdb>tt0086491</imdb>
        <title>Twilight Zone: The Movie</title>
        <year>1983</year>
    </meta>
    <link>
        <sublink>search</sublink>
        <sublink>searchsd</sublink>
    </link>
    <thumbnail>https://image.tmdb.org/t/p/w1280/hLcKs6evdDddVrvbYUCZ9vtKWfT.jpg</thumbnail>
    <fanart>https://image.tmdb.org/t/p/w1280/1WxlDXWHnVaVLiveVotUPdbAwjJ.jpg</fanart>
</item>
<item>
    <title>From a Whisper to a Scream (1987)</title>
    <meta>
        <content>movie</content>
        <imdb>tt0091671</imdb>
        <title>From a Whisper to a Scream</title>
        <year>1987</year>
    </meta>
    <link>
        <sublink>search</sublink>
        <sublink>searchsd</sublink>
    </link>
    <thumbnail>https://image.tmdb.org/t/p/w1280/gIjs3NqwLDG0YALRgCAHpsfS1dE.jpg</thumbnail>
    <fanart>https://image.tmdb.org/t/p/w1280/bCFRWBuv1jo9CphplaAwxQXWjt4.jpg</fanart>
</item>
<item>
    <title>Home Movie (II) (2008)</title>
    <meta>
        <content>movie</content>
        <imdb>tt1267319</imdb>
        <title>Home Movie</title>
        <year>II 2008</year>
    </meta>
    <link>
        <sublink>search</sublink>
        <sublink>searchsd</sublink>
    </link>
    <thumbnail>https://image.tmdb.org/t/p/w1280/f1VXcuxYnv4XY1utzFHY4p2BATO.jpg</thumbnail>
    <fanart>https://image.tmdb.org/t/p/w1280/3Oavssw2k2THjPCwjJswjhwOFq9.jpg</fanart>
</item>
<item>
    <title>Sinister (I) (2012)</title>
    <meta>
        <content>movie</content>
        <imdb>tt1922777</imdb>
        <title>Sinister</title>
        <year>I 2012</year>
    </meta>
    <link>
        <sublink>search</sublink>
        <sublink>searchsd</sublink>
    </link>
    <thumbnail>https://image.tmdb.org/t/p/w1280/hrRYY7FcRc46Ue7h9jcKiW1xqJ3.jpg</thumbnail>
    <fanart>https://image.tmdb.org/t/p/w1280/f8jTjoxYCPi7SSsBc4p4pmadxoT.jpg</fanart>
</item>
<item>
    <title>Sinister 2 (2015)</title>
    <meta>
        <content>movie</content>
        <imdb>tt2752772</imdb>
        <title>Sinister 2</title>
        <year>2015</year>
    </meta>
    <link>
        <sublink>search</sublink>
        <sublink>searchsd</sublink>
    </link>
    <thumbnail>https://image.tmdb.org/t/p/w1280/AeJYo2wLVL6NpkHxpWIptGbQD0N.jpg</thumbnail>
    <fanart>https://image.tmdb.org/t/p/w1280/n4oKG6cuQ5JP12BRAmT5t9dk14t.jpg</fanart>
</item>
<item>
    <title>Mockingbird (2014)</title>
    <meta>
        <content>movie</content>
        <imdb>tt2125685</imdb>
        <title>Mockingbird</title>
        <year>2014</year>
    </meta>
    <link>
        <sublink>search</sublink>
        <sublink>searchsd</sublink>
    </link>
    <thumbnail>https://image.tmdb.org/t/p/w1280/yk2GfdfnBkEgcQOsKJ9UnLegVnV.jpg</thumbnail>
    <fanart>https://image.tmdb.org/t/p/w1280/jpJc74uxnMFYHuQmAJAuMD2xXFu.jpg</fanart>
</item>
