<trepidation>
    <kindsofhorror>
        <plugin>
            <title>Behind the Horror Scenes</title>
            <link>plugin://plugin.video.youtube/playlist/PLO6BFV6fgGwu2laifu8eaIoBlQFqXVTlg/</link>
            <thumbnail>https://i.ytimg.com/vi/X-7le3KWU0Y/sddefault.jpg</thumbnail>
        </plugin>

        <plugin>
            <title>Calgary Horror Con Interviews 2016</title>
            <link>plugin://plugin.video.youtube/playlist/PLO6BFV6fgGwvVE0CKzsteBWlsUdW23nNH/</link>
            <thumbnail>https://i.ytimg.com/vi/SjRoP_N7k1o/sddefault.jpg</thumbnail>
        </plugin>

        <plugin>
            <title>Horror Cons and Festivals</title>
            <link>plugin://plugin.video.youtube/playlist/PLO6BFV6fgGwtxPRxNleLk6lAaO1SW_4iO/</link>
            <thumbnail>https://i.ytimg.com/vi/2a8HDtO4-ok/sddefault.jpg</thumbnail>
        </plugin>

        <plugin>
            <title>Horror News Update</title>
            <link>plugin://plugin.video.youtube/playlist/PLO6BFV6fgGwtpzNNwb80UiixNZ7idVoc2/</link>
            <thumbnail>https://i.ytimg.com/vi/0Ziu64MOhK0/sddefault.jpg</thumbnail>
        </plugin>

        <plugin>
            <title>Horror Reviews</title>
            <link>plugin://plugin.video.youtube/playlist/PLO6BFV6fgGwuEAVkVBpjMGgkC4r5aRXNI/</link>
            <thumbnail>https://i.ytimg.com/vi/WRpNR5KDVB8/sddefault.jpg</thumbnail>
        </plugin>

        <plugin>
            <title>Interviews</title>
            <link>plugin://plugin.video.youtube/playlist/PLO6BFV6fgGwsvBNUDxWP1PwuqxBSOysHU/</link>
            <thumbnail>https://i.ytimg.com/vi/-4yRXrEFAbo/sddefault.jpg</thumbnail>
        </plugin>

        <plugin>
            <title>Trailers</title>
            <link>plugin://plugin.video.youtube/playlist/PLO6BFV6fgGwtHaaTo_pS8xukPYA-m5ipy/</link>
            <thumbnail>https://i.ytimg.com/vi/AaxGeavgCL4/sddefault.jpg</thumbnail>
        </plugin>

        <plugin>
            <title>Cult Classics</title>
            <link>plugin://plugin.video.youtube/playlist/PLO6BFV6fgGwsnq-D4Ywepm4Iqo_0H1ZAt/</link>
            <thumbnail>https://i.ytimg.com/vi/5RcG9qjOaDI/sddefault.jpg</thumbnail>
        </plugin>

        <plugin>
            <title>Dare to Watch Alone?</title>
            <link>plugin://plugin.video.youtube/playlist/PLO6BFV6fgGwsXzscs3vcpATV5Wsalp0oy/</link>
            <thumbnail>https://i.ytimg.com/vi/2euioVV9kuQ/sddefault.jpg</thumbnail>
        </plugin>

        <plugin>
            <title>Dark Romance</title>
            <link>plugin://plugin.video.youtube/playlist/PLO6BFV6fgGwspEfRwWxHZC5a736twIMXE/</link>
            <thumbnail>https://i.ytimg.com/vi/P0CJ8wLP9OE/sddefault.jpg</thumbnail>
        </plugin>

        <plugin>
            <title>Editor's Horror Choice</title>
            <link>plugin://plugin.video.youtube/playlist/PLO6BFV6fgGwvuR_oqYudc_CoKAJTjUSjn/</link>
            <thumbnail>https://i.ytimg.com/vi/j7mtWm-qUss/sddefault.jpg</thumbnail>
        </plugin>

        <plugin>
            <title>Fatal Females</title>
            <link>plugin://plugin.video.youtube/playlist/PLO6BFV6fgGwsCbMtv5qv8bNLl4NHCHE8m/</link>
            <thumbnail>https://i.ytimg.com/vi/PXrpuiBzB2E/sddefault.jpg</thumbnail>
        </plugin>

        <plugin>
            <title>Gore Horrors</title>
            <link>plugin://plugin.video.youtube/playlist/PLO6BFV6fgGwv6QHEwFCWr_DKwqqlDBKhH/</link>
            <thumbnail>https://i.ytimg.com/vi/Yr2zoctiu4c/default.jpg</thumbnail>
        </plugin>

        <plugin>
            <title>Gravebit | Horror Series</title>
            <link>plugin://plugin.video.youtube/playlist/PLO6BFV6fgGws4m6K4ZEsikS2pmv_IloNe/</link>
            <thumbnail>https://i.ytimg.com/vi/yLqwLaPxqaA/sddefault.jpg</thumbnail>
        </plugin>

        <plugin>
            <title>Horror Anthologies and Twisted Tales</title>
            <link>plugin://plugin.video.youtube/playlist/PLO6BFV6fgGwsce7oYxrAfSXfRpTGC3a0H/</link>
            <thumbnail>https://i.ytimg.com/vi/syH7lAtOK9E/sddefault.jpg</thumbnail>
        </plugin>

        <plugin>
            <title>Horror Comedies</title>
            <link>plugin://plugin.video.youtube/playlist/PLO6BFV6fgGwvMCyJ4mWa3GMZtbaeORUa0/</link>
            <thumbnail>https://i.ytimg.com/vi/8TfF3RUiEnE/sddefault.jpg</thumbnail>
        </plugin>

        <plugin>
            <title>Kings of Horror</title>
            <link>plugin://plugin.video.youtube/playlist/PLO6BFV6fgGwsNDwp_7Ex8k4CLvsoVb1Xi/</link>
            <thumbnail>https://i.ytimg.com/vi/3OVN887_66A/sddefault.jpg</thumbnail>
        </plugin>

        <plugin>
            <title>Kings of Horror Favorites</title>
            <link>plugin://plugin.video.youtube/playlist/PLO6BFV6fgGwtvMQV7Ydd90ZM04mJj7slU/</link>
            <thumbnail>https://i.ytimg.com/vi/9Wu-P6phNaE/sddefault.jpg</thumbnail>
        </plugin>

        <plugin>
            <title>Monster Horrors</title>
            <link>plugin://plugin.video.youtube/playlist/PLO6BFV6fgGwtdn2Cit6wNTFjr4smKUfFp/</link>
            <thumbnail>https://i.ytimg.com/vi/8IhGFOB5YRg/sddefault.jpg</thumbnail>
        </plugin>

        <plugin>
            <title>Occult Horrors</title>
            <link>plugin://plugin.video.youtube/playlist/PLO6BFV6fgGwshi6dyglSREMxzpCsbI00W/</link>
            <thumbnail>https://i.ytimg.com/vi/Nvm20B8q43s/sddefault.jpg</thumbnail>
        </plugin>

        <plugin>
            <title>On the Edge of Your Seat</title>
            <link>plugin://plugin.video.youtube/playlist/PLO6BFV6fgGwvIjH7pG3Do9Bgd3E4xHMpP/</link>
            <thumbnail>https://i.ytimg.com/vi/BRDxdD0uiCQ/sddefault.jpg</thumbnail>
        </plugin>

        <plugin>
            <title>Paranormal</title>
            <link>plugin://plugin.video.youtube/playlist/PLO6BFV6fgGwt52dMGnLiUvezcI2Nl_UVR/</link>
            <thumbnail>https://i.ytimg.com/vi/wuDDAJMJwUk/sddefault.jpg</thumbnail>
        </plugin>

        <plugin>
            <title>Psychological Horrors</title>
            <link>plugin://plugin.video.youtube/playlist/PLO6BFV6fgGwt5yBHF-H-lODLRc0a_MLEf/</link>
            <thumbnail>https://i.ytimg.com/vi/Up9pa-GvD74/sddefault.jpg</thumbnail>
        </plugin>

        <plugin>
            <title>Serial Killer Horrors</title>
            <link>plugin://plugin.video.youtube/playlist/PLO6BFV6fgGwsed2wmznVdmd9MZ-yJqj_4/</link>
            <thumbnail>https://i.ytimg.com/vi/J-cYE_YJ4nM/sddefault.jpg</thumbnail>
        </plugin>

        <plugin>
            <title>Short Horrors</title>
            <link>plugin://plugin.video.youtube/playlist/PLO6BFV6fgGwsOm6nfsyLpu9yoCmcdPAPp/</link>
            <thumbnail>https://i.ytimg.com/vi/8ZisVUFQLcw/sddefault.jpg</thumbnail>
        </plugin>

        <plugin>
            <title>Slasher Horrors</title>
            <link>plugin://plugin.video.youtube/playlist/PLO6BFV6fgGwuJzBfz5NT3oKz5tMwzNXLv/</link>
            <thumbnail>https://i.ytimg.com/vi/RZGDRanRKSA/sddefault.jpg</thumbnail>
        </plugin>

        <plugin>
            <title>Survival Horrors</title>
            <link>plugin://plugin.video.youtube/playlist/PLO6BFV6fgGwsl1JbOyGBYvotKdma1Su0C/</link>
            <thumbnail>https://i.ytimg.com/vi/wuDDAJMJwUk/sddefault.jpg</thumbnail>
        </plugin>

        <plugin>
            <title>Ted V. Mikels Cult Classics</title>
            <link>plugin://plugin.video.youtube/playlist/PLO6BFV6fgGwt4b7SKNtEzrcRYHMVKeZJg/</link>
            <thumbnail>https://i.ytimg.com/vi/RM0qN0MsFPA/sddefault.jpg</thumbnail>
        </plugin>

        <plugin>
            <title>The Horror Show</title>
            <link>plugin://plugin.video.youtube/playlist/PLO6BFV6fgGwsjEag6NHfQhp3YOb6XoLoE/</link>
            <thumbnail>https://i.ytimg.com/vi/nxqNJ2mMsLM/sddefault.jpg</thumbnail>
        </plugin>

        <plugin>
            <title>Vampire Horrors</title>
            <link>plugin://plugin.video.youtube/playlist/PLO6BFV6fgGwuvAGNqT10_pRrtrLtb-ts-/</link>
            <thumbnail>https://i.ytimg.com/vi/mcHjQmW733I/sddefault.jpg</thumbnail>
        </plugin>

        <plugin>
            <title>Winners of the KOH Movie Awards</title>
            <link>plugin://plugin.video.youtube/playlist/PLO6BFV6fgGwum1y5e_hz85FiELhxOnGzM/</link>
            <thumbnail>https://i.ytimg.com/vi/IAoXcya_kTo/sddefault.jpg</thumbnail>
        </plugin>

        <plugin>
            <title>Zombie Horrors</title>
            <link>plugin://plugin.video.youtube/playlist/PLO6BFV6fgGwt5x5KOWp0dBF-2moeUAfXT/</link>
            <thumbnail>https://i.ytimg.com/vi/_2GStIYWaUY/sddefault.jpg</thumbnail>
        </plugin>
    </kindsofhorror>
</trepidation>